id,sender_phone,is_business,spam_report_count,about_text,is_verified_biz,body,spoofed_sender,label
phish-0418,923000000000.0,1.0,157.0,Lucky Draw Verification,0.0,"You won Rs.50,000! Claim here http://reward.xyz",attacker@threat-mail.xyz,phishing
phish-0431,923000000000.0,1.0,132.0,Lucky Draw Verification,0.0,"You won Rs.50,000! Claim here http://reward.xyz",attacker@threat-mail.xyz,phishing
phish-0445,923000000000.0,1.0,198.0,Bank Helpdesk,0.0,Your account is locked. Verify now at http://secure-login.com,attacker@threat-mail.xyz,phishing
phish-0448,923000000000.0,1.0,57.0,BISP Rewards Officer,0.0,"You won Rs.50,000! Claim here http://reward.xyz",attacker@threat-mail.xyz,phishing
phish-0459,923000000000.0,0.0,199.0,Bank Helpdesk,0.0,Your account is locked. Verify now at http://secure-login.com,attacker@threat-mail.xyz,phishing
phish-0464,923000000000.0,1.0,102.0,Lucky Draw Verification,0.0,"You won Rs.50,000! Claim here http://reward.xyz",attacker@threat-mail.xyz,phishing
phish-0472,923000000000.0,0.0,180.0,Urgent Account Support,0.0,"You won Rs.50,000! Claim here http://reward.xyz",attacker@threat-mail.xyz,phishing
phish-0478,923000000000.0,1.0,193.0,Bank Helpdesk,0.0,Your account is locked. Verify now at http://secure-login.com,attacker@threat-mail.xyz,phishing
phish-0481,923000000000.0,0.0,191.0,Urgent Account Support,0.0,Your account is locked. Verify now at http://secure-login.com,attacker@threat-mail.xyz,phishing
phish-0499,923000000000.0,1.0,191.0,Urgent Account Support,0.0,"You won Rs.50,000! Claim here http://reward.xyz",attacker@threat-mail.xyz,phishing
phish-0019,923000000000.0,1.0,146.0,BISP Rewards Officer,0.0,"You won Rs.50,000! Claim here http://reward.xyz",attacker@threat-mail.xyz,phishing
phish-0034,923000000000.0,1.0,60.0,BISP Rewards Officer,0.0,"You won Rs.50,000! Claim here http://reward.xyz",attacker@threat-mail.xyz,phishing
phish-0039,923000000000.0,0.0,121.0,Lucky Draw Verification,0.0,Your account is locked. Verify now at http://secure-login.com,attacker@threat-mail.xyz,phishing
phish-0040,923000000000.0,1.0,195.0,BISP Rewards Officer,0.0,"You won Rs.50,000! Claim here http://reward.xyz",attacker@threat-mail.xyz,phishing
phish-0047,923000000000.0,1.0,141.0,BISP Rewards Officer,0.0,Your account is locked. Verify now at http://secure-login.com,attacker@threat-mail.xyz,phishing
phish-0065,923000000000.0,1.0,91.0,Urgent Account Support,0.0,Your account is locked. Verify now at http://secure-login.com,attacker@threat-mail.xyz,phishing
phish-0079,923000000000.0,1.0,60.0,Urgent Account Support,0.0,"You won Rs.50,000! Claim here http://reward.xyz",attacker@threat-mail.xyz,phishing
phish-0081,923000000000.0,0.0,89.0,Bank Helpdesk,0.0,"You won Rs.50,000! Claim here http://reward.xyz",attacker@threat-mail.xyz,phishing
phish-0084,923000000000.0,0.0,97.0,BISP Rewards Officer,0.0,Your account is locked. Verify now at http://secure-login.com,attacker@threat-mail.xyz,phishing
phish-0116,923000000000.0,1.0,193.0,BISP Rewards Officer,0.0,"You won Rs.50,000! Claim here http://reward.xyz",attacker@threat-mail.xyz,phishing
phish-0121,923000000000.0,1.0,178.0,Urgent Account Support,0.0,Your account is locked. Verify now at http://secure-login.com,attacker@threat-mail.xyz,phishing
phish-0135,923000000000.0,1.0,152.0,Lucky Draw Verification,0.0,"You won Rs.50,000! Claim here http://reward.xyz",attacker@threat-mail.xyz,phishing
phish-0150,923000000000.0,1.0,95.0,BISP Rewards Officer,0.0,Your account is locked. Verify now at http://secure-login.com,attacker@threat-mail.xyz,phishing
phish-0187,923000000000.0,0.0,154.0,Urgent Account Support,0.0,Your account is locked. Verify now at http://secure-login.com,attacker@threat-mail.xyz,phishing
phish-0192,923000000000.0,1.0,162.0,Urgent Account Support,0.0,"You won Rs.50,000! Claim here http://reward.xyz",attacker@threat-mail.xyz,phishing
phish-0210,923000000000.0,1.0,82.0,Lucky Draw Verification,0.0,Your account is locked. Verify now at http://secure-login.com,attacker@threat-mail.xyz,phishing
phish-0218,923000000000.0,1.0,175.0,Bank Helpdesk,0.0,Your account is locked. Verify now at http://secure-login.com,attacker@threat-mail.xyz,phishing
phish-0220,923000000000.0,1.0,141.0,BISP Rewards Officer,0.0,Your account is locked. Verify now at http://secure-login.com,attacker@threat-mail.xyz,phishing
phish-0236,923000000000.0,1.0,73.0,Urgent Account Support,0.0,"You won Rs.50,000! Claim here http://reward.xyz",attacker@threat-mail.xyz,phishing
phish-0254,923000000000.0,1.0,85.0,Bank Helpdesk,0.0,"You won Rs.50,000! Claim here http://reward.xyz",attacker@threat-mail.xyz,phishing
phish-0269,923000000000.0,1.0,46.0,BISP Rewards Officer,0.0,Your account is locked. Verify now at http://secure-login.com,attacker@threat-mail.xyz,phishing
phish-0317,923000000000.0,0.0,169.0,BISP Rewards Officer,0.0,"You won Rs.50,000! Claim here http://reward.xyz",attacker@threat-mail.xyz,phishing
phish-0321,923000000000.0,1.0,172.0,BISP Rewards Officer,0.0,Your account is locked. Verify now at http://secure-login.com,attacker@threat-mail.xyz,phishing
phish-0322,923000000000.0,1.0,131.0,Lucky Draw Verification,0.0,Your account is locked. Verify now at http://secure-login.com,attacker@threat-mail.xyz,phishing
phish-0344,923000000000.0,0.0,116.0,BISP Rewards Officer,0.0,Your account is locked. Verify now at http://secure-login.com,attacker@threat-mail.xyz,phishing
phish-0359,923000000000.0,1.0,155.0,Bank Helpdesk,0.0,Your account is locked. Verify now at http://secure-login.com,attacker@threat-mail.xyz,phishing
phish-0404,923000000000.0,0.0,86.0,Urgent Account Support,0.0,Your account is locked. Verify now at http://secure-login.com,attacker@threat-mail.xyz,phishing
phish-0424,923000000000.0,0.0,106.0,Lucky Draw Verification,0.0,Your account is locked. Verify now at http://secure-login.com,attacker@threat-mail.xyz,phishing
phish-0432,923000000000.0,0.0,67.0,Bank Helpdesk,0.0,"You won Rs.50,000! Claim here http://reward.xyz",attacker@threat-mail.xyz,phishing
phish-0014,923000000000.0,1.0,181.0,Bank Helpdesk,0.0,Your account is locked. Verify now at http://secure-login.com,attacker@threat-mail.xyz,phishing
phish-0029,923000000000.0,0.0,122.0,BISP Rewards Officer,0.0,"You won Rs.50,000! Claim here http://reward.xyz",attacker@threat-mail.xyz,phishing
phish-0032,923000000000.0,0.0,182.0,Bank Helpdesk,0.0,"You won Rs.50,000! Claim here http://reward.xyz",attacker@threat-mail.xyz,phishing
phish-0077,923000000000.0,0.0,189.0,Urgent Account Support,0.0,"You won Rs.50,000! Claim here http://reward.xyz",attacker@threat-mail.xyz,phishing
phish-0087,923000000000.0,0.0,138.0,BISP Rewards Officer,0.0,Your account is locked. Verify now at http://secure-login.com,attacker@threat-mail.xyz,phishing
phish-0111,923000000000.0,1.0,82.0,Urgent Account Support,0.0,Your account is locked. Verify now at http://secure-login.com,attacker@threat-mail.xyz,phishing
phish-0125,923000000000.0,1.0,66.0,BISP Rewards Officer,0.0,Your account is locked. Verify now at http://secure-login.com,attacker@threat-mail.xyz,phishing
phish-0129,923000000000.0,1.0,188.0,Urgent Account Support,0.0,Your account is locked. Verify now at http://secure-login.com,attacker@threat-mail.xyz,phishing
phish-0143,923000000000.0,1.0,123.0,Lucky Draw Verification,0.0,Your account is locked. Verify now at http://secure-login.com,attacker@threat-mail.xyz,phishing
phish-0151,923000000000.0,0.0,80.0,Bank Helpdesk,0.0,"You won Rs.50,000! Claim here http://reward.xyz",attacker@threat-mail.xyz,phishing
phish-0163,923000000000.0,0.0,71.0,Urgent Account Support,0.0,"You won Rs.50,000! Claim here http://reward.xyz",attacker@threat-mail.xyz,phishing
phish-0174,923000000000.0,0.0,130.0,BISP Rewards Officer,0.0,"You won Rs.50,000! Claim here http://reward.xyz",attacker@threat-mail.xyz,phishing
phish-0186,923000000000.0,1.0,122.0,Urgent Account Support,0.0,Your account is locked. Verify now at http://secure-login.com,attacker@threat-mail.xyz,phishing
phish-0202,923000000000.0,1.0,140.0,Urgent Account Support,0.0,Your account is locked. Verify now at http://secure-login.com,attacker@threat-mail.xyz,phishing
phish-0208,923000000000.0,1.0,93.0,Lucky Draw Verification,0.0,Your account is locked. Verify now at http://secure-login.com,attacker@threat-mail.xyz,phishing
phish-0241,923000000000.0,1.0,112.0,Urgent Account Support,0.0,"You won Rs.50,000! Claim here http://reward.xyz",attacker@threat-mail.xyz,phishing
phish-0245,923000000000.0,1.0,55.0,BISP Rewards Officer,0.0,"You won Rs.50,000! Claim here http://reward.xyz",attacker@threat-mail.xyz,phishing
phish-0258,923000000000.0,1.0,184.0,BISP Rewards Officer,0.0,Your account is locked. Verify now at http://secure-login.com,attacker@threat-mail.xyz,phishing
phish-0286,923000000000.0,1.0,106.0,Lucky Draw Verification,0.0,Your account is locked. Verify now at http://secure-login.com,attacker@threat-mail.xyz,phishing
phish-0314,923000000000.0,1.0,116.0,Urgent Account Support,0.0,Your account is locked. Verify now at http://secure-login.com,attacker@threat-mail.xyz,phishing
phish-0323,923000000000.0,0.0,52.0,Bank Helpdesk,0.0,Your account is locked. Verify now at http://secure-login.com,attacker@threat-mail.xyz,phishing
phish-0325,923000000000.0,0.0,67.0,Urgent Account Support,0.0,Your account is locked. Verify now at http://secure-login.com,attacker@threat-mail.xyz,phishing
phish-0340,923000000000.0,0.0,195.0,Bank Helpdesk,0.0,Your account is locked. Verify now at http://secure-login.com,attacker@threat-mail.xyz,phishing
phish-0348,923000000000.0,0.0,193.0,Urgent Account Support,0.0,"You won Rs.50,000! Claim here http://reward.xyz",attacker@threat-mail.xyz,phishing
phish-0353,923000000000.0,0.0,132.0,Urgent Account Support,0.0,Your account is locked. Verify now at http://secure-login.com,attacker@threat-mail.xyz,phishing
phish-0366,923000000000.0,1.0,109.0,Bank Helpdesk,0.0,Your account is locked. Verify now at http://secure-login.com,attacker@threat-mail.xyz,phishing
phish-0400,923000000000.0,1.0,56.0,BISP Rewards Officer,0.0,"You won Rs.50,000! Claim here http://reward.xyz",attacker@threat-mail.xyz,phishing
phish-0410,923000000000.0,1.0,113.0,BISP Rewards Officer,0.0,Your account is locked. Verify now at http://secure-login.com,attacker@threat-mail.xyz,phishing
phish-0411,923000000000.0,0.0,181.0,BISP Rewards Officer,0.0,"You won Rs.50,000! Claim here http://reward.xyz",attacker@threat-mail.xyz,phishing
phish-0420,923000000000.0,0.0,160.0,Lucky Draw Verification,0.0,Your account is locked. Verify now at http://secure-login.com,attacker@threat-mail.xyz,phishing
phish-0428,923000000000.0,0.0,57.0,BISP Rewards Officer,0.0,"You won Rs.50,000! Claim here http://reward.xyz",attacker@threat-mail.xyz,phishing
phish-0430,923000000000.0,1.0,88.0,Urgent Account Support,0.0,"You won Rs.50,000! Claim here http://reward.xyz",attacker@threat-mail.xyz,phishing
phish-0450,923000000000.0,0.0,186.0,BISP Rewards Officer,0.0,"You won Rs.50,000! Claim here http://reward.xyz",attacker@threat-mail.xyz,phishing
phish-0016,923000000000.0,0.0,157.0,Urgent Account Support,0.0,Your account is locked. Verify now at http://secure-login.com,attacker@threat-mail.xyz,phishing
phish-0057,923000000000.0,0.0,162.0,Lucky Draw Verification,0.0,"You won Rs.50,000! Claim here http://reward.xyz",attacker@threat-mail.xyz,phishing
phish-0059,923000000000.0,0.0,195.0,Urgent Account Support,0.0,"You won Rs.50,000! Claim here http://reward.xyz",attacker@threat-mail.xyz,phishing
phish-0069,923000000000.0,0.0,73.0,BISP Rewards Officer,0.0,Your account is locked. Verify now at http://secure-login.com,attacker@threat-mail.xyz,phishing
phish-0099,923000000000.0,0.0,151.0,BISP Rewards Officer,0.0,Your account is locked. Verify now at http://secure-login.com,attacker@threat-mail.xyz,phishing
phish-0137,923000000000.0,0.0,126.0,Lucky Draw Verification,0.0,"You won Rs.50,000! Claim here http://reward.xyz",attacker@threat-mail.xyz,phishing
phish-0152,923000000000.0,1.0,200.0,BISP Rewards Officer,0.0,"You won Rs.50,000! Claim here http://reward.xyz",attacker@threat-mail.xyz,phishing
phish-0252,923000000000.0,0.0,131.0,BISP Rewards Officer,0.0,"You won Rs.50,000! Claim here http://reward.xyz",attacker@threat-mail.xyz,phishing
phish-0257,923000000000.0,0.0,93.0,Bank Helpdesk,0.0,Your account is locked. Verify now at http://secure-login.com,attacker@threat-mail.xyz,phishing
phish-0280,923000000000.0,0.0,95.0,Lucky Draw Verification,0.0,Your account is locked. Verify now at http://secure-login.com,attacker@threat-mail.xyz,phishing
phish-0311,923000000000.0,1.0,194.0,Lucky Draw Verification,0.0,"You won Rs.50,000! Claim here http://reward.xyz",attacker@threat-mail.xyz,phishing
phish-0318,923000000000.0,0.0,158.0,BISP Rewards Officer,0.0,Your account is locked. Verify now at http://secure-login.com,attacker@threat-mail.xyz,phishing
phish-0334,923000000000.0,0.0,104.0,Lucky Draw Verification,0.0,"You won Rs.50,000! Claim here http://reward.xyz",attacker@threat-mail.xyz,phishing
phish-0342,923000000000.0,1.0,151.0,Lucky Draw Verification,0.0,"You won Rs.50,000! Claim here http://reward.xyz",attacker@threat-mail.xyz,phishing
phish-0360,923000000000.0,0.0,117.0,Urgent Account Support,0.0,"You won Rs.50,000! Claim here http://reward.xyz",attacker@threat-mail.xyz,phishing
phish-0371,923000000000.0,0.0,59.0,BISP Rewards Officer,0.0,Your account is locked. Verify now at http://secure-login.com,attacker@threat-mail.xyz,phishing
phish-0408,923000000000.0,1.0,125.0,Bank Helpdesk,0.0,"You won Rs.50,000! Claim here http://reward.xyz",attacker@threat-mail.xyz,phishing
phish-0409,923000000000.0,0.0,80.0,Urgent Account Support,0.0,Your account is locked. Verify now at http://secure-login.com,attacker@threat-mail.xyz,phishing
phish-0427,923000000000.0,0.0,139.0,Bank Helpdesk,0.0,Your account is locked. Verify now at http://secure-login.com,attacker@threat-mail.xyz,phishing
phish-0436,923000000000.0,0.0,140.0,Bank Helpdesk,0.0,"You won Rs.50,000! Claim here http://reward.xyz",attacker@threat-mail.xyz,phishing
phish-0440,923000000000.0,1.0,163.0,Bank Helpdesk,0.0,Your account is locked. Verify now at http://secure-login.com,attacker@threat-mail.xyz,phishing
phish-0446,923000000000.0,1.0,154.0,Bank Helpdesk,0.0,Your account is locked. Verify now at http://secure-login.com,attacker@threat-mail.xyz,phishing
phish-0447,923000000000.0,0.0,48.0,Bank Helpdesk,0.0,Your account is locked. Verify now at http://secure-login.com,attacker@threat-mail.xyz,phishing
phish-0477,923000000000.0,0.0,88.0,Urgent Account Support,0.0,Your account is locked. Verify now at http://secure-login.com,attacker@threat-mail.xyz,phishing
phish-0494,923000000000.0,1.0,153.0,BISP Rewards Officer,0.0,"You won Rs.50,000! Claim here http://reward.xyz",attacker@threat-mail.xyz,phishing
phish-0495,923000000000.0,0.0,110.0,Urgent Account Support,0.0,"You won Rs.50,000! Claim here http://reward.xyz",attacker@threat-mail.xyz,phishing
phish-0504,923000000000.0,1.0,0.0,Busy,1.0,"Hey, check the lab assignment details on the portal.",trusted@domain.edu.pk,safe
phish-0530,923000000000.0,0.0,3.0,Hey there! I am using WhatsApp.,0.0,"Hey, check the lab assignment details on the portal.",trusted@domain.edu.pk,safe
phish-0562,923000000000.0,1.0,2.0,At work,1.0,Are you coming to the university tomorrow?,trusted@domain.edu.pk,safe
phish-0566,923000000000.0,0.0,3.0,Busy,0.0,"Hey, check the lab assignment details on the portal.",trusted@domain.edu.pk,safe
phish-0573,923000000000.0,1.0,3.0,Busy,1.0,"Hey, check the lab assignment details on the portal.",trusted@domain.edu.pk,safe
phish-0591,923000000000.0,1.0,3.0,At work,1.0,"Hey, check the lab assignment details on the portal.",trusted@domain.edu.pk,safe
phish-0594,923000000000.0,1.0,2.0,Available,1.0,Are you coming to the university tomorrow?,trusted@domain.edu.pk,safe
phish-0597,923000000000.0,0.0,0.0,Busy,0.0,"Hey, check the lab assignment details on the portal.",trusted@domain.edu.pk,safe
phish-0604,923000000000.0,0.0,1.0,Available,0.0,"Hey, check the lab assignment details on the portal.",trusted@domain.edu.pk,safe
phish-0642,923000000000.0,1.0,1.0,Available,1.0,Are you coming to the university tomorrow?,trusted@domain.edu.pk,safe
phish-0647,923000000000.0,1.0,2.0,At work,1.0,Are you coming to the university tomorrow?,trusted@domain.edu.pk,safe
phish-0697,923000000000.0,1.0,2.0,Busy,1.0,"Hey, check the lab assignment details on the portal.",trusted@domain.edu.pk,safe
phish-0737,923000000000.0,1.0,3.0,At work,1.0,"Hey, check the lab assignment details on the portal.",trusted@domain.edu.pk,safe
phish-0767,923000000000.0,0.0,2.0,Available,0.0,"Hey, check the lab assignment details on the portal.",trusted@domain.edu.pk,safe
phish-0779,923000000000.0,0.0,1.0,At work,0.0,Are you coming to the university tomorrow?,trusted@domain.edu.pk,safe
phish-0787,923000000000.0,1.0,3.0,Busy,1.0,"Hey, check the lab assignment details on the portal.",trusted@domain.edu.pk,safe
phish-0793,923000000000.0,0.0,3.0,Hey there! I am using WhatsApp.,0.0,Are you coming to the university tomorrow?,trusted@domain.edu.pk,safe
phish-0808,923000000000.0,0.0,3.0,Hey there! I am using WhatsApp.,0.0,Are you coming to the university tomorrow?,trusted@domain.edu.pk,safe
phish-0810,923000000000.0,1.0,1.0,Available,1.0,Are you coming to the university tomorrow?,trusted@domain.edu.pk,safe
phish-0834,923000000000.0,0.0,1.0,Hey there! I am using WhatsApp.,0.0,Are you coming to the university tomorrow?,trusted@domain.edu.pk,safe
phish-0837,923000000000.0,0.0,1.0,At work,0.0,"Hey, check the lab assignment details on the portal.",trusted@domain.edu.pk,safe
phish-0866,923000000000.0,1.0,1.0,Busy,1.0,"Hey, check the lab assignment details on the portal.",trusted@domain.edu.pk,safe
phish-0875,923000000000.0,1.0,0.0,Available,1.0,"Hey, check the lab assignment details on the portal.",trusted@domain.edu.pk,safe
phish-0879,923000000000.0,1.0,1.0,At work,1.0,"Hey, check the lab assignment details on the portal.",trusted@domain.edu.pk,safe
phish-0917,923000000000.0,1.0,1.0,At work,1.0,"Hey, check the lab assignment details on the portal.",trusted@domain.edu.pk,safe
phish-0919,923000000000.0,1.0,2.0,At work,1.0,Are you coming to the university tomorrow?,trusted@domain.edu.pk,safe
phish-0930,923000000000.0,1.0,3.0,At work,1.0,"Hey, check the lab assignment details on the portal.",trusted@domain.edu.pk,safe
phish-0937,923000000000.0,1.0,3.0,Available,1.0,Are you coming to the university tomorrow?,trusted@domain.edu.pk,safe
phish-0946,923000000000.0,1.0,2.0,At work,1.0,"Hey, check the lab assignment details on the portal.",trusted@domain.edu.pk,safe
phish-0987,923000000000.0,1.0,1.0,At work,1.0,Are you coming to the university tomorrow?,trusted@domain.edu.pk,safe
phish-0502,923000000000.0,1.0,1.0,Available,1.0,Are you coming to the university tomorrow?,trusted@domain.edu.pk,safe
phish-0509,923000000000.0,1.0,2.0,At work,1.0,"Hey, check the lab assignment details on the portal.",trusted@domain.edu.pk,safe
phish-0526,923000000000.0,1.0,2.0,Hey there! I am using WhatsApp.,1.0,Are you coming to the university tomorrow?,trusted@domain.edu.pk,safe
phish-0538,923000000000.0,1.0,3.0,Hey there! I am using WhatsApp.,1.0,"Hey, check the lab assignment details on the portal.",trusted@domain.edu.pk,safe
phish-0547,923000000000.0,0.0,0.0,At work,0.0,Are you coming to the university tomorrow?,trusted@domain.edu.pk,safe
phish-0621,923000000000.0,0.0,0.0,Hey there! I am using WhatsApp.,0.0,"Hey, check the lab assignment details on the portal.",trusted@domain.edu.pk,safe
phish-0663,923000000000.0,0.0,1.0,Busy,0.0,"Hey, check the lab assignment details on the portal.",trusted@domain.edu.pk,safe
phish-0684,923000000000.0,0.0,0.0,Available,0.0,Are you coming to the university tomorrow?,trusted@domain.edu.pk,safe
phish-0712,923000000000.0,0.0,2.0,At work,0.0,Are you coming to the university tomorrow?,trusted@domain.edu.pk,safe
phish-0721,923000000000.0,0.0,3.0,Hey there! I am using WhatsApp.,0.0,Are you coming to the university tomorrow?,trusted@domain.edu.pk,safe
phish-0724,923000000000.0,0.0,3.0,Busy,0.0,"Hey, check the lab assignment details on the portal.",trusted@domain.edu.pk,safe
phish-0743,923000000000.0,1.0,2.0,Busy,1.0,Are you coming to the university tomorrow?,trusted@domain.edu.pk,safe
phish-0775,923000000000.0,0.0,0.0,Available,0.0,"Hey, check the lab assignment details on the portal.",trusted@domain.edu.pk,safe
phish-0785,923000000000.0,1.0,3.0,Available,1.0,Are you coming to the university tomorrow?,trusted@domain.edu.pk,safe
phish-0798,923000000000.0,0.0,1.0,Busy,0.0,"Hey, check the lab assignment details on the portal.",trusted@domain.edu.pk,safe
phish-0819,923000000000.0,1.0,0.0,Available,1.0,"Hey, check the lab assignment details on the portal.",trusted@domain.edu.pk,safe
phish-0835,923000000000.0,0.0,2.0,At work,0.0,"Hey, check the lab assignment details on the portal.",trusted@domain.edu.pk,safe
phish-0890,923000000000.0,1.0,1.0,Busy,1.0,"Hey, check the lab assignment details on the portal.",trusted@domain.edu.pk,safe
phish-0900,923000000000.0,1.0,2.0,Busy,1.0,Are you coming to the university tomorrow?,trusted@domain.edu.pk,safe
phish-0909,923000000000.0,0.0,0.0,Hey there! I am using WhatsApp.,0.0,"Hey, check the lab assignment details on the portal.",trusted@domain.edu.pk,safe
phish-0915,923000000000.0,0.0,2.0,Available,0.0,"Hey, check the lab assignment details on the portal.",trusted@domain.edu.pk,safe
phish-0935,923000000000.0,0.0,0.0,At work,0.0,"Hey, check the lab assignment details on the portal.",trusted@domain.edu.pk,safe
phish-0947,923000000000.0,0.0,3.0,Busy,0.0,Are you coming to the university tomorrow?,trusted@domain.edu.pk,safe
phish-0959,923000000000.0,0.0,3.0,Hey there! I am using WhatsApp.,0.0,"Hey, check the lab assignment details on the portal.",trusted@domain.edu.pk,safe
phish-0999,923000000000.0,1.0,1.0,At work,1.0,"Hey, check the lab assignment details on the portal.",trusted@domain.edu.pk,safe
phish-1000,923000000000.0,1.0,2.0,Available,1.0,Are you coming to the university tomorrow?,trusted@domain.edu.pk,safe
phish-0535,923000000000.0,0.0,1.0,At work,0.0,Are you coming to the university tomorrow?,trusted@domain.edu.pk,safe
phish-0569,923000000000.0,1.0,1.0,At work,1.0,Are you coming to the university tomorrow?,trusted@domain.edu.pk,safe
phish-0580,923000000000.0,0.0,0.0,Hey there! I am using WhatsApp.,0.0,Are you coming to the university tomorrow?,trusted@domain.edu.pk,safe
phish-0628,923000000000.0,0.0,1.0,Available,0.0,"Hey, check the lab assignment details on the portal.",trusted@domain.edu.pk,safe
phish-0631,923000000000.0,0.0,1.0,Hey there! I am using WhatsApp.,0.0,"Hey, check the lab assignment details on the portal.",trusted@domain.edu.pk,safe
phish-0702,923000000000.0,1.0,0.0,Hey there! I am using WhatsApp.,1.0,Are you coming to the university tomorrow?,trusted@domain.edu.pk,safe
phish-0708,923000000000.0,1.0,3.0,Busy,1.0,Are you coming to the university tomorrow?,trusted@domain.edu.pk,safe
phish-0715,923000000000.0,0.0,0.0,Hey there! I am using WhatsApp.,0.0,Are you coming to the university tomorrow?,trusted@domain.edu.pk,safe
phish-0754,923000000000.0,1.0,1.0,Available,1.0,Are you coming to the university tomorrow?,trusted@domain.edu.pk,safe
phish-0773,923000000000.0,0.0,3.0,At work,0.0,Are you coming to the university tomorrow?,trusted@domain.edu.pk,safe
phish-0790,923000000000.0,1.0,3.0,At work,1.0,Are you coming to the university tomorrow?,trusted@domain.edu.pk,safe
phish-0797,923000000000.0,0.0,1.0,Hey there! I am using WhatsApp.,0.0,Are you coming to the university tomorrow?,trusted@domain.edu.pk,safe
phish-0801,923000000000.0,0.0,3.0,Hey there! I am using WhatsApp.,0.0,Are you coming to the university tomorrow?,trusted@domain.edu.pk,safe
phish-0807,923000000000.0,0.0,0.0,At work,0.0,Are you coming to the university tomorrow?,trusted@domain.edu.pk,safe
phish-0813,923000000000.0,1.0,1.0,Available,1.0,"Hey, check the lab assignment details on the portal.",trusted@domain.edu.pk,safe
phish-0828,923000000000.0,0.0,2.0,Busy,0.0,"Hey, check the lab assignment details on the portal.",trusted@domain.edu.pk,safe
phish-0849,923000000000.0,1.0,0.0,Available,1.0,Are you coming to the university tomorrow?,trusted@domain.edu.pk,safe
phish-0856,923000000000.0,0.0,1.0,Busy,0.0,Are you coming to the university tomorrow?,trusted@domain.edu.pk,safe
phish-0858,923000000000.0,0.0,0.0,Busy,0.0,"Hey, check the lab assignment details on the portal.",trusted@domain.edu.pk,safe
phish-0865,923000000000.0,1.0,3.0,Available,1.0,Are you coming to the university tomorrow?,trusted@domain.edu.pk,safe
phish-0868,923000000000.0,0.0,0.0,At work,0.0,"Hey, check the lab assignment details on the portal.",trusted@domain.edu.pk,safe
phish-0872,923000000000.0,1.0,1.0,Available,1.0,"Hey, check the lab assignment details on the portal.",trusted@domain.edu.pk,safe
phish-0899,923000000000.0,0.0,0.0,Hey there! I am using WhatsApp.,0.0,"Hey, check the lab assignment details on the portal.",trusted@domain.edu.pk,safe
phish-0901,923000000000.0,0.0,3.0,Busy,0.0,"Hey, check the lab assignment details on the portal.",trusted@domain.edu.pk,safe
phish-0904,923000000000.0,0.0,2.0,Hey there! I am using WhatsApp.,0.0,"Hey, check the lab assignment details on the portal.",trusted@domain.edu.pk,safe
phish-0916,923000000000.0,1.0,1.0,At work,1.0,Are you coming to the university tomorrow?,trusted@domain.edu.pk,safe
phish-0926,923000000000.0,0.0,3.0,Available,0.0,Are you coming to the university tomorrow?,trusted@domain.edu.pk,safe
phish-0931,923000000000.0,1.0,2.0,Busy,1.0,Are you coming to the university tomorrow?,trusted@domain.edu.pk,safe
phish-0932,923000000000.0,1.0,3.0,Busy,1.0,"Hey, check the lab assignment details on the portal.",trusted@domain.edu.pk,safe
phish-0962,923000000000.0,1.0,3.0,Hey there! I am using WhatsApp.,1.0,"Hey, check the lab assignment details on the portal.",trusted@domain.edu.pk,safe
phish-0963,923000000000.0,1.0,1.0,Hey there! I am using WhatsApp.,1.0,"Hey, check the lab assignment details on the portal.",trusted@domain.edu.pk,safe
phish-0990,923000000000.0,0.0,3.0,Hey there! I am using WhatsApp.,0.0,Are you coming to the university tomorrow?,trusted@domain.edu.pk,safe
phish-0513,923000000000.0,0.0,3.0,Busy,0.0,"Hey, check the lab assignment details on the portal.",trusted@domain.edu.pk,safe
phish-0525,923000000000.0,0.0,0.0,At work,0.0,"Hey, check the lab assignment details on the portal.",trusted@domain.edu.pk,safe
phish-0528,923000000000.0,1.0,3.0,Busy,1.0,"Hey, check the lab assignment details on the portal.",trusted@domain.edu.pk,safe
phish-0556,923000000000.0,0.0,1.0,At work,0.0,"Hey, check the lab assignment details on the portal.",trusted@domain.edu.pk,safe
phish-0588,923000000000.0,0.0,0.0,Busy,0.0,Are you coming to the university tomorrow?,trusted@domain.edu.pk,safe
phish-0589,923000000000.0,0.0,0.0,At work,0.0,"Hey, check the lab assignment details on the portal.",trusted@domain.edu.pk,safe
phish-0592,923000000000.0,1.0,0.0,Busy,1.0,"Hey, check the lab assignment details on the portal.",trusted@domain.edu.pk,safe
phish-0619,923000000000.0,0.0,2.0,Available,0.0,Are you coming to the university tomorrow?,trusted@domain.edu.pk,safe
phish-0662,923000000000.0,1.0,3.0,Busy,1.0,"Hey, check the lab assignment details on the portal.",trusted@domain.edu.pk,safe
phish-0690,923000000000.0,0.0,2.0,Busy,0.0,Are you coming to the university tomorrow?,trusted@domain.edu.pk,safe
phish-0699,923000000000.0,1.0,2.0,Hey there! I am using WhatsApp.,1.0,Are you coming to the university tomorrow?,trusted@domain.edu.pk,safe
phish-0728,923000000000.0,1.0,0.0,At work,1.0,"Hey, check the lab assignment details on the portal.",trusted@domain.edu.pk,safe
phish-0766,923000000000.0,0.0,0.0,Hey there! I am using WhatsApp.,0.0,Are you coming to the university tomorrow?,trusted@domain.edu.pk,safe
phish-0781,923000000000.0,0.0,1.0,Hey there! I am using WhatsApp.,0.0,"Hey, check the lab assignment details on the portal.",trusted@domain.edu.pk,safe
phish-0788,923000000000.0,1.0,2.0,Available,1.0,Are you coming to the university tomorrow?,trusted@domain.edu.pk,safe
phish-0789,923000000000.0,0.0,0.0,At work,0.0,"Hey, check the lab assignment details on the portal.",trusted@domain.edu.pk,safe
phish-0804,923000000000.0,1.0,3.0,At work,1.0,Are you coming to the university tomorrow?,trusted@domain.edu.pk,safe
phish-0818,923000000000.0,1.0,3.0,Available,1.0,Are you coming to the university tomorrow?,trusted@domain.edu.pk,safe
phish-0845,923000000000.0,1.0,1.0,Busy,1.0,Are you coming to the university tomorrow?,trusted@domain.edu.pk,safe
phish-0853,923000000000.0,0.0,3.0,Available,0.0,"Hey, check the lab assignment details on the portal.",trusted@domain.edu.pk,safe
phish-0869,923000000000.0,1.0,3.0,Available,1.0,"Hey, check the lab assignment details on the portal.",trusted@domain.edu.pk,safe
phish-0874,923000000000.0,0.0,2.0,Hey there! I am using WhatsApp.,0.0,"Hey, check the lab assignment details on the portal.",trusted@domain.edu.pk,safe
phish-0906,923000000000.0,1.0,3.0,Busy,1.0,"Hey, check the lab assignment details on the portal.",trusted@domain.edu.pk,safe
phish-0950,923000000000.0,1.0,3.0,At work,1.0,Are you coming to the university tomorrow?,trusted@domain.edu.pk,safe
phish-0951,923000000000.0,1.0,3.0,Busy,1.0,"Hey, check the lab assignment details on the portal.",trusted@domain.edu.pk,safe
phish-0970,923000000000.0,0.0,3.0,Busy,0.0,"Hey, check the lab assignment details on the portal.",trusted@domain.edu.pk,safe
phish-0978,923000000000.0,0.0,2.0,Available,0.0,Are you coming to the university tomorrow?,trusted@domain.edu.pk,safe
phish-0501,923000000000.0,0.0,3.0,Hey there! I am using WhatsApp.,0.0,Are you coming to the university tomorrow?,trusted@domain.edu.pk,safe
phish-0508,923000000000.0,1.0,1.0,Busy,1.0,Are you coming to the university tomorrow?,trusted@domain.edu.pk,safe
phish-0522,923000000000.0,1.0,3.0,Hey there! I am using WhatsApp.,1.0,"Hey, check the lab assignment details on the portal.",trusted@domain.edu.pk,safe
phish-0554,923000000000.0,0.0,0.0,At work,0.0,Are you coming to the university tomorrow?,trusted@domain.edu.pk,safe
phish-0555,923000000000.0,0.0,1.0,Hey there! I am using WhatsApp.,0.0,"Hey, check the lab assignment details on the portal.",trusted@domain.edu.pk,safe
phish-0560,923000000000.0,0.0,1.0,At work,0.0,Are you coming to the university tomorrow?,trusted@domain.edu.pk,safe
phish-0577,923000000000.0,0.0,2.0,At work,0.0,"Hey, check the lab assignment details on the portal.",trusted@domain.edu.pk,safe
phish-0578,923000000000.0,0.0,2.0,At work,0.0,Are you coming to the university tomorrow?,trusted@domain.edu.pk,safe
phish-0585,923000000000.0,0.0,3.0,At work,0.0,Are you coming to the university tomorrow?,trusted@domain.edu.pk,safe
phish-0603,923000000000.0,1.0,3.0,Busy,1.0,Are you coming to the university tomorrow?,trusted@domain.edu.pk,safe
phish-0609,923000000000.0,0.0,2.0,At work,0.0,Are you coming to the university tomorrow?,trusted@domain.edu.pk,safe
phish-0611,923000000000.0,0.0,3.0,Busy,0.0,Are you coming to the university tomorrow?,trusted@domain.edu.pk,safe
phish-0648,923000000000.0,0.0,3.0,At work,0.0,"Hey, check the lab assignment details on the portal.",trusted@domain.edu.pk,safe
phish-0660,923000000000.0,1.0,3.0,Available,1.0,Are you coming to the university tomorrow?,trusted@domain.edu.pk,safe
phish-0667,923000000000.0,1.0,2.0,Hey there! I am using WhatsApp.,1.0,Are you coming to the university tomorrow?,trusted@domain.edu.pk,safe
phish-0672,923000000000.0,0.0,2.0,Busy,0.0,Are you coming to the university tomorrow?,trusted@domain.edu.pk,safe
phish-0676,923000000000.0,1.0,1.0,Busy,1.0,"Hey, check the lab assignment details on the portal.",trusted@domain.edu.pk,safe
phish-0678,923000000000.0,1.0,3.0,Hey there! I am using WhatsApp.,1.0,"Hey, check the lab assignment details on the portal.",trusted@domain.edu.pk,safe
phish-0688,923000000000.0,1.0,1.0,Hey there! I am using WhatsApp.,1.0,"Hey, check the lab assignment details on the portal.",trusted@domain.edu.pk,safe
phish-0693,923000000000.0,1.0,0.0,Available,1.0,"Hey, check the lab assignment details on the portal.",trusted@domain.edu.pk,safe
phish-0713,923000000000.0,0.0,3.0,Busy,0.0,"Hey, check the lab assignment details on the portal.",trusted@domain.edu.pk,safe
phish-0716,923000000000.0,0.0,2.0,Busy,0.0,"Hey, check the lab assignment details on the portal.",trusted@domain.edu.pk,safe
phish-0730,923000000000.0,0.0,0.0,Available,0.0,Are you coming to the university tomorrow?,trusted@domain.edu.pk,safe
phish-0731,923000000000.0,1.0,0.0,At work,1.0,Are you coming to the university tomorrow?,trusted@domain.edu.pk,safe
phish-0741,923000000000.0,1.0,3.0,Available,1.0,Are you coming to the university tomorrow?,trusted@domain.edu.pk,safe
phish-0769,923000000000.0,0.0,1.0,Busy,0.0,"Hey, check the lab assignment details on the portal.",trusted@domain.edu.pk,safe
phish-0770,923000000000.0,1.0,1.0,At work,1.0,Are you coming to the university tomorrow?,trusted@domain.edu.pk,safe
phish-0772,923000000000.0,0.0,0.0,Busy,0.0,Are you coming to the university tomorrow?,trusted@domain.edu.pk,safe
phish-0777,923000000000.0,1.0,3.0,At work,1.0,"Hey, check the lab assignment details on the portal.",trusted@domain.edu.pk,safe
phish-0792,923000000000.0,1.0,2.0,At work,1.0,"Hey, check the lab assignment details on the portal.",trusted@domain.edu.pk,safe
phish-0796,923000000000.0,1.0,3.0,Available,1.0,Are you coming to the university tomorrow?,trusted@domain.edu.pk,safe
phish-0811,923000000000.0,1.0,0.0,Busy,1.0,Are you coming to the university tomorrow?,trusted@domain.edu.pk,safe
phish-0840,923000000000.0,0.0,0.0,Available,0.0,"Hey, check the lab assignment details on the portal.",trusted@domain.edu.pk,safe
phish-0891,923000000000.0,0.0,3.0,Available,0.0,"Hey, check the lab assignment details on the portal.",trusted@domain.edu.pk,safe
phish-0941,923000000000.0,1.0,2.0,Available,1.0,"Hey, check the lab assignment details on the portal.",trusted@domain.edu.pk,safe
phish-0948,923000000000.0,0.0,0.0,Hey there! I am using WhatsApp.,0.0,Are you coming to the university tomorrow?,trusted@domain.edu.pk,safe
phish-0952,923000000000.0,0.0,1.0,At work,0.0,"Hey, check the lab assignment details on the portal.",trusted@domain.edu.pk,safe
phish-0966,923000000000.0,0.0,3.0,Busy,0.0,Are you coming to the university tomorrow?,trusted@domain.edu.pk,safe
phish-0980,923000000000.0,0.0,0.0,Available,0.0,Are you coming to the university tomorrow?,trusted@domain.edu.pk,safe
phish-0981,923000000000.0,1.0,3.0,Available,1.0,Are you coming to the university tomorrow?,trusted@domain.edu.pk,safe
phish-0510,923000000000.0,1.0,3.0,Hey there! I am using WhatsApp.,1.0,Are you coming to the university tomorrow?,trusted@domain.edu.pk,safe
phish-0558,923000000000.0,0.0,3.0,Hey there! I am using WhatsApp.,0.0,"Hey, check the lab assignment details on the portal.",trusted@domain.edu.pk,safe
phish-0574,923000000000.0,0.0,0.0,Busy,0.0,"Hey, check the lab assignment details on the portal.",trusted@domain.edu.pk,safe
phish-0579,923000000000.0,0.0,2.0,Busy,0.0,Are you coming to the university tomorrow?,trusted@domain.edu.pk,safe
phish-0586,923000000000.0,1.0,0.0,Available,1.0,Are you coming to the university tomorrow?,trusted@domain.edu.pk,safe
phish-0587,923000000000.0,0.0,0.0,Busy,0.0,Are you coming to the university tomorrow?,trusted@domain.edu.pk,safe
phish-0590,923000000000.0,0.0,1.0,Busy,0.0,Are you coming to the university tomorrow?,trusted@domain.edu.pk,safe
phish-0601,923000000000.0,1.0,1.0,Busy,1.0,"Hey, check the lab assignment details on the portal.",trusted@domain.edu.pk,safe
phish-0616,923000000000.0,1.0,0.0,Available,1.0,Are you coming to the university tomorrow?,trusted@domain.edu.pk,safe
phish-0626,923000000000.0,1.0,3.0,Hey there! I am using WhatsApp.,1.0,"Hey, check the lab assignment details on the portal.",trusted@domain.edu.pk,safe
phish-0641,923000000000.0,0.0,3.0,Available,0.0,"Hey, check the lab assignment details on the portal.",trusted@domain.edu.pk,safe
phish-0646,923000000000.0,1.0,2.0,Available,1.0,Are you coming to the university tomorrow?,trusted@domain.edu.pk,safe
phish-0651,923000000000.0,0.0,0.0,Hey there! I am using WhatsApp.,0.0,Are you coming to the university tomorrow?,trusted@domain.edu.pk,safe
phish-0656,923000000000.0,0.0,1.0,Busy,0.0,"Hey, check the lab assignment details on the portal.",trusted@domain.edu.pk,safe
phish-0661,923000000000.0,1.0,3.0,Hey there! I am using WhatsApp.,1.0,"Hey, check the lab assignment details on the portal.",trusted@domain.edu.pk,safe
phish-0665,923000000000.0,1.0,1.0,Busy,1.0,"Hey, check the lab assignment details on the portal.",trusted@domain.edu.pk,safe
phish-0714,923000000000.0,0.0,2.0,Hey there! I am using WhatsApp.,0.0,Are you coming to the university tomorrow?,trusted@domain.edu.pk,safe
phish-0723,923000000000.0,0.0,2.0,Hey there! I am using WhatsApp.,0.0,Are you coming to the university tomorrow?,trusted@domain.edu.pk,safe
phish-0732,923000000000.0,0.0,0.0,At work,0.0,Are you coming to the university tomorrow?,trusted@domain.edu.pk,safe
phish-0744,923000000000.0,0.0,0.0,Available,0.0,Are you coming to the university tomorrow?,trusted@domain.edu.pk,safe
phish-0757,923000000000.0,0.0,3.0,At work,0.0,Are you coming to the university tomorrow?,trusted@domain.edu.pk,safe
phish-0812,923000000000.0,1.0,3.0,At work,1.0,Are you coming to the university tomorrow?,trusted@domain.edu.pk,safe
phish-0817,923000000000.0,1.0,1.0,Hey there! I am using WhatsApp.,1.0,"Hey, check the lab assignment details on the portal.",trusted@domain.edu.pk,safe
phish-0825,923000000000.0,0.0,2.0,Busy,0.0,"Hey, check the lab assignment details on the portal.",trusted@domain.edu.pk,safe
phish-0841,923000000000.0,1.0,2.0,At work,1.0,Are you coming to the university tomorrow?,trusted@domain.edu.pk,safe
phish-0842,923000000000.0,1.0,3.0,Busy,1.0,"Hey, check the lab assignment details on the portal.",trusted@domain.edu.pk,safe
phish-0846,923000000000.0,0.0,1.0,At work,0.0,Are you coming to the university tomorrow?,trusted@domain.edu.pk,safe
phish-0862,923000000000.0,1.0,3.0,At work,1.0,"Hey, check the lab assignment details on the portal.",trusted@domain.edu.pk,safe
phish-0876,923000000000.0,0.0,3.0,At work,0.0,"Hey, check the lab assignment details on the portal.",trusted@domain.edu.pk,safe
phish-0881,923000000000.0,1.0,2.0,Available,1.0,Are you coming to the university tomorrow?,trusted@domain.edu.pk,safe
phish-0889,923000000000.0,1.0,3.0,Hey there! I am using WhatsApp.,1.0,Are you coming to the university tomorrow?,trusted@domain.edu.pk,safe
phish-0895,923000000000.0,0.0,0.0,Available,0.0,"Hey, check the lab assignment details on the portal.",trusted@domain.edu.pk,safe
phish-0897,923000000000.0,1.0,2.0,Busy,1.0,Are you coming to the university tomorrow?,trusted@domain.edu.pk,safe
phish-0902,923000000000.0,0.0,1.0,Busy,0.0,Are you coming to the university tomorrow?,trusted@domain.edu.pk,safe
phish-0936,923000000000.0,1.0,3.0,Hey there! I am using WhatsApp.,1.0,"Hey, check the lab assignment details on the portal.",trusted@domain.edu.pk,safe
phish-0956,923000000000.0,0.0,0.0,Busy,0.0,"Hey, check the lab assignment details on the portal.",trusted@domain.edu.pk,safe
phish-0969,923000000000.0,1.0,3.0,Available,1.0,Are you coming to the university tomorrow?,trusted@domain.edu.pk,safe
phish-0529,923000000000.0,1.0,2.0,Hey there! I am using WhatsApp.,1.0,"Hey, check the lab assignment details on the portal.",trusted@domain.edu.pk,safe
phish-0563,923000000000.0,1.0,2.0,Hey there! I am using WhatsApp.,1.0,"Hey, check the lab assignment details on the portal.",trusted@domain.edu.pk,safe
phish-0584,923000000000.0,0.0,2.0,Hey there! I am using WhatsApp.,0.0,Are you coming to the university tomorrow?,trusted@domain.edu.pk,safe
phish-0599,923000000000.0,1.0,1.0,Hey there! I am using WhatsApp.,1.0,"Hey, check the lab assignment details on the portal.",trusted@domain.edu.pk,safe
phish-0606,923000000000.0,1.0,0.0,At work,1.0,Are you coming to the university tomorrow?,trusted@domain.edu.pk,safe
phish-0608,923000000000.0,1.0,1.0,Available,1.0,"Hey, check the lab assignment details on the portal.",trusted@domain.edu.pk,safe
phish-0618,923000000000.0,1.0,3.0,Hey there! I am using WhatsApp.,1.0,Are you coming to the university tomorrow?,trusted@domain.edu.pk,safe
phish-0624,923000000000.0,1.0,2.0,At work,1.0,"Hey, check the lab assignment details on the portal.",trusted@domain.edu.pk,safe
phish-0634,923000000000.0,0.0,0.0,Hey there! I am using WhatsApp.,0.0,"Hey, check the lab assignment details on the portal.",trusted@domain.edu.pk,safe
phish-0645,923000000000.0,1.0,1.0,Available,1.0,"Hey, check the lab assignment details on the portal.",trusted@domain.edu.pk,safe
phish-0655,923000000000.0,0.0,3.0,Hey there! I am using WhatsApp.,0.0,"Hey, check the lab assignment details on the portal.",trusted@domain.edu.pk,safe
phish-0680,923000000000.0,0.0,2.0,Busy,0.0,Are you coming to the university tomorrow?,trusted@domain.edu.pk,safe
phish-0681,923000000000.0,1.0,2.0,Hey there! I am using WhatsApp.,1.0,Are you coming to the university tomorrow?,trusted@domain.edu.pk,safe
phish-0701,923000000000.0,0.0,0.0,Hey there! I am using WhatsApp.,0.0,Are you coming to the university tomorrow?,trusted@domain.edu.pk,safe
phish-0706,923000000000.0,0.0,1.0,Busy,0.0,Are you coming to the university tomorrow?,trusted@domain.edu.pk,safe
phish-0709,923000000000.0,1.0,3.0,At work,1.0,Are you coming to the university tomorrow?,trusted@domain.edu.pk,safe
phish-0753,923000000000.0,1.0,0.0,Busy,1.0,Are you coming to the university tomorrow?,trusted@domain.edu.pk,safe
phish-0756,923000000000.0,1.0,0.0,Busy,1.0,Are you coming to the university tomorrow?,trusted@domain.edu.pk,safe
phish-0774,923000000000.0,0.0,0.0,Busy,0.0,"Hey, check the lab assignment details on the portal.",trusted@domain.edu.pk,safe
phish-0795,923000000000.0,1.0,2.0,Hey there! I am using WhatsApp.,1.0,Are you coming to the university tomorrow?,trusted@domain.edu.pk,safe
phish-0826,923000000000.0,0.0,2.0,Busy,0.0,Are you coming to the university tomorrow?,trusted@domain.edu.pk,safe
phish-0838,923000000000.0,0.0,1.0,At work,0.0,Are you coming to the university tomorrow?,trusted@domain.edu.pk,safe
phish-0847,923000000000.0,0.0,0.0,Busy,0.0,Are you coming to the university tomorrow?,trusted@domain.edu.pk,safe
phish-0893,923000000000.0,0.0,2.0,At work,0.0,Are you coming to the university tomorrow?,trusted@domain.edu.pk,safe
phish-0894,923000000000.0,1.0,1.0,At work,1.0,"Hey, check the lab assignment details on the portal.",trusted@domain.edu.pk,safe
phish-0921,923000000000.0,1.0,3.0,Available,1.0,"Hey, check the lab assignment details on the portal.",trusted@domain.edu.pk,safe
phish-0944,923000000000.0,0.0,3.0,At work,0.0,Are you coming to the university tomorrow?,trusted@domain.edu.pk,safe
phish-0971,923000000000.0,0.0,1.0,At work,0.0,"Hey, check the lab assignment details on the portal.",trusted@domain.edu.pk,safe
phish-0983,923000000000.0,0.0,2.0,Busy,0.0,"Hey, check the lab assignment details on the portal.",trusted@domain.edu.pk,safe
phish-0517,923000000000.0,1.0,3.0,Hey there! I am using WhatsApp.,1.0,"Hey, check the lab assignment details on the portal.",trusted@domain.edu.pk,safe
phish-0521,923000000000.0,0.0,3.0,Available,0.0,Are you coming to the university tomorrow?,trusted@domain.edu.pk,safe
phish-0537,923000000000.0,1.0,1.0,Hey there! I am using WhatsApp.,1.0,"Hey, check the lab assignment details on the portal.",trusted@domain.edu.pk,safe
phish-0553,923000000000.0,1.0,3.0,Busy,1.0,"Hey, check the lab assignment details on the portal.",trusted@domain.edu.pk,safe
phish-0565,923000000000.0,0.0,0.0,Busy,0.0,"Hey, check the lab assignment details on the portal.",trusted@domain.edu.pk,safe
phish-0567,923000000000.0,0.0,3.0,Hey there! I am using WhatsApp.,0.0,Are you coming to the university tomorrow?,trusted@domain.edu.pk,safe
phish-0568,923000000000.0,0.0,3.0,Busy,0.0,"Hey, check the lab assignment details on the portal.",trusted@domain.edu.pk,safe
phish-0598,923000000000.0,1.0,1.0,Hey there! I am using WhatsApp.,1.0,"Hey, check the lab assignment details on the portal.",trusted@domain.edu.pk,safe
phish-0610,923000000000.0,1.0,2.0,Busy,1.0,"Hey, check the lab assignment details on the portal.",trusted@domain.edu.pk,safe
phish-0613,923000000000.0,1.0,3.0,Busy,1.0,Are you coming to the university tomorrow?,trusted@domain.edu.pk,safe
phish-0615,923000000000.0,0.0,2.0,Available,0.0,"Hey, check the lab assignment details on the portal.",trusted@domain.edu.pk,safe
phish-0623,923000000000.0,1.0,0.0,Available,1.0,"Hey, check the lab assignment details on the portal.",trusted@domain.edu.pk,safe
phish-0638,923000000000.0,0.0,2.0,At work,0.0,Are you coming to the university tomorrow?,trusted@domain.edu.pk,safe
phish-0639,923000000000.0,0.0,3.0,Busy,0.0,Are you coming to the university tomorrow?,trusted@domain.edu.pk,safe
phish-0658,923000000000.0,1.0,0.0,Hey there! I am using WhatsApp.,1.0,"Hey, check the lab assignment details on the portal.",trusted@domain.edu.pk,safe
phish-0682,923000000000.0,1.0,1.0,Busy,1.0,"Hey, check the lab assignment details on the portal.",trusted@domain.edu.pk,safe
phish-0685,923000000000.0,1.0,3.0,Busy,1.0,Are you coming to the university tomorrow?,trusted@domain.edu.pk,safe
phish-0725,923000000000.0,1.0,2.0,Busy,1.0,"Hey, check the lab assignment details on the portal.",trusted@domain.edu.pk,safe
phish-0733,923000000000.0,0.0,2.0,At work,0.0,Are you coming to the university tomorrow?,trusted@domain.edu.pk,safe
phish-0763,923000000000.0,1.0,3.0,At work,1.0,Are you coming to the university tomorrow?,trusted@domain.edu.pk,safe
phish-0768,923000000000.0,0.0,3.0,Hey there! I am using WhatsApp.,0.0,Are you coming to the university tomorrow?,trusted@domain.edu.pk,safe
phish-0780,923000000000.0,0.0,1.0,Busy,0.0,"Hey, check the lab assignment details on the portal.",trusted@domain.edu.pk,safe
phish-0814,923000000000.0,1.0,2.0,At work,1.0,Are you coming to the university tomorrow?,trusted@domain.edu.pk,safe
phish-0822,923000000000.0,0.0,1.0,At work,0.0,Are you coming to the university tomorrow?,trusted@domain.edu.pk,safe
phish-0827,923000000000.0,1.0,3.0,Busy,1.0,Are you coming to the university tomorrow?,trusted@domain.edu.pk,safe
phish-0861,923000000000.0,0.0,1.0,At work,0.0,Are you coming to the university tomorrow?,trusted@domain.edu.pk,safe
phish-0913,923000000000.0,1.0,3.0,Hey there! I am using WhatsApp.,1.0,Are you coming to the university tomorrow?,trusted@domain.edu.pk,safe
phish-0934,923000000000.0,1.0,0.0,Hey there! I am using WhatsApp.,1.0,"Hey, check the lab assignment details on the portal.",trusted@domain.edu.pk,safe
phish-0942,923000000000.0,1.0,3.0,At work,1.0,Are you coming to the university tomorrow?,trusted@domain.edu.pk,safe
phish-0954,923000000000.0,0.0,1.0,At work,0.0,Are you coming to the university tomorrow?,trusted@domain.edu.pk,safe
phish-0968,923000000000.0,1.0,2.0,Available,1.0,"Hey, check the lab assignment details on the portal.",trusted@domain.edu.pk,safe
phish-0972,923000000000.0,0.0,1.0,Available,0.0,"Hey, check the lab assignment details on the portal.",trusted@domain.edu.pk,safe
phish-0975,923000000000.0,0.0,3.0,Available,0.0,"Hey, check the lab assignment details on the portal.",trusted@domain.edu.pk,safe
phish-0976,923000000000.0,0.0,3.0,Hey there! I am using WhatsApp.,0.0,"Hey, check the lab assignment details on the portal.",trusted@domain.edu.pk,safe
phish-0979,923000000000.0,0.0,1.0,Hey there! I am using WhatsApp.,0.0,"Hey, check the lab assignment details on the portal.",trusted@domain.edu.pk,safe
phish-0984,923000000000.0,1.0,1.0,Available,1.0,Are you coming to the university tomorrow?,trusted@domain.edu.pk,safe
phish-0988,923000000000.0,1.0,1.0,At work,1.0,"Hey, check the lab assignment details on the portal.",trusted@domain.edu.pk,safe
phish-0996,923000000000.0,0.0,0.0,Busy,0.0,"Hey, check the lab assignment details on the portal.",trusted@domain.edu.pk,safe
phish-0998,923000000000.0,0.0,3.0,Busy,0.0,Are you coming to the university tomorrow?,trusted@domain.edu.pk,safe
phish-0506,923000000000.0,0.0,1.0,Busy,0.0,"Hey, check the lab assignment details on the portal.",trusted@domain.edu.pk,safe
phish-0511,923000000000.0,1.0,3.0,Available,1.0,"Hey, check the lab assignment details on the portal.",trusted@domain.edu.pk,safe
phish-0518,923000000000.0,1.0,1.0,Available,1.0,Are you coming to the university tomorrow?,trusted@domain.edu.pk,safe
phish-0536,923000000000.0,1.0,2.0,At work,1.0,"Hey, check the lab assignment details on the portal.",trusted@domain.edu.pk,safe
phish-0540,923000000000.0,0.0,2.0,Available,0.0,Are you coming to the university tomorrow?,trusted@domain.edu.pk,safe
phish-0551,923000000000.0,0.0,0.0,Available,0.0,Are you coming to the university tomorrow?,trusted@domain.edu.pk,safe
phish-0559,923000000000.0,1.0,3.0,Busy,1.0,"Hey, check the lab assignment details on the portal.",trusted@domain.edu.pk,safe
phish-0575,923000000000.0,1.0,0.0,At work,1.0,Are you coming to the university tomorrow?,trusted@domain.edu.pk,safe
phish-0605,923000000000.0,0.0,0.0,At work,0.0,"Hey, check the lab assignment details on the portal.",trusted@domain.edu.pk,safe
phish-0612,923000000000.0,0.0,3.0,Available,0.0,Are you coming to the university tomorrow?,trusted@domain.edu.pk,safe
phish-0614,923000000000.0,0.0,3.0,Busy,0.0,Are you coming to the university tomorrow?,trusted@domain.edu.pk,safe
phish-0696,923000000000.0,0.0,1.0,At work,0.0,Are you coming to the university tomorrow?,trusted@domain.edu.pk,safe
phish-0718,923000000000.0,1.0,3.0,Hey there! I am using WhatsApp.,1.0,"Hey, check the lab assignment details on the portal.",trusted@domain.edu.pk,safe
phish-0734,923000000000.0,1.0,0.0,Busy,1.0,Are you coming to the university tomorrow?,trusted@domain.edu.pk,safe
phish-0739,923000000000.0,0.0,2.0,Hey there! I am using WhatsApp.,0.0,Are you coming to the university tomorrow?,trusted@domain.edu.pk,safe
phish-0740,923000000000.0,1.0,1.0,At work,1.0,"Hey, check the lab assignment details on the portal.",trusted@domain.edu.pk,safe
phish-0742,923000000000.0,1.0,1.0,Busy,1.0,"Hey, check the lab assignment details on the portal.",trusted@domain.edu.pk,safe
phish-0784,923000000000.0,1.0,0.0,At work,1.0,"Hey, check the lab assignment details on the portal.",trusted@domain.edu.pk,safe
phish-0844,923000000000.0,0.0,3.0,Hey there! I am using WhatsApp.,0.0,Are you coming to the university tomorrow?,trusted@domain.edu.pk,safe
phish-0850,923000000000.0,0.0,2.0,Available,0.0,"Hey, check the lab assignment details on the portal.",trusted@domain.edu.pk,safe
phish-0880,923000000000.0,1.0,2.0,At work,1.0,"Hey, check the lab assignment details on the portal.",trusted@domain.edu.pk,safe
phish-0883,923000000000.0,0.0,0.0,Busy,0.0,"Hey, check the lab assignment details on the portal.",trusted@domain.edu.pk,safe
phish-0892,923000000000.0,1.0,3.0,At work,1.0,Are you coming to the university tomorrow?,trusted@domain.edu.pk,safe
phish-0914,923000000000.0,0.0,0.0,At work,0.0,Are you coming to the university tomorrow?,trusted@domain.edu.pk,safe
phish-0924,923000000000.0,0.0,2.0,Busy,0.0,Are you coming to the university tomorrow?,trusted@domain.edu.pk,safe
phish-0958,923000000000.0,1.0,1.0,Busy,1.0,Are you coming to the university tomorrow?,trusted@domain.edu.pk,safe
phish-0964,923000000000.0,0.0,2.0,Available,0.0,"Hey, check the lab assignment details on the portal.",trusted@domain.edu.pk,safe
phish-0967,923000000000.0,1.0,0.0,Busy,1.0,"Hey, check the lab assignment details on the portal.",trusted@domain.edu.pk,safe
phish-0994,923000000000.0,1.0,2.0,Hey there! I am using WhatsApp.,1.0,Are you coming to the university tomorrow?,trusted@domain.edu.pk,safe
phish-0516,923000000000.0,0.0,3.0,Hey there! I am using WhatsApp.,0.0,"Hey, check the lab assignment details on the portal.",trusted@domain.edu.pk,safe
phish-0531,923000000000.0,0.0,1.0,At work,0.0,Are you coming to the university tomorrow?,trusted@domain.edu.pk,safe
phish-0533,923000000000.0,0.0,2.0,Available,0.0,"Hey, check the lab assignment details on the portal.",trusted@domain.edu.pk,safe
phish-0552,923000000000.0,1.0,1.0,Available,1.0,"Hey, check the lab assignment details on the portal.",trusted@domain.edu.pk,safe
phish-0607,923000000000.0,1.0,1.0,Hey there! I am using WhatsApp.,1.0,Are you coming to the university tomorrow?,trusted@domain.edu.pk,safe
phish-0627,923000000000.0,0.0,1.0,Hey there! I am using WhatsApp.,0.0,"Hey, check the lab assignment details on the portal.",trusted@domain.edu.pk,safe
phish-0649,923000000000.0,0.0,2.0,Hey there! I am using WhatsApp.,0.0,"Hey, check the lab assignment details on the portal.",trusted@domain.edu.pk,safe
phish-0691,923000000000.0,0.0,0.0,At work,0.0,"Hey, check the lab assignment details on the portal.",trusted@domain.edu.pk,safe
phish-0694,923000000000.0,1.0,2.0,Hey there! I am using WhatsApp.,1.0,Are you coming to the university tomorrow?,trusted@domain.edu.pk,safe
phish-0720,923000000000.0,1.0,3.0,Hey there! I am using WhatsApp.,1.0,"Hey, check the lab assignment details on the portal.",trusted@domain.edu.pk,safe
phish-0735,923000000000.0,1.0,1.0,Hey there! I am using WhatsApp.,1.0,Are you coming to the university tomorrow?,trusted@domain.edu.pk,safe
phish-0748,923000000000.0,0.0,1.0,Busy,0.0,"Hey, check the lab assignment details on the portal.",trusted@domain.edu.pk,safe
phish-0783,923000000000.0,1.0,2.0,Available,1.0,"Hey, check the lab assignment details on the portal.",trusted@domain.edu.pk,safe
phish-0816,923000000000.0,1.0,0.0,At work,1.0,Are you coming to the university tomorrow?,trusted@domain.edu.pk,safe
phish-0830,923000000000.0,0.0,0.0,At work,0.0,"Hey, check the lab assignment details on the portal.",trusted@domain.edu.pk,safe
phish-0831,923000000000.0,1.0,1.0,Busy,1.0,Are you coming to the university tomorrow?,trusted@domain.edu.pk,safe
phish-0860,923000000000.0,0.0,2.0,At work,0.0,Are you coming to the university tomorrow?,trusted@domain.edu.pk,safe
phish-0885,923000000000.0,1.0,2.0,At work,1.0,Are you coming to the university tomorrow?,trusted@domain.edu.pk,safe
phish-0927,923000000000.0,0.0,1.0,Hey there! I am using WhatsApp.,0.0,Are you coming to the university tomorrow?,trusted@domain.edu.pk,safe
phish-0940,923000000000.0,0.0,2.0,Available,0.0,Are you coming to the university tomorrow?,trusted@domain.edu.pk,safe
phish-0993,923000000000.0,1.0,1.0,At work,1.0,Are you coming to the university tomorrow?,trusted@domain.edu.pk,safe
phish-0514,923000000000.0,1.0,2.0,At work,1.0,Are you coming to the university tomorrow?,trusted@domain.edu.pk,safe
phish-0524,923000000000.0,1.0,3.0,Available,1.0,Are you coming to the university tomorrow?,trusted@domain.edu.pk,safe
phish-0527,923000000000.0,1.0,2.0,Busy,1.0,Are you coming to the university tomorrow?,trusted@domain.edu.pk,safe
phish-0541,923000000000.0,0.0,2.0,Busy,0.0,Are you coming to the university tomorrow?,trusted@domain.edu.pk,safe
phish-0545,923000000000.0,0.0,2.0,Busy,0.0,Are you coming to the university tomorrow?,trusted@domain.edu.pk,safe
phish-0549,923000000000.0,0.0,1.0,Available,0.0,Are you coming to the university tomorrow?,trusted@domain.edu.pk,safe
phish-0561,923000000000.0,1.0,3.0,At work,1.0,"Hey, check the lab assignment details on the portal.",trusted@domain.edu.pk,safe
phish-0571,923000000000.0,1.0,3.0,At work,1.0,"Hey, check the lab assignment details on the portal.",trusted@domain.edu.pk,safe
phish-0576,923000000000.0,0.0,0.0,At work,0.0,Are you coming to the university tomorrow?,trusted@domain.edu.pk,safe
phish-0602,923000000000.0,1.0,2.0,Busy,1.0,"Hey, check the lab assignment details on the portal.",trusted@domain.edu.pk,safe
phish-0633,923000000000.0,1.0,3.0,Busy,1.0,Are you coming to the university tomorrow?,trusted@domain.edu.pk,safe
phish-0636,923000000000.0,1.0,3.0,At work,1.0,"Hey, check the lab assignment details on the portal.",trusted@domain.edu.pk,safe
phish-0652,923000000000.0,1.0,1.0,Busy,1.0,Are you coming to the university tomorrow?,trusted@domain.edu.pk,safe
phish-0654,923000000000.0,0.0,0.0,Available,0.0,Are you coming to the university tomorrow?,trusted@domain.edu.pk,safe
phish-0683,923000000000.0,0.0,1.0,Busy,0.0,"Hey, check the lab assignment details on the portal.",trusted@domain.edu.pk,safe
phish-0689,923000000000.0,1.0,0.0,Available,1.0,"Hey, check the lab assignment details on the portal.",trusted@domain.edu.pk,safe
phish-0710,923000000000.0,1.0,2.0,Available,1.0,"Hey, check the lab assignment details on the portal.",trusted@domain.edu.pk,safe
phish-0738,923000000000.0,0.0,3.0,At work,0.0,Are you coming to the university tomorrow?,trusted@domain.edu.pk,safe
phish-0747,923000000000.0,1.0,1.0,Available,1.0,Are you coming to the university tomorrow?,trusted@domain.edu.pk,safe
phish-0752,923000000000.0,1.0,3.0,Busy,1.0,"Hey, check the lab assignment details on the portal.",trusted@domain.edu.pk,safe
phish-0761,923000000000.0,1.0,3.0,Hey there! I am using WhatsApp.,1.0,Are you coming to the university tomorrow?,trusted@domain.edu.pk,safe
phish-0776,923000000000.0,1.0,3.0,Available,1.0,Are you coming to the university tomorrow?,trusted@domain.edu.pk,safe
phish-0786,923000000000.0,0.0,0.0,At work,0.0,"Hey, check the lab assignment details on the portal.",trusted@domain.edu.pk,safe
phish-0794,923000000000.0,0.0,0.0,At work,0.0,Are you coming to the university tomorrow?,trusted@domain.edu.pk,safe
phish-0803,923000000000.0,0.0,0.0,Hey there! I am using WhatsApp.,0.0,"Hey, check the lab assignment details on the portal.",trusted@domain.edu.pk,safe
phish-0824,923000000000.0,1.0,3.0,Available,1.0,"Hey, check the lab assignment details on the portal.",trusted@domain.edu.pk,safe
phish-0832,923000000000.0,1.0,3.0,Hey there! I am using WhatsApp.,1.0,Are you coming to the university tomorrow?,trusted@domain.edu.pk,safe
phish-0854,923000000000.0,0.0,3.0,Hey there! I am using WhatsApp.,0.0,"Hey, check the lab assignment details on the portal.",trusted@domain.edu.pk,safe
phish-0863,923000000000.0,1.0,2.0,Busy,1.0,"Hey, check the lab assignment details on the portal.",trusted@domain.edu.pk,safe
phish-0870,923000000000.0,1.0,1.0,Available,1.0,Are you coming to the university tomorrow?,trusted@domain.edu.pk,safe
phish-0922,923000000000.0,1.0,0.0,Available,1.0,"Hey, check the lab assignment details on the portal.",trusted@domain.edu.pk,safe
phish-0925,923000000000.0,0.0,3.0,At work,0.0,"Hey, check the lab assignment details on the portal.",trusted@domain.edu.pk,safe
phish-0961,923000000000.0,0.0,0.0,At work,0.0,Are you coming to the university tomorrow?,trusted@domain.edu.pk,safe
phish-0965,923000000000.0,0.0,1.0,Busy,0.0,Are you coming to the university tomorrow?,trusted@domain.edu.pk,safe
phish-0982,923000000000.0,0.0,0.0,At work,0.0,"Hey, check the lab assignment details on the portal.",trusted@domain.edu.pk,safe
phish-0995,923000000000.0,1.0,2.0,Hey there! I am using WhatsApp.,1.0,"Hey, check the lab assignment details on the portal.",trusted@domain.edu.pk,safe
phish-0503,923000000000.0,0.0,1.0,Busy,0.0,"Hey, check the lab assignment details on the portal.",trusted@domain.edu.pk,safe
phish-0523,923000000000.0,0.0,3.0,Available,0.0,"Hey, check the lab assignment details on the portal.",trusted@domain.edu.pk,safe
phish-0542,923000000000.0,0.0,3.0,At work,0.0,Are you coming to the university tomorrow?,trusted@domain.edu.pk,safe
phish-0544,923000000000.0,0.0,3.0,Busy,0.0,Are you coming to the university tomorrow?,trusted@domain.edu.pk,safe
phish-0582,923000000000.0,0.0,3.0,At work,0.0,"Hey, check the lab assignment details on the portal.",trusted@domain.edu.pk,safe
phish-0643,923000000000.0,0.0,1.0,Hey there! I am using WhatsApp.,0.0,Are you coming to the university tomorrow?,trusted@domain.edu.pk,safe
phish-0670,923000000000.0,1.0,3.0,At work,1.0,"Hey, check the lab assignment details on the portal.",trusted@domain.edu.pk,safe
phish-0674,923000000000.0,0.0,0.0,Hey there! I am using WhatsApp.,0.0,"Hey, check the lab assignment details on the portal.",trusted@domain.edu.pk,safe
phish-0679,923000000000.0,0.0,0.0,Hey there! I am using WhatsApp.,0.0,"Hey, check the lab assignment details on the portal.",trusted@domain.edu.pk,safe
phish-0687,923000000000.0,0.0,2.0,At work,0.0,Are you coming to the university tomorrow?,trusted@domain.edu.pk,safe
phish-0717,923000000000.0,0.0,0.0,Available,0.0,"Hey, check the lab assignment details on the portal.",trusted@domain.edu.pk,safe
phish-0760,923000000000.0,0.0,2.0,At work,0.0,"Hey, check the lab assignment details on the portal.",trusted@domain.edu.pk,safe
phish-0762,923000000000.0,0.0,2.0,At work,0.0,Are you coming to the university tomorrow?,trusted@domain.edu.pk,safe
phish-0765,923000000000.0,1.0,3.0,Busy,1.0,Are you coming to the university tomorrow?,trusted@domain.edu.pk,safe
phish-0802,923000000000.0,1.0,3.0,Busy,1.0,"Hey, check the lab assignment details on the portal.",trusted@domain.edu.pk,safe
phish-0820,923000000000.0,0.0,1.0,At work,0.0,"Hey, check the lab assignment details on the portal.",trusted@domain.edu.pk,safe
phish-0833,923000000000.0,0.0,1.0,Hey there! I am using WhatsApp.,0.0,Are you coming to the university tomorrow?,trusted@domain.edu.pk,safe
phish-0843,923000000000.0,0.0,0.0,Hey there! I am using WhatsApp.,0.0,"Hey, check the lab assignment details on the portal.",trusted@domain.edu.pk,safe
phish-0848,923000000000.0,0.0,1.0,Busy,0.0,Are you coming to the university tomorrow?,trusted@domain.edu.pk,safe
phish-0852,923000000000.0,1.0,2.0,Available,1.0,Are you coming to the university tomorrow?,trusted@domain.edu.pk,safe
phish-0871,923000000000.0,1.0,1.0,Available,1.0,"Hey, check the lab assignment details on the portal.",trusted@domain.edu.pk,safe
phish-0877,923000000000.0,1.0,3.0,Available,1.0,Are you coming to the university tomorrow?,trusted@domain.edu.pk,safe
phish-0878,923000000000.0,0.0,0.0,Hey there! I am using WhatsApp.,0.0,"Hey, check the lab assignment details on the portal.",trusted@domain.edu.pk,safe
phish-0887,923000000000.0,1.0,0.0,Hey there! I am using WhatsApp.,1.0,Are you coming to the university tomorrow?,trusted@domain.edu.pk,safe
phish-0905,923000000000.0,1.0,2.0,Available,1.0,Are you coming to the university tomorrow?,trusted@domain.edu.pk,safe
phish-0907,923000000000.0,0.0,3.0,Busy,0.0,"Hey, check the lab assignment details on the portal.",trusted@domain.edu.pk,safe
phish-0920,923000000000.0,0.0,2.0,At work,0.0,Are you coming to the university tomorrow?,trusted@domain.edu.pk,safe
phish-0929,923000000000.0,1.0,0.0,At work,1.0,Are you coming to the university tomorrow?,trusted@domain.edu.pk,safe
phish-0945,923000000000.0,0.0,3.0,Available,0.0,Are you coming to the university tomorrow?,trusted@domain.edu.pk,safe
phish-0955,923000000000.0,0.0,1.0,At work,0.0,"Hey, check the lab assignment details on the portal.",trusted@domain.edu.pk,safe
phish-0960,923000000000.0,0.0,1.0,Busy,0.0,"Hey, check the lab assignment details on the portal.",trusted@domain.edu.pk,safe
phish-0974,923000000000.0,1.0,0.0,Available,1.0,Are you coming to the university tomorrow?,trusted@domain.edu.pk,safe
phish-0520,923000000000.0,0.0,0.0,Busy,0.0,"Hey, check the lab assignment details on the portal.",trusted@domain.edu.pk,safe
phish-0543,923000000000.0,0.0,1.0,Hey there! I am using WhatsApp.,0.0,Are you coming to the university tomorrow?,trusted@domain.edu.pk,safe
phish-0557,923000000000.0,1.0,3.0,Busy,1.0,"Hey, check the lab assignment details on the portal.",trusted@domain.edu.pk,safe
phish-0570,923000000000.0,1.0,1.0,Busy,1.0,"Hey, check the lab assignment details on the portal.",trusted@domain.edu.pk,safe
phish-0581,923000000000.0,1.0,1.0,Busy,1.0,Are you coming to the university tomorrow?,trusted@domain.edu.pk,safe
phish-0593,923000000000.0,0.0,3.0,Hey there! I am using WhatsApp.,0.0,Are you coming to the university tomorrow?,trusted@domain.edu.pk,safe
phish-0600,923000000000.0,0.0,0.0,At work,0.0,Are you coming to the university tomorrow?,trusted@domain.edu.pk,safe
phish-0622,923000000000.0,0.0,2.0,Busy,0.0,"Hey, check the lab assignment details on the portal.",trusted@domain.edu.pk,safe
phish-0637,923000000000.0,1.0,1.0,Available,1.0,Are you coming to the university tomorrow?,trusted@domain.edu.pk,safe
phish-0640,923000000000.0,1.0,1.0,At work,1.0,Are you coming to the university tomorrow?,trusted@domain.edu.pk,safe
phish-0657,923000000000.0,1.0,2.0,At work,1.0,Are you coming to the university tomorrow?,trusted@domain.edu.pk,safe
phish-0664,923000000000.0,0.0,1.0,Hey there! I am using WhatsApp.,0.0,Are you coming to the university tomorrow?,trusted@domain.edu.pk,safe
phish-0666,923000000000.0,0.0,1.0,Available,0.0,Are you coming to the university tomorrow?,trusted@domain.edu.pk,safe
phish-0668,923000000000.0,1.0,3.0,Busy,1.0,"Hey, check the lab assignment details on the portal.",trusted@domain.edu.pk,safe
phish-0675,923000000000.0,0.0,3.0,Hey there! I am using WhatsApp.,0.0,"Hey, check the lab assignment details on the portal.",trusted@domain.edu.pk,safe
phish-0695,923000000000.0,1.0,3.0,At work,1.0,Are you coming to the university tomorrow?,trusted@domain.edu.pk,safe
phish-0703,923000000000.0,1.0,2.0,Hey there! I am using WhatsApp.,1.0,"Hey, check the lab assignment details on the portal.",trusted@domain.edu.pk,safe
phish-0705,923000000000.0,0.0,2.0,Hey there! I am using WhatsApp.,0.0,"Hey, check the lab assignment details on the portal.",trusted@domain.edu.pk,safe
phish-0719,923000000000.0,0.0,3.0,Busy,0.0,"Hey, check the lab assignment details on the portal.",trusted@domain.edu.pk,safe
phish-0736,923000000000.0,0.0,0.0,Busy,0.0,Are you coming to the university tomorrow?,trusted@domain.edu.pk,safe
phish-0749,923000000000.0,0.0,3.0,Available,0.0,Are you coming to the university tomorrow?,trusted@domain.edu.pk,safe
phish-0857,923000000000.0,0.0,3.0,Busy,0.0,"Hey, check the lab assignment details on the portal.",trusted@domain.edu.pk,safe
phish-0867,923000000000.0,1.0,2.0,Available,1.0,"Hey, check the lab assignment details on the portal.",trusted@domain.edu.pk,safe
phish-0888,923000000000.0,0.0,2.0,Available,0.0,"Hey, check the lab assignment details on the portal.",trusted@domain.edu.pk,safe
phish-0910,923000000000.0,1.0,0.0,Hey there! I am using WhatsApp.,1.0,Are you coming to the university tomorrow?,trusted@domain.edu.pk,safe
phish-0923,923000000000.0,0.0,1.0,Available,0.0,"Hey, check the lab assignment details on the portal.",trusted@domain.edu.pk,safe
phish-0943,923000000000.0,0.0,3.0,Hey there! I am using WhatsApp.,0.0,"Hey, check the lab assignment details on the portal.",trusted@domain.edu.pk,safe
phish-0949,923000000000.0,1.0,1.0,Hey there! I am using WhatsApp.,1.0,"Hey, check the lab assignment details on the portal.",trusted@domain.edu.pk,safe
phish-0953,923000000000.0,1.0,2.0,Busy,1.0,Are you coming to the university tomorrow?,trusted@domain.edu.pk,safe
phish-0507,923000000000.0,1.0,0.0,Available,1.0,Are you coming to the university tomorrow?,trusted@domain.edu.pk,safe
phish-0515,923000000000.0,0.0,3.0,Hey there! I am using WhatsApp.,0.0,Are you coming to the university tomorrow?,trusted@domain.edu.pk,safe
phish-0532,923000000000.0,0.0,2.0,Available,0.0,Are you coming to the university tomorrow?,trusted@domain.edu.pk,safe
phish-0534,923000000000.0,0.0,3.0,Busy,0.0,"Hey, check the lab assignment details on the portal.",trusted@domain.edu.pk,safe
phish-0539,923000000000.0,1.0,2.0,Available,1.0,"Hey, check the lab assignment details on the portal.",trusted@domain.edu.pk,safe
phish-0596,923000000000.0,0.0,0.0,Hey there! I am using WhatsApp.,0.0,"Hey, check the lab assignment details on the portal.",trusted@domain.edu.pk,safe
phish-0617,923000000000.0,1.0,0.0,Hey there! I am using WhatsApp.,1.0,Are you coming to the university tomorrow?,trusted@domain.edu.pk,safe
phish-0620,923000000000.0,1.0,2.0,Available,1.0,Are you coming to the university tomorrow?,trusted@domain.edu.pk,safe
phish-0692,923000000000.0,0.0,1.0,At work,0.0,Are you coming to the university tomorrow?,trusted@domain.edu.pk,safe
phish-0700,923000000000.0,1.0,2.0,Busy,1.0,Are you coming to the university tomorrow?,trusted@domain.edu.pk,safe
phish-0707,923000000000.0,1.0,1.0,Hey there! I am using WhatsApp.,1.0,"Hey, check the lab assignment details on the portal.",trusted@domain.edu.pk,safe
phish-0722,923000000000.0,1.0,0.0,Available,1.0,Are you coming to the university tomorrow?,trusted@domain.edu.pk,safe
phish-0726,923000000000.0,0.0,0.0,Busy,0.0,"Hey, check the lab assignment details on the portal.",trusted@domain.edu.pk,safe
phish-0745,923000000000.0,0.0,2.0,Available,0.0,"Hey, check the lab assignment details on the portal.",trusted@domain.edu.pk,safe
phish-0746,923000000000.0,0.0,2.0,Busy,0.0,"Hey, check the lab assignment details on the portal.",trusted@domain.edu.pk,safe
phish-0751,923000000000.0,0.0,2.0,Hey there! I am using WhatsApp.,0.0,"Hey, check the lab assignment details on the portal.",trusted@domain.edu.pk,safe
phish-0764,923000000000.0,1.0,1.0,Hey there! I am using WhatsApp.,1.0,"Hey, check the lab assignment details on the portal.",trusted@domain.edu.pk,safe
phish-0778,923000000000.0,1.0,1.0,Busy,1.0,"Hey, check the lab assignment details on the portal.",trusted@domain.edu.pk,safe
phish-0799,923000000000.0,0.0,1.0,Hey there! I am using WhatsApp.,0.0,Are you coming to the university tomorrow?,trusted@domain.edu.pk,safe
phish-0821,923000000000.0,1.0,2.0,At work,1.0,"Hey, check the lab assignment details on the portal.",trusted@domain.edu.pk,safe
phish-0839,923000000000.0,0.0,0.0,Hey there! I am using WhatsApp.,0.0,"Hey, check the lab assignment details on the portal.",trusted@domain.edu.pk,safe
phish-0851,923000000000.0,0.0,3.0,Available,0.0,"Hey, check the lab assignment details on the portal.",trusted@domain.edu.pk,safe
phish-0873,923000000000.0,0.0,3.0,At work,0.0,Are you coming to the university tomorrow?,trusted@domain.edu.pk,safe
phish-0896,923000000000.0,1.0,3.0,Hey there! I am using WhatsApp.,1.0,"Hey, check the lab assignment details on the portal.",trusted@domain.edu.pk,safe
phish-0898,923000000000.0,0.0,0.0,At work,0.0,"Hey, check the lab assignment details on the portal.",trusted@domain.edu.pk,safe
phish-0911,923000000000.0,0.0,3.0,At work,0.0,"Hey, check the lab assignment details on the portal.",trusted@domain.edu.pk,safe
phish-0912,923000000000.0,0.0,3.0,Available,0.0,Are you coming to the university tomorrow?,trusted@domain.edu.pk,safe
phish-0918,923000000000.0,0.0,2.0,At work,0.0,Are you coming to the university tomorrow?,trusted@domain.edu.pk,safe
phish-0957,923000000000.0,1.0,2.0,Busy,1.0,"Hey, check the lab assignment details on the portal.",trusted@domain.edu.pk,safe
phish-0985,923000000000.0,1.0,0.0,Busy,1.0,"Hey, check the lab assignment details on the portal.",trusted@domain.edu.pk,safe
phish-0986,923000000000.0,0.0,1.0,At work,0.0,"Hey, check the lab assignment details on the portal.",trusted@domain.edu.pk,safe
phish-0991,923000000000.0,0.0,1.0,Available,0.0,Are you coming to the university tomorrow?,trusted@domain.edu.pk,safe
phish-0519,923000000000.0,1.0,2.0,Busy,1.0,"Hey, check the lab assignment details on the portal.",trusted@domain.edu.pk,safe
phish-0546,923000000000.0,1.0,1.0,At work,1.0,Are you coming to the university tomorrow?,trusted@domain.edu.pk,safe
phish-0572,923000000000.0,1.0,2.0,Available,1.0,Are you coming to the university tomorrow?,trusted@domain.edu.pk,safe
phish-0583,923000000000.0,1.0,1.0,Hey there! I am using WhatsApp.,1.0,Are you coming to the university tomorrow?,trusted@domain.edu.pk,safe
phish-0629,923000000000.0,1.0,0.0,At work,1.0,Are you coming to the university tomorrow?,trusted@domain.edu.pk,safe
phish-0630,923000000000.0,0.0,0.0,Hey there! I am using WhatsApp.,0.0,Are you coming to the university tomorrow?,trusted@domain.edu.pk,safe
phish-0632,923000000000.0,0.0,1.0,Hey there! I am using WhatsApp.,0.0,Are you coming to the university tomorrow?,trusted@domain.edu.pk,safe
phish-0644,923000000000.0,0.0,1.0,Available,0.0,Are you coming to the university tomorrow?,trusted@domain.edu.pk,safe
phish-0653,923000000000.0,0.0,2.0,At work,0.0,Are you coming to the university tomorrow?,trusted@domain.edu.pk,safe
phish-0659,923000000000.0,1.0,0.0,Hey there! I am using WhatsApp.,1.0,Are you coming to the university tomorrow?,trusted@domain.edu.pk,safe
phish-0671,923000000000.0,1.0,2.0,Busy,1.0,Are you coming to the university tomorrow?,trusted@domain.edu.pk,safe
phish-0677,923000000000.0,0.0,1.0,At work,0.0,"Hey, check the lab assignment details on the portal.",trusted@domain.edu.pk,safe
phish-0686,923000000000.0,0.0,2.0,Busy,0.0,"Hey, check the lab assignment details on the portal.",trusted@domain.edu.pk,safe
phish-0704,923000000000.0,1.0,3.0,Available,1.0,Are you coming to the university tomorrow?,trusted@domain.edu.pk,safe
phish-0711,923000000000.0,1.0,0.0,Hey there! I am using WhatsApp.,1.0,Are you coming to the university tomorrow?,trusted@domain.edu.pk,safe
phish-0758,923000000000.0,1.0,1.0,Busy,1.0,Are you coming to the university tomorrow?,trusted@domain.edu.pk,safe
phish-0800,923000000000.0,1.0,1.0,Available,1.0,"Hey, check the lab assignment details on the portal.",trusted@domain.edu.pk,safe
phish-0805,923000000000.0,0.0,0.0,At work,0.0,"Hey, check the lab assignment details on the portal.",trusted@domain.edu.pk,safe
phish-0815,923000000000.0,1.0,2.0,At work,1.0,"Hey, check the lab assignment details on the portal.",trusted@domain.edu.pk,safe
phish-0823,923000000000.0,1.0,3.0,At work,1.0,"Hey, check the lab assignment details on the portal.",trusted@domain.edu.pk,safe
phish-0855,923000000000.0,0.0,2.0,Available,0.0,Are you coming to the university tomorrow?,trusted@domain.edu.pk,safe
phish-0864,923000000000.0,1.0,0.0,Busy,1.0,"Hey, check the lab assignment details on the portal.",trusted@domain.edu.pk,safe
phish-0886,923000000000.0,1.0,0.0,Hey there! I am using WhatsApp.,1.0,"Hey, check the lab assignment details on the portal.",trusted@domain.edu.pk,safe
phish-0928,923000000000.0,0.0,1.0,Hey there! I am using WhatsApp.,0.0,Are you coming to the university tomorrow?,trusted@domain.edu.pk,safe
phish-0938,923000000000.0,0.0,2.0,Busy,0.0,"Hey, check the lab assignment details on the portal.",trusted@domain.edu.pk,safe
phish-0939,923000000000.0,1.0,1.0,At work,1.0,"Hey, check the lab assignment details on the portal.",trusted@domain.edu.pk,safe
phish-0973,923000000000.0,1.0,0.0,At work,1.0,Are you coming to the university tomorrow?,trusted@domain.edu.pk,safe
phish-0977,923000000000.0,1.0,1.0,Hey there! I am using WhatsApp.,1.0,"Hey, check the lab assignment details on the portal.",trusted@domain.edu.pk,safe
phish-0505,923000000000.0,1.0,2.0,Hey there! I am using WhatsApp.,1.0,"Hey, check the lab assignment details on the portal.",trusted@domain.edu.pk,safe
phish-0512,923000000000.0,1.0,1.0,At work,1.0,Are you coming to the university tomorrow?,trusted@domain.edu.pk,safe
phish-0548,923000000000.0,0.0,3.0,Busy,0.0,"Hey, check the lab assignment details on the portal.",trusted@domain.edu.pk,safe
phish-0550,923000000000.0,0.0,3.0,Hey there! I am using WhatsApp.,0.0,Are you coming to the university tomorrow?,trusted@domain.edu.pk,safe
phish-0564,923000000000.0,0.0,1.0,Hey there! I am using WhatsApp.,0.0,"Hey, check the lab assignment details on the portal.",trusted@domain.edu.pk,safe
phish-0595,923000000000.0,0.0,3.0,Hey there! I am using WhatsApp.,0.0,Are you coming to the university tomorrow?,trusted@domain.edu.pk,safe
phish-0625,923000000000.0,1.0,2.0,Available,1.0,Are you coming to the university tomorrow?,trusted@domain.edu.pk,safe
phish-0635,923000000000.0,1.0,0.0,At work,1.0,Are you coming to the university tomorrow?,trusted@domain.edu.pk,safe
phish-0650,923000000000.0,0.0,1.0,Hey there! I am using WhatsApp.,0.0,"Hey, check the lab assignment details on the portal.",trusted@domain.edu.pk,safe
phish-0669,923000000000.0,1.0,3.0,Available,1.0,"Hey, check the lab assignment details on the portal.",trusted@domain.edu.pk,safe
phish-0673,923000000000.0,0.0,1.0,At work,0.0,"Hey, check the lab assignment details on the portal.",trusted@domain.edu.pk,safe
phish-0698,923000000000.0,0.0,2.0,Available,0.0,"Hey, check the lab assignment details on the portal.",trusted@domain.edu.pk,safe
phish-0727,923000000000.0,1.0,3.0,At work,1.0,"Hey, check the lab assignment details on the portal.",trusted@domain.edu.pk,safe
phish-0729,923000000000.0,0.0,3.0,Busy,0.0,Are you coming to the university tomorrow?,trusted@domain.edu.pk,safe
phish-0750,923000000000.0,1.0,3.0,At work,1.0,"Hey, check the lab assignment details on the portal.",trusted@domain.edu.pk,safe
phish-0755,923000000000.0,1.0,1.0,At work,1.0,"Hey, check the lab assignment details on the portal.",trusted@domain.edu.pk,safe
phish-0759,923000000000.0,0.0,3.0,Busy,0.0,Are you coming to the university tomorrow?,trusted@domain.edu.pk,safe
phish-0771,923000000000.0,1.0,3.0,Busy,1.0,Are you coming to the university tomorrow?,trusted@domain.edu.pk,safe
phish-0782,923000000000.0,1.0,2.0,Busy,1.0,Are you coming to the university tomorrow?,trusted@domain.edu.pk,safe
phish-0791,923000000000.0,0.0,0.0,Available,0.0,Are you coming to the university tomorrow?,trusted@domain.edu.pk,safe
phish-0806,923000000000.0,1.0,1.0,Busy,1.0,"Hey, check the lab assignment details on the portal.",trusted@domain.edu.pk,safe
phish-0809,923000000000.0,1.0,3.0,Busy,1.0,Are you coming to the university tomorrow?,trusted@domain.edu.pk,safe
phish-0829,923000000000.0,0.0,3.0,Available,0.0,"Hey, check the lab assignment details on the portal.",trusted@domain.edu.pk,safe
phish-0836,923000000000.0,1.0,1.0,Hey there! I am using WhatsApp.,1.0,"Hey, check the lab assignment details on the portal.",trusted@domain.edu.pk,safe
phish-0859,923000000000.0,0.0,3.0,Hey there! I am using WhatsApp.,0.0,Are you coming to the university tomorrow?,trusted@domain.edu.pk,safe
phish-0882,923000000000.0,0.0,1.0,Hey there! I am using WhatsApp.,0.0,Are you coming to the university tomorrow?,trusted@domain.edu.pk,safe
phish-0884,923000000000.0,1.0,0.0,Available,1.0,"Hey, check the lab assignment details on the portal.",trusted@domain.edu.pk,safe
phish-0903,923000000000.0,1.0,2.0,Busy,1.0,Are you coming to the university tomorrow?,trusted@domain.edu.pk,safe
phish-0908,923000000000.0,1.0,2.0,Busy,1.0,Are you coming to the university tomorrow?,trusted@domain.edu.pk,safe
phish-0933,923000000000.0,0.0,2.0,At work,0.0,"Hey, check the lab assignment details on the portal.",trusted@domain.edu.pk,safe
phish-0989,923000000000.0,1.0,2.0,Busy,1.0,Are you coming to the university tomorrow?,trusted@domain.edu.pk,safe
phish-0992,923000000000.0,0.0,1.0,Available,0.0,Are you coming to the university tomorrow?,trusted@domain.edu.pk,safe
phish-0997,923000000000.0,0.0,0.0,At work,0.0,"Hey, check the lab assignment details on the portal.",trusted@domain.edu.pk,safe
phish-6334,923011000000.0,1.0,141.0,Subscription Alert,0.0,Your subscription will expire today. Renew here: http://bit.ly/secure-renew,security-alert@gateway.com,phishing
phish-4791,923059000000.0,0.0,130.0,Subscription Alert,0.0,Your subscription will expire today. Renew here: http://bit.ly/secure-renew,security-alert@gateway.com,phishing
phish-8734,923024000000.0,0.0,155.0,Subscription Alert,0.0,Your subscription will expire today. Renew here: http://bit.ly/secure-renew,security-alert@gateway.com,phishing
phish-4710,923065000000.0,0.0,162.0,Utility Bill,0.0,"Your electricity bill is unpaid, account will be disconnected. Pay: http://wapda-bill.com",security-alert@gateway.com,phishing
phish-9439,923088000000.0,0.0,68.0,Courier Service,0.0,Urgent: Your parcel is held at customs. Pay duty: http://parcel-track.xyz,security-alert@gateway.com,phishing
phish-9825,923025000000.0,1.0,67.0,Security Alert,0.0,Suspicious login attempt from Brazil. Secure your account: http://login-verify.com,security-alert@gateway.com,phishing
phish-5370,923068000000.0,0.0,76.0,Govt Grant,0.0,"Claim your Govt. relief fund of Rs.25,000 now: http://relief-gov.pk",security-alert@gateway.com,phishing
phish-9035,923065000000.0,0.0,189.0,Govt Grant,0.0,"Claim your Govt. relief fund of Rs.25,000 now: http://relief-gov.pk",security-alert@gateway.com,phishing
phish-1352,923075000000.0,0.0,80.0,Security Alert,0.0,Suspicious login attempt from Brazil. Secure your account: http://login-verify.com,security-alert@gateway.com,phishing
phish-6946,923097000000.0,0.0,131.0,Subscription Alert,0.0,Your subscription will expire today. Renew here: http://bit.ly/secure-renew,security-alert@gateway.com,phishing
phish-4284,923037000000.0,0.0,180.0,Security Alert,0.0,Suspicious login attempt from Brazil. Secure your account: http://login-verify.com,security-alert@gateway.com,phishing
phish-3775,923064000000.0,0.0,127.0,Utility Bill,0.0,"Your electricity bill is unpaid, account will be disconnected. Pay: http://wapda-bill.com",security-alert@gateway.com,phishing
phish-2841,923031000000.0,1.0,74.0,Security Alert,0.0,Suspicious login attempt from Brazil. Secure your account: http://login-verify.com,security-alert@gateway.com,phishing
phish-7451,923045000000.0,1.0,181.0,Govt Grant,0.0,"Claim your Govt. relief fund of Rs.25,000 now: http://relief-gov.pk",security-alert@gateway.com,phishing
phish-5359,923055000000.0,1.0,194.0,Utility Bill,0.0,"Your electricity bill is unpaid, account will be disconnected. Pay: http://wapda-bill.com",security-alert@gateway.com,phishing
phish-5488,923075000000.0,0.0,89.0,Courier Service,0.0,Urgent: Your parcel is held at customs. Pay duty: http://parcel-track.xyz,security-alert@gateway.com,phishing
phish-8052,923056000000.0,0.0,72.0,Subscription Alert,0.0,Your subscription will expire today. Renew here: http://bit.ly/secure-renew,security-alert@gateway.com,phishing
phish-5560,923013000000.0,0.0,130.0,Subscription Alert,0.0,Your subscription will expire today. Renew here: http://bit.ly/secure-renew,security-alert@gateway.com,phishing
phish-1287,923010000000.0,0.0,173.0,Courier Service,0.0,Urgent: Your parcel is held at customs. Pay duty: http://parcel-track.xyz,security-alert@gateway.com,phishing
phish-9061,923038000000.0,0.0,134.0,Govt Grant,0.0,"Claim your Govt. relief fund of Rs.25,000 now: http://relief-gov.pk",security-alert@gateway.com,phishing
phish-7987,923069000000.0,0.0,185.0,Courier Service,0.0,Urgent: Your parcel is held at customs. Pay duty: http://parcel-track.xyz,security-alert@gateway.com,phishing
phish-1111,923044000000.0,1.0,105.0,Security Alert,0.0,Suspicious login attempt from Brazil. Secure your account: http://login-verify.com,security-alert@gateway.com,phishing
phish-1721,923026000000.0,0.0,130.0,Govt Grant,0.0,"Claim your Govt. relief fund of Rs.25,000 now: http://relief-gov.pk",security-alert@gateway.com,phishing
phish-8366,923041000000.0,0.0,98.0,Utility Bill,0.0,"Your electricity bill is unpaid, account will be disconnected. Pay: http://wapda-bill.com",security-alert@gateway.com,phishing
phish-6618,923010000000.0,1.0,188.0,Courier Service,0.0,Urgent: Your parcel is held at customs. Pay duty: http://parcel-track.xyz,security-alert@gateway.com,phishing
phish-4767,923084000000.0,1.0,103.0,Security Alert,0.0,Suspicious login attempt from Brazil. Secure your account: http://login-verify.com,security-alert@gateway.com,phishing
phish-8841,923033000000.0,0.0,70.0,Govt Grant,0.0,"Claim your Govt. relief fund of Rs.25,000 now: http://relief-gov.pk",security-alert@gateway.com,phishing
phish-9111,923077000000.0,0.0,103.0,Utility Bill,0.0,"Your electricity bill is unpaid, account will be disconnected. Pay: http://wapda-bill.com",security-alert@gateway.com,phishing
phish-7540,923031000000.0,0.0,187.0,Security Alert,0.0,Suspicious login attempt from Brazil. Secure your account: http://login-verify.com,security-alert@gateway.com,phishing
phish-1830,923011000000.0,0.0,77.0,Courier Service,0.0,Urgent: Your parcel is held at customs. Pay duty: http://parcel-track.xyz,security-alert@gateway.com,phishing
phish-1264,923077000000.0,0.0,108.0,Utility Bill,0.0,"Your electricity bill is unpaid, account will be disconnected. Pay: http://wapda-bill.com",security-alert@gateway.com,phishing
phish-4359,923084000000.0,0.0,60.0,Courier Service,0.0,Urgent: Your parcel is held at customs. Pay duty: http://parcel-track.xyz,security-alert@gateway.com,phishing
phish-6133,923098000000.0,0.0,75.0,Subscription Alert,0.0,Your subscription will expire today. Renew here: http://bit.ly/secure-renew,security-alert@gateway.com,phishing
phish-7311,923059000000.0,0.0,93.0,Courier Service,0.0,Urgent: Your parcel is held at customs. Pay duty: http://parcel-track.xyz,security-alert@gateway.com,phishing
phish-7542,923043000000.0,1.0,132.0,Subscription Alert,0.0,Your subscription will expire today. Renew here: http://bit.ly/secure-renew,security-alert@gateway.com,phishing
phish-8976,923077000000.0,0.0,157.0,Security Alert,0.0,Suspicious login attempt from Brazil. Secure your account: http://login-verify.com,security-alert@gateway.com,phishing
phish-7105,923035000000.0,0.0,172.0,Subscription Alert,0.0,Your subscription will expire today. Renew here: http://bit.ly/secure-renew,security-alert@gateway.com,phishing
phish-7238,923030000000.0,0.0,78.0,Subscription Alert,0.0,Your subscription will expire today. Renew here: http://bit.ly/secure-renew,security-alert@gateway.com,phishing
phish-3551,923015000000.0,1.0,172.0,Subscription Alert,0.0,Your subscription will expire today. Renew here: http://bit.ly/secure-renew,security-alert@gateway.com,phishing
phish-8042,923067000000.0,0.0,169.0,Utility Bill,0.0,"Your electricity bill is unpaid, account will be disconnected. Pay: http://wapda-bill.com",security-alert@gateway.com,phishing
phish-7737,923036000000.0,1.0,111.0,Govt Grant,0.0,"Claim your Govt. relief fund of Rs.25,000 now: http://relief-gov.pk",security-alert@gateway.com,phishing
phish-5902,923095000000.0,1.0,158.0,Security Alert,0.0,Suspicious login attempt from Brazil. Secure your account: http://login-verify.com,security-alert@gateway.com,phishing
phish-5052,923060000000.0,0.0,81.0,Govt Grant,0.0,"Claim your Govt. relief fund of Rs.25,000 now: http://relief-gov.pk",security-alert@gateway.com,phishing
phish-2230,923041000000.0,0.0,115.0,Courier Service,0.0,Urgent: Your parcel is held at customs. Pay duty: http://parcel-track.xyz,security-alert@gateway.com,phishing
phish-2996,923052000000.0,0.0,68.0,Security Alert,0.0,Suspicious login attempt from Brazil. Secure your account: http://login-verify.com,security-alert@gateway.com,phishing
phish-3893,923082000000.0,0.0,174.0,Govt Grant,0.0,"Claim your Govt. relief fund of Rs.25,000 now: http://relief-gov.pk",security-alert@gateway.com,phishing
phish-7178,923018000000.0,0.0,73.0,Courier Service,0.0,Urgent: Your parcel is held at customs. Pay duty: http://parcel-track.xyz,security-alert@gateway.com,phishing
phish-9648,923090000000.0,0.0,122.0,Courier Service,0.0,Urgent: Your parcel is held at customs. Pay duty: http://parcel-track.xyz,security-alert@gateway.com,phishing
phish-7022,923072000000.0,1.0,167.0,Utility Bill,0.0,"Your electricity bill is unpaid, account will be disconnected. Pay: http://wapda-bill.com",security-alert@gateway.com,phishing
phish-2606,923036000000.0,0.0,120.0,Subscription Alert,0.0,Your subscription will expire today. Renew here: http://bit.ly/secure-renew,security-alert@gateway.com,phishing
phish-6695,923094000000.0,0.0,163.0,Subscription Alert,0.0,Your subscription will expire today. Renew here: http://bit.ly/secure-renew,security-alert@gateway.com,phishing
phish-6875,923055000000.0,1.0,76.0,Security Alert,0.0,Suspicious login attempt from Brazil. Secure your account: http://login-verify.com,security-alert@gateway.com,phishing
phish-4277,923058000000.0,1.0,142.0,Courier Service,0.0,Urgent: Your parcel is held at customs. Pay duty: http://parcel-track.xyz,security-alert@gateway.com,phishing
phish-3625,923071000000.0,1.0,56.0,Courier Service,0.0,Urgent: Your parcel is held at customs. Pay duty: http://parcel-track.xyz,security-alert@gateway.com,phishing
phish-2467,923074000000.0,0.0,68.0,Utility Bill,0.0,"Your electricity bill is unpaid, account will be disconnected. Pay: http://wapda-bill.com",security-alert@gateway.com,phishing
phish-2836,923077000000.0,0.0,64.0,Courier Service,0.0,Urgent: Your parcel is held at customs. Pay duty: http://parcel-track.xyz,security-alert@gateway.com,phishing
phish-3104,923084000000.0,0.0,181.0,Utility Bill,0.0,"Your electricity bill is unpaid, account will be disconnected. Pay: http://wapda-bill.com",security-alert@gateway.com,phishing
phish-3358,923075000000.0,0.0,191.0,Govt Grant,0.0,"Claim your Govt. relief fund of Rs.25,000 now: http://relief-gov.pk",security-alert@gateway.com,phishing
phish-1707,923094000000.0,1.0,114.0,Utility Bill,0.0,"Your electricity bill is unpaid, account will be disconnected. Pay: http://wapda-bill.com",security-alert@gateway.com,phishing
phish-6339,923073000000.0,0.0,56.0,Subscription Alert,0.0,Your subscription will expire today. Renew here: http://bit.ly/secure-renew,security-alert@gateway.com,phishing
phish-4926,923018000000.0,1.0,88.0,Subscription Alert,0.0,Your subscription will expire today. Renew here: http://bit.ly/secure-renew,security-alert@gateway.com,phishing
phish-9509,923096000000.0,0.0,97.0,Security Alert,0.0,Suspicious login attempt from Brazil. Secure your account: http://login-verify.com,security-alert@gateway.com,phishing
phish-7081,923076000000.0,1.0,98.0,Utility Bill,0.0,"Your electricity bill is unpaid, account will be disconnected. Pay: http://wapda-bill.com",security-alert@gateway.com,phishing
phish-4465,923031000000.0,1.0,57.0,Security Alert,0.0,Suspicious login attempt from Brazil. Secure your account: http://login-verify.com,security-alert@gateway.com,phishing
phish-9707,923081000000.0,1.0,104.0,Govt Grant,0.0,"Claim your Govt. relief fund of Rs.25,000 now: http://relief-gov.pk",security-alert@gateway.com,phishing
phish-3385,923025000000.0,0.0,173.0,Courier Service,0.0,Urgent: Your parcel is held at customs. Pay duty: http://parcel-track.xyz,security-alert@gateway.com,phishing
phish-5519,923016000000.0,0.0,127.0,Security Alert,0.0,Suspicious login attempt from Brazil. Secure your account: http://login-verify.com,security-alert@gateway.com,phishing
phish-6012,923032000000.0,1.0,139.0,Security Alert,0.0,Suspicious login attempt from Brazil. Secure your account: http://login-verify.com,security-alert@gateway.com,phishing
phish-1276,923013000000.0,1.0,101.0,Courier Service,0.0,Urgent: Your parcel is held at customs. Pay duty: http://parcel-track.xyz,security-alert@gateway.com,phishing
phish-2241,923049000000.0,1.0,169.0,Courier Service,0.0,Urgent: Your parcel is held at customs. Pay duty: http://parcel-track.xyz,security-alert@gateway.com,phishing
phish-2643,923010000000.0,0.0,165.0,Subscription Alert,0.0,Your subscription will expire today. Renew here: http://bit.ly/secure-renew,security-alert@gateway.com,phishing
phish-7461,923035000000.0,1.0,184.0,Courier Service,0.0,Urgent: Your parcel is held at customs. Pay duty: http://parcel-track.xyz,security-alert@gateway.com,phishing
phish-9159,923025000000.0,0.0,131.0,Courier Service,0.0,Urgent: Your parcel is held at customs. Pay duty: http://parcel-track.xyz,security-alert@gateway.com,phishing
phish-5387,923024000000.0,0.0,61.0,Utility Bill,0.0,"Your electricity bill is unpaid, account will be disconnected. Pay: http://wapda-bill.com",security-alert@gateway.com,phishing
phish-6554,923048000000.0,1.0,69.0,Govt Grant,0.0,"Claim your Govt. relief fund of Rs.25,000 now: http://relief-gov.pk",security-alert@gateway.com,phishing
phish-3605,923046000000.0,1.0,83.0,Security Alert,0.0,Suspicious login attempt from Brazil. Secure your account: http://login-verify.com,security-alert@gateway.com,phishing
phish-4609,923044000000.0,0.0,195.0,Utility Bill,0.0,"Your electricity bill is unpaid, account will be disconnected. Pay: http://wapda-bill.com",security-alert@gateway.com,phishing
phish-6443,923074000000.0,1.0,148.0,Security Alert,0.0,Suspicious login attempt from Brazil. Secure your account: http://login-verify.com,security-alert@gateway.com,phishing
phish-8409,923015000000.0,1.0,98.0,Courier Service,0.0,Urgent: Your parcel is held at customs. Pay duty: http://parcel-track.xyz,security-alert@gateway.com,phishing
phish-1821,923014000000.0,0.0,125.0,Courier Service,0.0,Urgent: Your parcel is held at customs. Pay duty: http://parcel-track.xyz,security-alert@gateway.com,phishing
phish-6869,923062000000.0,1.0,51.0,Subscription Alert,0.0,Your subscription will expire today. Renew here: http://bit.ly/secure-renew,security-alert@gateway.com,phishing
phish-1829,923091000000.0,0.0,189.0,Security Alert,0.0,Suspicious login attempt from Brazil. Secure your account: http://login-verify.com,security-alert@gateway.com,phishing
phish-9488,923043000000.0,1.0,149.0,Courier Service,0.0,Urgent: Your parcel is held at customs. Pay duty: http://parcel-track.xyz,security-alert@gateway.com,phishing
phish-8266,923096000000.0,0.0,71.0,Utility Bill,0.0,"Your electricity bill is unpaid, account will be disconnected. Pay: http://wapda-bill.com",security-alert@gateway.com,phishing
phish-9681,923018000000.0,1.0,107.0,Courier Service,0.0,Urgent: Your parcel is held at customs. Pay duty: http://parcel-track.xyz,security-alert@gateway.com,phishing
phish-3794,923094000000.0,1.0,89.0,Security Alert,0.0,Suspicious login attempt from Brazil. Secure your account: http://login-verify.com,security-alert@gateway.com,phishing
phish-3813,923071000000.0,1.0,128.0,Utility Bill,0.0,"Your electricity bill is unpaid, account will be disconnected. Pay: http://wapda-bill.com",security-alert@gateway.com,phishing
phish-2856,923091000000.0,1.0,79.0,Security Alert,0.0,Suspicious login attempt from Brazil. Secure your account: http://login-verify.com,security-alert@gateway.com,phishing
phish-4456,923072000000.0,1.0,97.0,Utility Bill,0.0,"Your electricity bill is unpaid, account will be disconnected. Pay: http://wapda-bill.com",security-alert@gateway.com,phishing
phish-2244,923023000000.0,1.0,163.0,Govt Grant,0.0,"Claim your Govt. relief fund of Rs.25,000 now: http://relief-gov.pk",security-alert@gateway.com,phishing
phish-2876,923070000000.0,1.0,171.0,Security Alert,0.0,Suspicious login attempt from Brazil. Secure your account: http://login-verify.com,security-alert@gateway.com,phishing
phish-9951,923096000000.0,1.0,84.0,Utility Bill,0.0,"Your electricity bill is unpaid, account will be disconnected. Pay: http://wapda-bill.com",security-alert@gateway.com,phishing
phish-3757,923026000000.0,0.0,159.0,Security Alert,0.0,Suspicious login attempt from Brazil. Secure your account: http://login-verify.com,security-alert@gateway.com,phishing
phish-2199,923018000000.0,0.0,188.0,Govt Grant,0.0,"Claim your Govt. relief fund of Rs.25,000 now: http://relief-gov.pk",security-alert@gateway.com,phishing
phish-8533,923080000000.0,1.0,108.0,Security Alert,0.0,Suspicious login attempt from Brazil. Secure your account: http://login-verify.com,security-alert@gateway.com,phishing
phish-1994,923027000000.0,1.0,182.0,Subscription Alert,0.0,Your subscription will expire today. Renew here: http://bit.ly/secure-renew,security-alert@gateway.com,phishing
phish-2088,923038000000.0,0.0,196.0,Courier Service,0.0,Urgent: Your parcel is held at customs. Pay duty: http://parcel-track.xyz,security-alert@gateway.com,phishing
phish-2229,923087000000.0,1.0,168.0,Govt Grant,0.0,"Claim your Govt. relief fund of Rs.25,000 now: http://relief-gov.pk",security-alert@gateway.com,phishing
phish-2838,923047000000.0,0.0,103.0,Courier Service,0.0,Urgent: Your parcel is held at customs. Pay duty: http://parcel-track.xyz,security-alert@gateway.com,phishing
phish-3074,923078000000.0,0.0,94.0,Courier Service,0.0,Urgent: Your parcel is held at customs. Pay duty: http://parcel-track.xyz,security-alert@gateway.com,phishing
phish-4128,923035000000.0,0.0,127.0,Courier Service,0.0,Urgent: Your parcel is held at customs. Pay duty: http://parcel-track.xyz,security-alert@gateway.com,phishing
phish-6202,923098000000.0,0.0,192.0,Subscription Alert,0.0,Your subscription will expire today. Renew here: http://bit.ly/secure-renew,security-alert@gateway.com,phishing
phish-2616,923058000000.0,0.0,178.0,Subscription Alert,0.0,Your subscription will expire today. Renew here: http://bit.ly/secure-renew,security-alert@gateway.com,phishing
phish-3211,923030000000.0,1.0,171.0,Courier Service,0.0,Urgent: Your parcel is held at customs. Pay duty: http://parcel-track.xyz,security-alert@gateway.com,phishing
phish-5488,923084000000.0,0.0,141.0,Security Alert,0.0,Suspicious login attempt from Brazil. Secure your account: http://login-verify.com,security-alert@gateway.com,phishing
phish-6938,923018000000.0,0.0,106.0,Security Alert,0.0,Suspicious login attempt from Brazil. Secure your account: http://login-verify.com,security-alert@gateway.com,phishing
phish-1975,923058000000.0,0.0,198.0,Security Alert,0.0,Suspicious login attempt from Brazil. Secure your account: http://login-verify.com,security-alert@gateway.com,phishing
phish-4270,923067000000.0,0.0,175.0,Courier Service,0.0,Urgent: Your parcel is held at customs. Pay duty: http://parcel-track.xyz,security-alert@gateway.com,phishing
phish-4459,923046000000.0,1.0,91.0,Utility Bill,0.0,"Your electricity bill is unpaid, account will be disconnected. Pay: http://wapda-bill.com",security-alert@gateway.com,phishing
phish-4925,923060000000.0,1.0,106.0,Subscription Alert,0.0,Your subscription will expire today. Renew here: http://bit.ly/secure-renew,security-alert@gateway.com,phishing
phish-9994,923022000000.0,1.0,75.0,Courier Service,0.0,Urgent: Your parcel is held at customs. Pay duty: http://parcel-track.xyz,security-alert@gateway.com,phishing
phish-7150,923030000000.0,1.0,53.0,Courier Service,0.0,Urgent: Your parcel is held at customs. Pay duty: http://parcel-track.xyz,security-alert@gateway.com,phishing
phish-6129,923074000000.0,1.0,154.0,Security Alert,0.0,Suspicious login attempt from Brazil. Secure your account: http://login-verify.com,security-alert@gateway.com,phishing
phish-3878,923053000000.0,0.0,165.0,Utility Bill,0.0,"Your electricity bill is unpaid, account will be disconnected. Pay: http://wapda-bill.com",security-alert@gateway.com,phishing
phish-6776,923082000000.0,0.0,123.0,Govt Grant,0.0,"Claim your Govt. relief fund of Rs.25,000 now: http://relief-gov.pk",security-alert@gateway.com,phishing
phish-6636,923097000000.0,0.0,133.0,Govt Grant,0.0,"Claim your Govt. relief fund of Rs.25,000 now: http://relief-gov.pk",security-alert@gateway.com,phishing
phish-2535,923021000000.0,1.0,139.0,Utility Bill,0.0,"Your electricity bill is unpaid, account will be disconnected. Pay: http://wapda-bill.com",security-alert@gateway.com,phishing
phish-8921,923035000000.0,0.0,95.0,Govt Grant,0.0,"Claim your Govt. relief fund of Rs.25,000 now: http://relief-gov.pk",security-alert@gateway.com,phishing
phish-3761,923064000000.0,0.0,72.0,Subscription Alert,0.0,Your subscription will expire today. Renew here: http://bit.ly/secure-renew,security-alert@gateway.com,phishing
phish-4493,923042000000.0,0.0,180.0,Courier Service,0.0,Urgent: Your parcel is held at customs. Pay duty: http://parcel-track.xyz,security-alert@gateway.com,phishing
phish-1357,923040000000.0,0.0,91.0,Utility Bill,0.0,"Your electricity bill is unpaid, account will be disconnected. Pay: http://wapda-bill.com",security-alert@gateway.com,phishing
phish-9821,923037000000.0,1.0,162.0,Subscription Alert,0.0,Your subscription will expire today. Renew here: http://bit.ly/secure-renew,security-alert@gateway.com,phishing
phish-6469,923078000000.0,0.0,158.0,Utility Bill,0.0,"Your electricity bill is unpaid, account will be disconnected. Pay: http://wapda-bill.com",security-alert@gateway.com,phishing
phish-3380,923049000000.0,1.0,112.0,Subscription Alert,0.0,Your subscription will expire today. Renew here: http://bit.ly/secure-renew,security-alert@gateway.com,phishing
phish-9024,923025000000.0,1.0,116.0,Utility Bill,0.0,"Your electricity bill is unpaid, account will be disconnected. Pay: http://wapda-bill.com",security-alert@gateway.com,phishing
phish-5020,923017000000.0,0.0,109.0,Utility Bill,0.0,"Your electricity bill is unpaid, account will be disconnected. Pay: http://wapda-bill.com",security-alert@gateway.com,phishing
phish-6804,923078000000.0,1.0,53.0,Courier Service,0.0,Urgent: Your parcel is held at customs. Pay duty: http://parcel-track.xyz,security-alert@gateway.com,phishing
phish-9887,923030000000.0,0.0,76.0,Security Alert,0.0,Suspicious login attempt from Brazil. Secure your account: http://login-verify.com,security-alert@gateway.com,phishing
phish-7422,923076000000.0,1.0,60.0,Govt Grant,0.0,"Claim your Govt. relief fund of Rs.25,000 now: http://relief-gov.pk",security-alert@gateway.com,phishing
phish-3229,923095000000.0,0.0,88.0,Courier Service,0.0,Urgent: Your parcel is held at customs. Pay duty: http://parcel-track.xyz,security-alert@gateway.com,phishing
phish-7817,923026000000.0,1.0,90.0,Subscription Alert,0.0,Your subscription will expire today. Renew here: http://bit.ly/secure-renew,security-alert@gateway.com,phishing
phish-7373,923021000000.0,1.0,82.0,Subscription Alert,0.0,Your subscription will expire today. Renew here: http://bit.ly/secure-renew,security-alert@gateway.com,phishing
phish-8691,923027000000.0,0.0,162.0,Govt Grant,0.0,"Claim your Govt. relief fund of Rs.25,000 now: http://relief-gov.pk",security-alert@gateway.com,phishing
phish-7247,923014000000.0,1.0,141.0,Security Alert,0.0,Suspicious login attempt from Brazil. Secure your account: http://login-verify.com,security-alert@gateway.com,phishing
phish-4233,923083000000.0,0.0,140.0,Utility Bill,0.0,"Your electricity bill is unpaid, account will be disconnected. Pay: http://wapda-bill.com",security-alert@gateway.com,phishing
phish-4090,923061000000.0,1.0,100.0,Govt Grant,0.0,"Claim your Govt. relief fund of Rs.25,000 now: http://relief-gov.pk",security-alert@gateway.com,phishing
phish-9489,923010000000.0,0.0,55.0,Utility Bill,0.0,"Your electricity bill is unpaid, account will be disconnected. Pay: http://wapda-bill.com",security-alert@gateway.com,phishing
phish-8608,923052000000.0,1.0,101.0,Utility Bill,0.0,"Your electricity bill is unpaid, account will be disconnected. Pay: http://wapda-bill.com",security-alert@gateway.com,phishing
phish-1719,923037000000.0,0.0,83.0,Govt Grant,0.0,"Claim your Govt. relief fund of Rs.25,000 now: http://relief-gov.pk",security-alert@gateway.com,phishing
phish-4305,923032000000.0,0.0,99.0,Govt Grant,0.0,"Claim your Govt. relief fund of Rs.25,000 now: http://relief-gov.pk",security-alert@gateway.com,phishing
phish-7536,923028000000.0,0.0,167.0,Security Alert,0.0,Suspicious login attempt from Brazil. Secure your account: http://login-verify.com,security-alert@gateway.com,phishing
phish-7864,923035000000.0,0.0,131.0,Security Alert,0.0,Suspicious login attempt from Brazil. Secure your account: http://login-verify.com,security-alert@gateway.com,phishing
phish-5707,923020000000.0,0.0,136.0,Utility Bill,0.0,"Your electricity bill is unpaid, account will be disconnected. Pay: http://wapda-bill.com",security-alert@gateway.com,phishing
phish-1602,923055000000.0,0.0,54.0,Govt Grant,0.0,"Claim your Govt. relief fund of Rs.25,000 now: http://relief-gov.pk",security-alert@gateway.com,phishing
phish-7393,923056000000.0,0.0,78.0,Courier Service,0.0,Urgent: Your parcel is held at customs. Pay duty: http://parcel-track.xyz,security-alert@gateway.com,phishing
phish-8819,923041000000.0,0.0,192.0,Courier Service,0.0,Urgent: Your parcel is held at customs. Pay duty: http://parcel-track.xyz,security-alert@gateway.com,phishing
phish-8479,923022000000.0,1.0,67.0,Subscription Alert,0.0,Your subscription will expire today. Renew here: http://bit.ly/secure-renew,security-alert@gateway.com,phishing
phish-1310,923024000000.0,0.0,133.0,Utility Bill,0.0,"Your electricity bill is unpaid, account will be disconnected. Pay: http://wapda-bill.com",security-alert@gateway.com,phishing
phish-6496,923022000000.0,1.0,177.0,Security Alert,0.0,Suspicious login attempt from Brazil. Secure your account: http://login-verify.com,security-alert@gateway.com,phishing
phish-8898,923027000000.0,1.0,97.0,Govt Grant,0.0,"Claim your Govt. relief fund of Rs.25,000 now: http://relief-gov.pk",security-alert@gateway.com,phishing
phish-7244,923038000000.0,0.0,114.0,Govt Grant,0.0,"Claim your Govt. relief fund of Rs.25,000 now: http://relief-gov.pk",security-alert@gateway.com,phishing
phish-4897,923094000000.0,1.0,129.0,Subscription Alert,0.0,Your subscription will expire today. Renew here: http://bit.ly/secure-renew,security-alert@gateway.com,phishing
phish-2435,923077000000.0,1.0,162.0,Subscription Alert,0.0,Your subscription will expire today. Renew here: http://bit.ly/secure-renew,security-alert@gateway.com,phishing
phish-7381,923073000000.0,1.0,189.0,Utility Bill,0.0,"Your electricity bill is unpaid, account will be disconnected. Pay: http://wapda-bill.com",security-alert@gateway.com,phishing
phish-4587,923084000000.0,1.0,126.0,Security Alert,0.0,Suspicious login attempt from Brazil. Secure your account: http://login-verify.com,security-alert@gateway.com,phishing
phish-7620,923014000000.0,1.0,138.0,Govt Grant,0.0,"Claim your Govt. relief fund of Rs.25,000 now: http://relief-gov.pk",security-alert@gateway.com,phishing
phish-7871,923019000000.0,0.0,91.0,Utility Bill,0.0,"Your electricity bill is unpaid, account will be disconnected. Pay: http://wapda-bill.com",security-alert@gateway.com,phishing
phish-5872,923032000000.0,0.0,81.0,Subscription Alert,0.0,Your subscription will expire today. Renew here: http://bit.ly/secure-renew,security-alert@gateway.com,phishing
phish-9456,923011000000.0,0.0,182.0,Utility Bill,0.0,"Your electricity bill is unpaid, account will be disconnected. Pay: http://wapda-bill.com",security-alert@gateway.com,phishing
phish-6901,923095000000.0,1.0,180.0,Utility Bill,0.0,"Your electricity bill is unpaid, account will be disconnected. Pay: http://wapda-bill.com",security-alert@gateway.com,phishing
phish-4377,923080000000.0,0.0,78.0,Security Alert,0.0,Suspicious login attempt from Brazil. Secure your account: http://login-verify.com,security-alert@gateway.com,phishing
phish-2495,923015000000.0,0.0,119.0,Subscription Alert,0.0,Your subscription will expire today. Renew here: http://bit.ly/secure-renew,security-alert@gateway.com,phishing
phish-6397,923064000000.0,1.0,193.0,Govt Grant,0.0,"Claim your Govt. relief fund of Rs.25,000 now: http://relief-gov.pk",security-alert@gateway.com,phishing
phish-6636,923085000000.0,0.0,169.0,Govt Grant,0.0,"Claim your Govt. relief fund of Rs.25,000 now: http://relief-gov.pk",security-alert@gateway.com,phishing
phish-1131,923080000000.0,1.0,184.0,Govt Grant,0.0,"Claim your Govt. relief fund of Rs.25,000 now: http://relief-gov.pk",security-alert@gateway.com,phishing
phish-8414,923019000000.0,1.0,162.0,Courier Service,0.0,Urgent: Your parcel is held at customs. Pay duty: http://parcel-track.xyz,security-alert@gateway.com,phishing
phish-8047,923070000000.0,1.0,110.0,Security Alert,0.0,Suspicious login attempt from Brazil. Secure your account: http://login-verify.com,security-alert@gateway.com,phishing
phish-3422,923062000000.0,1.0,164.0,Courier Service,0.0,Urgent: Your parcel is held at customs. Pay duty: http://parcel-track.xyz,security-alert@gateway.com,phishing
phish-5592,923077000000.0,1.0,89.0,Govt Grant,0.0,"Claim your Govt. relief fund of Rs.25,000 now: http://relief-gov.pk",security-alert@gateway.com,phishing
phish-5031,923073000000.0,1.0,85.0,Utility Bill,0.0,"Your electricity bill is unpaid, account will be disconnected. Pay: http://wapda-bill.com",security-alert@gateway.com,phishing
phish-1818,923021000000.0,1.0,81.0,Utility Bill,0.0,"Your electricity bill is unpaid, account will be disconnected. Pay: http://wapda-bill.com",security-alert@gateway.com,phishing
phish-1232,923080000000.0,1.0,153.0,Security Alert,0.0,Suspicious login attempt from Brazil. Secure your account: http://login-verify.com,security-alert@gateway.com,phishing
phish-2672,923063000000.0,1.0,131.0,Courier Service,0.0,Urgent: Your parcel is held at customs. Pay duty: http://parcel-track.xyz,security-alert@gateway.com,phishing
phish-5985,923029000000.0,1.0,135.0,Utility Bill,0.0,"Your electricity bill is unpaid, account will be disconnected. Pay: http://wapda-bill.com",security-alert@gateway.com,phishing
phish-6629,923034000000.0,0.0,187.0,Subscription Alert,0.0,Your subscription will expire today. Renew here: http://bit.ly/secure-renew,security-alert@gateway.com,phishing
phish-7693,923039000000.0,1.0,110.0,Subscription Alert,0.0,Your subscription will expire today. Renew here: http://bit.ly/secure-renew,security-alert@gateway.com,phishing
phish-3193,923059000000.0,1.0,56.0,Security Alert,0.0,Suspicious login attempt from Brazil. Secure your account: http://login-verify.com,security-alert@gateway.com,phishing
phish-6590,923061000000.0,0.0,150.0,Courier Service,0.0,Urgent: Your parcel is held at customs. Pay duty: http://parcel-track.xyz,security-alert@gateway.com,phishing
phish-6065,923017000000.0,0.0,153.0,Utility Bill,0.0,"Your electricity bill is unpaid, account will be disconnected. Pay: http://wapda-bill.com",security-alert@gateway.com,phishing
phish-7056,923021000000.0,1.0,54.0,Subscription Alert,0.0,Your subscription will expire today. Renew here: http://bit.ly/secure-renew,security-alert@gateway.com,phishing
phish-9906,923072000000.0,0.0,164.0,Security Alert,0.0,Suspicious login attempt from Brazil. Secure your account: http://login-verify.com,security-alert@gateway.com,phishing
phish-7373,923040000000.0,1.0,85.0,Security Alert,0.0,Suspicious login attempt from Brazil. Secure your account: http://login-verify.com,security-alert@gateway.com,phishing
phish-3473,923081000000.0,0.0,179.0,Security Alert,0.0,Suspicious login attempt from Brazil. Secure your account: http://login-verify.com,security-alert@gateway.com,phishing
phish-9572,923030000000.0,0.0,75.0,Subscription Alert,0.0,Your subscription will expire today. Renew here: http://bit.ly/secure-renew,security-alert@gateway.com,phishing
phish-1671,923089000000.0,1.0,182.0,Security Alert,0.0,Suspicious login attempt from Brazil. Secure your account: http://login-verify.com,security-alert@gateway.com,phishing
phish-9178,923015000000.0,1.0,74.0,Subscription Alert,0.0,Your subscription will expire today. Renew here: http://bit.ly/secure-renew,security-alert@gateway.com,phishing
phish-5237,923060000000.0,0.0,170.0,Security Alert,0.0,Suspicious login attempt from Brazil. Secure your account: http://login-verify.com,security-alert@gateway.com,phishing
phish-4103,923036000000.0,1.0,173.0,Subscription Alert,0.0,Your subscription will expire today. Renew here: http://bit.ly/secure-renew,security-alert@gateway.com,phishing
phish-7273,923023000000.0,1.0,56.0,Courier Service,0.0,Urgent: Your parcel is held at customs. Pay duty: http://parcel-track.xyz,security-alert@gateway.com,phishing
phish-2021,923011000000.0,0.0,73.0,Courier Service,0.0,Urgent: Your parcel is held at customs. Pay duty: http://parcel-track.xyz,security-alert@gateway.com,phishing
phish-2829,923069000000.0,1.0,133.0,Security Alert,0.0,Suspicious login attempt from Brazil. Secure your account: http://login-verify.com,security-alert@gateway.com,phishing
phish-7128,923097000000.0,0.0,144.0,Govt Grant,0.0,"Claim your Govt. relief fund of Rs.25,000 now: http://relief-gov.pk",security-alert@gateway.com,phishing
phish-3922,923092000000.0,0.0,104.0,Subscription Alert,0.0,Your subscription will expire today. Renew here: http://bit.ly/secure-renew,security-alert@gateway.com,phishing
phish-8433,923059000000.0,0.0,72.0,Utility Bill,0.0,"Your electricity bill is unpaid, account will be disconnected. Pay: http://wapda-bill.com",security-alert@gateway.com,phishing
phish-6884,923069000000.0,1.0,128.0,Utility Bill,0.0,"Your electricity bill is unpaid, account will be disconnected. Pay: http://wapda-bill.com",security-alert@gateway.com,phishing
phish-6144,923094000000.0,1.0,143.0,Courier Service,0.0,Urgent: Your parcel is held at customs. Pay duty: http://parcel-track.xyz,security-alert@gateway.com,phishing
phish-5361,923016000000.0,0.0,109.0,Utility Bill,0.0,"Your electricity bill is unpaid, account will be disconnected. Pay: http://wapda-bill.com",security-alert@gateway.com,phishing
phish-7538,923016000000.0,1.0,65.0,Utility Bill,0.0,"Your electricity bill is unpaid, account will be disconnected. Pay: http://wapda-bill.com",security-alert@gateway.com,phishing
phish-6437,923032000000.0,1.0,74.0,Subscription Alert,0.0,Your subscription will expire today. Renew here: http://bit.ly/secure-renew,security-alert@gateway.com,phishing
phish-4233,923074000000.0,1.0,92.0,Subscription Alert,0.0,Your subscription will expire today. Renew here: http://bit.ly/secure-renew,security-alert@gateway.com,phishing
phish-6954,923033000000.0,0.0,153.0,Subscription Alert,0.0,Your subscription will expire today. Renew here: http://bit.ly/secure-renew,security-alert@gateway.com,phishing
phish-3124,923080000000.0,0.0,176.0,Courier Service,0.0,Urgent: Your parcel is held at customs. Pay duty: http://parcel-track.xyz,security-alert@gateway.com,phishing
phish-7549,923010000000.0,0.0,182.0,Govt Grant,0.0,"Claim your Govt. relief fund of Rs.25,000 now: http://relief-gov.pk",security-alert@gateway.com,phishing
phish-7330,923014000000.0,0.0,94.0,Security Alert,0.0,Suspicious login attempt from Brazil. Secure your account: http://login-verify.com,security-alert@gateway.com,phishing
phish-1114,923055000000.0,1.0,182.0,Utility Bill,0.0,"Your electricity bill is unpaid, account will be disconnected. Pay: http://wapda-bill.com",security-alert@gateway.com,phishing
phish-2749,923016000000.0,0.0,57.0,Govt Grant,0.0,"Claim your Govt. relief fund of Rs.25,000 now: http://relief-gov.pk",security-alert@gateway.com,phishing
phish-9914,923088000000.0,0.0,125.0,Courier Service,0.0,Urgent: Your parcel is held at customs. Pay duty: http://parcel-track.xyz,security-alert@gateway.com,phishing
phish-3693,923062000000.0,0.0,69.0,Subscription Alert,0.0,Your subscription will expire today. Renew here: http://bit.ly/secure-renew,security-alert@gateway.com,phishing
phish-3997,923017000000.0,0.0,149.0,Govt Grant,0.0,"Claim your Govt. relief fund of Rs.25,000 now: http://relief-gov.pk",security-alert@gateway.com,phishing
phish-4770,923029000000.0,0.0,60.0,Courier Service,0.0,Urgent: Your parcel is held at customs. Pay duty: http://parcel-track.xyz,security-alert@gateway.com,phishing
phish-6105,923085000000.0,1.0,136.0,Subscription Alert,0.0,Your subscription will expire today. Renew here: http://bit.ly/secure-renew,security-alert@gateway.com,phishing
phish-7772,923044000000.0,0.0,91.0,Courier Service,0.0,Urgent: Your parcel is held at customs. Pay duty: http://parcel-track.xyz,security-alert@gateway.com,phishing
phish-7600,923094000000.0,0.0,109.0,Utility Bill,0.0,"Your electricity bill is unpaid, account will be disconnected. Pay: http://wapda-bill.com",security-alert@gateway.com,phishing
phish-7150,923066000000.0,0.0,120.0,Security Alert,0.0,Suspicious login attempt from Brazil. Secure your account: http://login-verify.com,security-alert@gateway.com,phishing
phish-3532,923043000000.0,1.0,92.0,Utility Bill,0.0,"Your electricity bill is unpaid, account will be disconnected. Pay: http://wapda-bill.com",security-alert@gateway.com,phishing
phish-8920,923056000000.0,0.0,157.0,Utility Bill,0.0,"Your electricity bill is unpaid, account will be disconnected. Pay: http://wapda-bill.com",security-alert@gateway.com,phishing
phish-9973,923019000000.0,1.0,176.0,Utility Bill,0.0,"Your electricity bill is unpaid, account will be disconnected. Pay: http://wapda-bill.com",security-alert@gateway.com,phishing
phish-1768,923088000000.0,1.0,110.0,Security Alert,0.0,Suspicious login attempt from Brazil. Secure your account: http://login-verify.com,security-alert@gateway.com,phishing
phish-5933,923093000000.0,1.0,96.0,Subscription Alert,0.0,Your subscription will expire today. Renew here: http://bit.ly/secure-renew,security-alert@gateway.com,phishing
phish-8816,923054000000.0,0.0,80.0,Security Alert,0.0,Suspicious login attempt from Brazil. Secure your account: http://login-verify.com,security-alert@gateway.com,phishing
phish-9991,923068000000.0,0.0,146.0,Utility Bill,0.0,"Your electricity bill is unpaid, account will be disconnected. Pay: http://wapda-bill.com",security-alert@gateway.com,phishing
phish-6677,923058000000.0,1.0,109.0,Security Alert,0.0,Suspicious login attempt from Brazil. Secure your account: http://login-verify.com,security-alert@gateway.com,phishing
phish-8114,923072000000.0,1.0,81.0,Subscription Alert,0.0,Your subscription will expire today. Renew here: http://bit.ly/secure-renew,security-alert@gateway.com,phishing
phish-8769,923090000000.0,1.0,93.0,Subscription Alert,0.0,Your subscription will expire today. Renew here: http://bit.ly/secure-renew,security-alert@gateway.com,phishing
phish-7894,923067000000.0,1.0,144.0,Courier Service,0.0,Urgent: Your parcel is held at customs. Pay duty: http://parcel-track.xyz,security-alert@gateway.com,phishing
phish-2445,923023000000.0,1.0,144.0,Courier Service,0.0,Urgent: Your parcel is held at customs. Pay duty: http://parcel-track.xyz,security-alert@gateway.com,phishing
phish-5985,923075000000.0,1.0,70.0,Courier Service,0.0,Urgent: Your parcel is held at customs. Pay duty: http://parcel-track.xyz,security-alert@gateway.com,phishing
phish-4417,923060000000.0,1.0,184.0,Security Alert,0.0,Suspicious login attempt from Brazil. Secure your account: http://login-verify.com,security-alert@gateway.com,phishing
phish-6908,923013000000.0,1.0,78.0,Security Alert,0.0,Suspicious login attempt from Brazil. Secure your account: http://login-verify.com,security-alert@gateway.com,phishing
phish-5405,923041000000.0,0.0,119.0,Govt Grant,0.0,"Claim your Govt. relief fund of Rs.25,000 now: http://relief-gov.pk",security-alert@gateway.com,phishing
phish-6862,923083000000.0,0.0,144.0,Courier Service,0.0,Urgent: Your parcel is held at customs. Pay duty: http://parcel-track.xyz,security-alert@gateway.com,phishing
phish-5927,923086000000.0,0.0,182.0,Courier Service,0.0,Urgent: Your parcel is held at customs. Pay duty: http://parcel-track.xyz,security-alert@gateway.com,phishing
phish-8568,923040000000.0,1.0,103.0,Security Alert,0.0,Suspicious login attempt from Brazil. Secure your account: http://login-verify.com,security-alert@gateway.com,phishing
phish-3987,923092000000.0,0.0,127.0,Security Alert,0.0,Suspicious login attempt from Brazil. Secure your account: http://login-verify.com,security-alert@gateway.com,phishing
phish-2656,923052000000.0,0.0,104.0,Govt Grant,0.0,"Claim your Govt. relief fund of Rs.25,000 now: http://relief-gov.pk",security-alert@gateway.com,phishing
phish-4069,923060000000.0,1.0,51.0,Govt Grant,0.0,"Claim your Govt. relief fund of Rs.25,000 now: http://relief-gov.pk",security-alert@gateway.com,phishing
phish-8470,923090000000.0,1.0,74.0,Security Alert,0.0,Suspicious login attempt from Brazil. Secure your account: http://login-verify.com,security-alert@gateway.com,phishing
phish-7363,923033000000.0,1.0,63.0,Govt Grant,0.0,"Claim your Govt. relief fund of Rs.25,000 now: http://relief-gov.pk",security-alert@gateway.com,phishing
phish-8352,923066000000.0,1.0,64.0,Utility Bill,0.0,"Your electricity bill is unpaid, account will be disconnected. Pay: http://wapda-bill.com",security-alert@gateway.com,phishing
phish-8396,923045000000.0,0.0,127.0,Security Alert,0.0,Suspicious login attempt from Brazil. Secure your account: http://login-verify.com,security-alert@gateway.com,phishing
phish-8585,923019000000.0,1.0,114.0,Security Alert,0.0,Suspicious login attempt from Brazil. Secure your account: http://login-verify.com,security-alert@gateway.com,phishing
phish-2096,923095000000.0,0.0,137.0,Subscription Alert,0.0,Your subscription will expire today. Renew here: http://bit.ly/secure-renew,security-alert@gateway.com,phishing
phish-1173,923020000000.0,0.0,82.0,Utility Bill,0.0,"Your electricity bill is unpaid, account will be disconnected. Pay: http://wapda-bill.com",security-alert@gateway.com,phishing
phish-2613,923079000000.0,0.0,145.0,Subscription Alert,0.0,Your subscription will expire today. Renew here: http://bit.ly/secure-renew,security-alert@gateway.com,phishing
phish-9522,923074000000.0,0.0,193.0,Security Alert,0.0,Suspicious login attempt from Brazil. Secure your account: http://login-verify.com,security-alert@gateway.com,phishing
phish-5081,923043000000.0,1.0,191.0,Security Alert,0.0,Suspicious login attempt from Brazil. Secure your account: http://login-verify.com,security-alert@gateway.com,phishing
phish-6473,923079000000.0,1.0,159.0,Courier Service,0.0,Urgent: Your parcel is held at customs. Pay duty: http://parcel-track.xyz,security-alert@gateway.com,phishing
phish-3903,923040000000.0,0.0,58.0,Subscription Alert,0.0,Your subscription will expire today. Renew here: http://bit.ly/secure-renew,security-alert@gateway.com,phishing
phish-5208,923093000000.0,1.0,150.0,Courier Service,0.0,Urgent: Your parcel is held at customs. Pay duty: http://parcel-track.xyz,security-alert@gateway.com,phishing
phish-7644,923053000000.0,1.0,115.0,Utility Bill,0.0,"Your electricity bill is unpaid, account will be disconnected. Pay: http://wapda-bill.com",security-alert@gateway.com,phishing
phish-4910,923022000000.0,1.0,196.0,Govt Grant,0.0,"Claim your Govt. relief fund of Rs.25,000 now: http://relief-gov.pk",security-alert@gateway.com,phishing
phish-6830,923041000000.0,0.0,60.0,Govt Grant,0.0,"Claim your Govt. relief fund of Rs.25,000 now: http://relief-gov.pk",security-alert@gateway.com,phishing
phish-1821,923014000000.0,0.0,157.0,Courier Service,0.0,Urgent: Your parcel is held at customs. Pay duty: http://parcel-track.xyz,security-alert@gateway.com,phishing
phish-4431,923059000000.0,1.0,85.0,Courier Service,0.0,Urgent: Your parcel is held at customs. Pay duty: http://parcel-track.xyz,security-alert@gateway.com,phishing
phish-4235,923025000000.0,1.0,96.0,Govt Grant,0.0,"Claim your Govt. relief fund of Rs.25,000 now: http://relief-gov.pk",security-alert@gateway.com,phishing
phish-8669,923039000000.0,0.0,138.0,Subscription Alert,0.0,Your subscription will expire today. Renew here: http://bit.ly/secure-renew,security-alert@gateway.com,phishing
phish-3967,923042000000.0,1.0,128.0,Utility Bill,0.0,"Your electricity bill is unpaid, account will be disconnected. Pay: http://wapda-bill.com",security-alert@gateway.com,phishing
phish-5664,923083000000.0,1.0,91.0,Govt Grant,0.0,"Claim your Govt. relief fund of Rs.25,000 now: http://relief-gov.pk",security-alert@gateway.com,phishing
phish-4450,923031000000.0,1.0,176.0,Subscription Alert,0.0,Your subscription will expire today. Renew here: http://bit.ly/secure-renew,security-alert@gateway.com,phishing
phish-9133,923090000000.0,1.0,196.0,Security Alert,0.0,Suspicious login attempt from Brazil. Secure your account: http://login-verify.com,security-alert@gateway.com,phishing
phish-5695,923040000000.0,1.0,112.0,Utility Bill,0.0,"Your electricity bill is unpaid, account will be disconnected. Pay: http://wapda-bill.com",security-alert@gateway.com,phishing
phish-6487,923029000000.0,0.0,192.0,Subscription Alert,0.0,Your subscription will expire today. Renew here: http://bit.ly/secure-renew,security-alert@gateway.com,phishing
phish-3318,923092000000.0,1.0,53.0,Subscription Alert,0.0,Your subscription will expire today. Renew here: http://bit.ly/secure-renew,security-alert@gateway.com,phishing
phish-7439,923033000000.0,0.0,76.0,Govt Grant,0.0,"Claim your Govt. relief fund of Rs.25,000 now: http://relief-gov.pk",security-alert@gateway.com,phishing
phish-6573,923041000000.0,1.0,117.0,Utility Bill,0.0,"Your electricity bill is unpaid, account will be disconnected. Pay: http://wapda-bill.com",security-alert@gateway.com,phishing
phish-7094,923091000000.0,0.0,138.0,Security Alert,0.0,Suspicious login attempt from Brazil. Secure your account: http://login-verify.com,security-alert@gateway.com,phishing
phish-2554,923049000000.0,0.0,175.0,Utility Bill,0.0,"Your electricity bill is unpaid, account will be disconnected. Pay: http://wapda-bill.com",security-alert@gateway.com,phishing
phish-9553,923095000000.0,0.0,111.0,Courier Service,0.0,Urgent: Your parcel is held at customs. Pay duty: http://parcel-track.xyz,security-alert@gateway.com,phishing
phish-4346,923059000000.0,0.0,90.0,Subscription Alert,0.0,Your subscription will expire today. Renew here: http://bit.ly/secure-renew,security-alert@gateway.com,phishing
phish-4392,923023000000.0,0.0,174.0,Courier Service,0.0,Urgent: Your parcel is held at customs. Pay duty: http://parcel-track.xyz,security-alert@gateway.com,phishing
phish-8720,923067000000.0,0.0,133.0,Govt Grant,0.0,"Claim your Govt. relief fund of Rs.25,000 now: http://relief-gov.pk",security-alert@gateway.com,phishing
phish-6085,923029000000.0,0.0,183.0,Security Alert,0.0,Suspicious login attempt from Brazil. Secure your account: http://login-verify.com,security-alert@gateway.com,phishing
phish-4039,923064000000.0,1.0,83.0,Utility Bill,0.0,"Your electricity bill is unpaid, account will be disconnected. Pay: http://wapda-bill.com",security-alert@gateway.com,phishing
phish-1925,923049000000.0,0.0,173.0,Courier Service,0.0,Urgent: Your parcel is held at customs. Pay duty: http://parcel-track.xyz,security-alert@gateway.com,phishing
phish-7843,923040000000.0,0.0,122.0,Security Alert,0.0,Suspicious login attempt from Brazil. Secure your account: http://login-verify.com,security-alert@gateway.com,phishing
phish-2198,923060000000.0,1.0,143.0,Utility Bill,0.0,"Your electricity bill is unpaid, account will be disconnected. Pay: http://wapda-bill.com",security-alert@gateway.com,phishing
phish-9333,923014000000.0,0.0,131.0,Utility Bill,0.0,"Your electricity bill is unpaid, account will be disconnected. Pay: http://wapda-bill.com",security-alert@gateway.com,phishing
phish-3149,923080000000.0,1.0,59.0,Courier Service,0.0,Urgent: Your parcel is held at customs. Pay duty: http://parcel-track.xyz,security-alert@gateway.com,phishing
phish-5985,923033000000.0,1.0,112.0,Courier Service,0.0,Urgent: Your parcel is held at customs. Pay duty: http://parcel-track.xyz,security-alert@gateway.com,phishing
phish-6899,923094000000.0,1.0,118.0,Subscription Alert,0.0,Your subscription will expire today. Renew here: http://bit.ly/secure-renew,security-alert@gateway.com,phishing
phish-7466,923050000000.0,0.0,188.0,Subscription Alert,0.0,Your subscription will expire today. Renew here: http://bit.ly/secure-renew,security-alert@gateway.com,phishing
phish-2177,923026000000.0,1.0,66.0,Security Alert,0.0,Suspicious login attempt from Brazil. Secure your account: http://login-verify.com,security-alert@gateway.com,phishing
phish-4814,923094000000.0,0.0,173.0,Security Alert,0.0,Suspicious login attempt from Brazil. Secure your account: http://login-verify.com,security-alert@gateway.com,phishing
phish-8247,923048000000.0,1.0,167.0,Govt Grant,0.0,"Claim your Govt. relief fund of Rs.25,000 now: http://relief-gov.pk",security-alert@gateway.com,phishing
phish-2165,923048000000.0,1.0,50.0,Subscription Alert,0.0,Your subscription will expire today. Renew here: http://bit.ly/secure-renew,security-alert@gateway.com,phishing
phish-3729,923059000000.0,1.0,50.0,Subscription Alert,0.0,Your subscription will expire today. Renew here: http://bit.ly/secure-renew,security-alert@gateway.com,phishing
phish-2186,923058000000.0,1.0,195.0,Security Alert,0.0,Suspicious login attempt from Brazil. Secure your account: http://login-verify.com,security-alert@gateway.com,phishing
phish-8463,923092000000.0,1.0,178.0,Subscription Alert,0.0,Your subscription will expire today. Renew here: http://bit.ly/secure-renew,security-alert@gateway.com,phishing
phish-4140,923020000000.0,1.0,107.0,Courier Service,0.0,Urgent: Your parcel is held at customs. Pay duty: http://parcel-track.xyz,security-alert@gateway.com,phishing
phish-4665,923034000000.0,0.0,142.0,Courier Service,0.0,Urgent: Your parcel is held at customs. Pay duty: http://parcel-track.xyz,security-alert@gateway.com,phishing
phish-6745,923099000000.0,0.0,87.0,Utility Bill,0.0,"Your electricity bill is unpaid, account will be disconnected. Pay: http://wapda-bill.com",security-alert@gateway.com,phishing
phish-2412,923029000000.0,0.0,180.0,Utility Bill,0.0,"Your electricity bill is unpaid, account will be disconnected. Pay: http://wapda-bill.com",security-alert@gateway.com,phishing
phish-2675,923066000000.0,0.0,128.0,Govt Grant,0.0,"Claim your Govt. relief fund of Rs.25,000 now: http://relief-gov.pk",security-alert@gateway.com,phishing
phish-8478,923072000000.0,0.0,174.0,Govt Grant,0.0,"Claim your Govt. relief fund of Rs.25,000 now: http://relief-gov.pk",security-alert@gateway.com,phishing
phish-3372,923047000000.0,1.0,114.0,Govt Grant,0.0,"Claim your Govt. relief fund of Rs.25,000 now: http://relief-gov.pk",security-alert@gateway.com,phishing
phish-9874,923079000000.0,0.0,154.0,Security Alert,0.0,Suspicious login attempt from Brazil. Secure your account: http://login-verify.com,security-alert@gateway.com,phishing
phish-7337,923040000000.0,0.0,153.0,Utility Bill,0.0,"Your electricity bill is unpaid, account will be disconnected. Pay: http://wapda-bill.com",security-alert@gateway.com,phishing
phish-1138,923094000000.0,0.0,78.0,Govt Grant,0.0,"Claim your Govt. relief fund of Rs.25,000 now: http://relief-gov.pk",security-alert@gateway.com,phishing
phish-6862,923086000000.0,0.0,115.0,Courier Service,0.0,Urgent: Your parcel is held at customs. Pay duty: http://parcel-track.xyz,security-alert@gateway.com,phishing
phish-4042,923036000000.0,1.0,115.0,Utility Bill,0.0,"Your electricity bill is unpaid, account will be disconnected. Pay: http://wapda-bill.com",security-alert@gateway.com,phishing
phish-1160,923092000000.0,1.0,191.0,Subscription Alert,0.0,Your subscription will expire today. Renew here: http://bit.ly/secure-renew,security-alert@gateway.com,phishing
phish-9915,923031000000.0,1.0,103.0,Govt Grant,0.0,"Claim your Govt. relief fund of Rs.25,000 now: http://relief-gov.pk",security-alert@gateway.com,phishing
phish-8073,923053000000.0,1.0,84.0,Subscription Alert,0.0,Your subscription will expire today. Renew here: http://bit.ly/secure-renew,security-alert@gateway.com,phishing
phish-1050,923016000000.0,1.0,188.0,Courier Service,0.0,Urgent: Your parcel is held at customs. Pay duty: http://parcel-track.xyz,security-alert@gateway.com,phishing
phish-2567,923080000000.0,1.0,89.0,Security Alert,0.0,Suspicious login attempt from Brazil. Secure your account: http://login-verify.com,security-alert@gateway.com,phishing
phish-5504,923029000000.0,0.0,111.0,Govt Grant,0.0,"Claim your Govt. relief fund of Rs.25,000 now: http://relief-gov.pk",security-alert@gateway.com,phishing
phish-5013,923053000000.0,0.0,157.0,Security Alert,0.0,Suspicious login attempt from Brazil. Secure your account: http://login-verify.com,security-alert@gateway.com,phishing
phish-2916,923083000000.0,0.0,134.0,Subscription Alert,0.0,Your subscription will expire today. Renew here: http://bit.ly/secure-renew,security-alert@gateway.com,phishing
phish-8859,923060000000.0,0.0,118.0,Govt Grant,0.0,"Claim your Govt. relief fund of Rs.25,000 now: http://relief-gov.pk",security-alert@gateway.com,phishing
phish-8471,923099000000.0,1.0,78.0,Govt Grant,0.0,"Claim your Govt. relief fund of Rs.25,000 now: http://relief-gov.pk",security-alert@gateway.com,phishing
phish-2745,923038000000.0,1.0,139.0,Govt Grant,0.0,"Claim your Govt. relief fund of Rs.25,000 now: http://relief-gov.pk",security-alert@gateway.com,phishing
phish-1173,923082000000.0,0.0,70.0,Courier Service,0.0,Urgent: Your parcel is held at customs. Pay duty: http://parcel-track.xyz,security-alert@gateway.com,phishing
phish-6736,923048000000.0,1.0,193.0,Govt Grant,0.0,"Claim your Govt. relief fund of Rs.25,000 now: http://relief-gov.pk",security-alert@gateway.com,phishing
phish-1710,923029000000.0,1.0,168.0,Utility Bill,0.0,"Your electricity bill is unpaid, account will be disconnected. Pay: http://wapda-bill.com",security-alert@gateway.com,phishing
phish-4673,923070000000.0,0.0,194.0,Courier Service,0.0,Urgent: Your parcel is held at customs. Pay duty: http://parcel-track.xyz,security-alert@gateway.com,phishing
phish-9096,923028000000.0,0.0,76.0,Subscription Alert,0.0,Your subscription will expire today. Renew here: http://bit.ly/secure-renew,security-alert@gateway.com,phishing
phish-1166,923022000000.0,1.0,83.0,Subscription Alert,0.0,Your subscription will expire today. Renew here: http://bit.ly/secure-renew,security-alert@gateway.com,phishing
phish-7395,923094000000.0,1.0,121.0,Subscription Alert,0.0,Your subscription will expire today. Renew here: http://bit.ly/secure-renew,security-alert@gateway.com,phishing
phish-2418,923047000000.0,0.0,86.0,Govt Grant,0.0,"Claim your Govt. relief fund of Rs.25,000 now: http://relief-gov.pk",security-alert@gateway.com,phishing
phish-9907,923086000000.0,1.0,196.0,Courier Service,0.0,Urgent: Your parcel is held at customs. Pay duty: http://parcel-track.xyz,security-alert@gateway.com,phishing
phish-3009,923097000000.0,0.0,93.0,Govt Grant,0.0,"Claim your Govt. relief fund of Rs.25,000 now: http://relief-gov.pk",security-alert@gateway.com,phishing
phish-7255,923045000000.0,1.0,137.0,Security Alert,0.0,Suspicious login attempt from Brazil. Secure your account: http://login-verify.com,security-alert@gateway.com,phishing
phish-8527,923078000000.0,1.0,83.0,Courier Service,0.0,Urgent: Your parcel is held at customs. Pay duty: http://parcel-track.xyz,security-alert@gateway.com,phishing
phish-4290,923085000000.0,1.0,70.0,Utility Bill,0.0,"Your electricity bill is unpaid, account will be disconnected. Pay: http://wapda-bill.com",security-alert@gateway.com,phishing
phish-7518,923016000000.0,1.0,181.0,Utility Bill,0.0,"Your electricity bill is unpaid, account will be disconnected. Pay: http://wapda-bill.com",security-alert@gateway.com,phishing
phish-7083,923051000000.0,0.0,115.0,Utility Bill,0.0,"Your electricity bill is unpaid, account will be disconnected. Pay: http://wapda-bill.com",security-alert@gateway.com,phishing
phish-4408,923096000000.0,1.0,100.0,Security Alert,0.0,Suspicious login attempt from Brazil. Secure your account: http://login-verify.com,security-alert@gateway.com,phishing
phish-6636,923019000000.0,1.0,61.0,Utility Bill,0.0,"Your electricity bill is unpaid, account will be disconnected. Pay: http://wapda-bill.com",security-alert@gateway.com,phishing
phish-5973,923014000000.0,0.0,60.0,Subscription Alert,0.0,Your subscription will expire today. Renew here: http://bit.ly/secure-renew,security-alert@gateway.com,phishing
phish-7387,923054000000.0,1.0,130.0,Govt Grant,0.0,"Claim your Govt. relief fund of Rs.25,000 now: http://relief-gov.pk",security-alert@gateway.com,phishing
phish-3155,923047000000.0,0.0,192.0,Utility Bill,0.0,"Your electricity bill is unpaid, account will be disconnected. Pay: http://wapda-bill.com",security-alert@gateway.com,phishing
phish-5998,923060000000.0,1.0,134.0,Security Alert,0.0,Suspicious login attempt from Brazil. Secure your account: http://login-verify.com,security-alert@gateway.com,phishing
phish-9432,923058000000.0,0.0,124.0,Subscription Alert,0.0,Your subscription will expire today. Renew here: http://bit.ly/secure-renew,security-alert@gateway.com,phishing
phish-1658,923096000000.0,0.0,50.0,Security Alert,0.0,Suspicious login attempt from Brazil. Secure your account: http://login-verify.com,security-alert@gateway.com,phishing
phish-1528,923088000000.0,1.0,100.0,Courier Service,0.0,Urgent: Your parcel is held at customs. Pay duty: http://parcel-track.xyz,security-alert@gateway.com,phishing
phish-8129,923030000000.0,1.0,146.0,Security Alert,0.0,Suspicious login attempt from Brazil. Secure your account: http://login-verify.com,security-alert@gateway.com,phishing
phish-6882,923083000000.0,0.0,200.0,Courier Service,0.0,Urgent: Your parcel is held at customs. Pay duty: http://parcel-track.xyz,security-alert@gateway.com,phishing
phish-5949,923082000000.0,0.0,176.0,Govt Grant,0.0,"Claim your Govt. relief fund of Rs.25,000 now: http://relief-gov.pk",security-alert@gateway.com,phishing
phish-6261,923035000000.0,0.0,88.0,Utility Bill,0.0,"Your electricity bill is unpaid, account will be disconnected. Pay: http://wapda-bill.com",security-alert@gateway.com,phishing
phish-2178,923030000000.0,1.0,86.0,Security Alert,0.0,Suspicious login attempt from Brazil. Secure your account: http://login-verify.com,security-alert@gateway.com,phishing
phish-8122,923012000000.0,1.0,62.0,Courier Service,0.0,Urgent: Your parcel is held at customs. Pay duty: http://parcel-track.xyz,security-alert@gateway.com,phishing
phish-3401,923086000000.0,1.0,141.0,Govt Grant,0.0,"Claim your Govt. relief fund of Rs.25,000 now: http://relief-gov.pk",security-alert@gateway.com,phishing
phish-6798,923059000000.0,1.0,197.0,Govt Grant,0.0,"Claim your Govt. relief fund of Rs.25,000 now: http://relief-gov.pk",security-alert@gateway.com,phishing
phish-3173,923014000000.0,0.0,186.0,Utility Bill,0.0,"Your electricity bill is unpaid, account will be disconnected. Pay: http://wapda-bill.com",security-alert@gateway.com,phishing
phish-6939,923055000000.0,1.0,108.0,Courier Service,0.0,Urgent: Your parcel is held at customs. Pay duty: http://parcel-track.xyz,security-alert@gateway.com,phishing
phish-3116,923057000000.0,1.0,171.0,Security Alert,0.0,Suspicious login attempt from Brazil. Secure your account: http://login-verify.com,security-alert@gateway.com,phishing
phish-6930,923059000000.0,0.0,163.0,Security Alert,0.0,Suspicious login attempt from Brazil. Secure your account: http://login-verify.com,security-alert@gateway.com,phishing
phish-8865,923029000000.0,0.0,187.0,Subscription Alert,0.0,Your subscription will expire today. Renew here: http://bit.ly/secure-renew,security-alert@gateway.com,phishing
phish-5143,923013000000.0,1.0,94.0,Govt Grant,0.0,"Claim your Govt. relief fund of Rs.25,000 now: http://relief-gov.pk",security-alert@gateway.com,phishing
phish-9039,923060000000.0,0.0,72.0,Govt Grant,0.0,"Claim your Govt. relief fund of Rs.25,000 now: http://relief-gov.pk",security-alert@gateway.com,phishing
phish-9973,923100000000.0,1.0,78.0,Security Alert,0.0,Suspicious login attempt from Brazil. Secure your account: http://login-verify.com,security-alert@gateway.com,phishing
phish-5421,923048000000.0,1.0,126.0,Security Alert,0.0,Suspicious login attempt from Brazil. Secure your account: http://login-verify.com,security-alert@gateway.com,phishing
phish-4372,923038000000.0,0.0,50.0,Security Alert,0.0,Suspicious login attempt from Brazil. Secure your account: http://login-verify.com,security-alert@gateway.com,phishing
phish-3147,923050000000.0,0.0,183.0,Security Alert,0.0,Suspicious login attempt from Brazil. Secure your account: http://login-verify.com,security-alert@gateway.com,phishing
phish-8740,923065000000.0,1.0,148.0,Subscription Alert,0.0,Your subscription will expire today. Renew here: http://bit.ly/secure-renew,security-alert@gateway.com,phishing
phish-3998,923041000000.0,0.0,133.0,Courier Service,0.0,Urgent: Your parcel is held at customs. Pay duty: http://parcel-track.xyz,security-alert@gateway.com,phishing
phish-6226,923049000000.0,1.0,113.0,Govt Grant,0.0,"Claim your Govt. relief fund of Rs.25,000 now: http://relief-gov.pk",security-alert@gateway.com,phishing
phish-2424,923078000000.0,1.0,102.0,Security Alert,0.0,Suspicious login attempt from Brazil. Secure your account: http://login-verify.com,security-alert@gateway.com,phishing
phish-9555,923020000000.0,1.0,170.0,Courier Service,0.0,Urgent: Your parcel is held at customs. Pay duty: http://parcel-track.xyz,security-alert@gateway.com,phishing
phish-5478,923033000000.0,0.0,56.0,Govt Grant,0.0,"Claim your Govt. relief fund of Rs.25,000 now: http://relief-gov.pk",security-alert@gateway.com,phishing
phish-1493,923061000000.0,1.0,55.0,Subscription Alert,0.0,Your subscription will expire today. Renew here: http://bit.ly/secure-renew,security-alert@gateway.com,phishing
phish-1476,923043000000.0,0.0,59.0,Utility Bill,0.0,"Your electricity bill is unpaid, account will be disconnected. Pay: http://wapda-bill.com",security-alert@gateway.com,phishing
phish-8962,923082000000.0,1.0,76.0,Govt Grant,0.0,"Claim your Govt. relief fund of Rs.25,000 now: http://relief-gov.pk",security-alert@gateway.com,phishing
phish-4574,923038000000.0,1.0,67.0,Utility Bill,0.0,"Your electricity bill is unpaid, account will be disconnected. Pay: http://wapda-bill.com",security-alert@gateway.com,phishing
phish-4162,923088000000.0,1.0,63.0,Utility Bill,0.0,"Your electricity bill is unpaid, account will be disconnected. Pay: http://wapda-bill.com",security-alert@gateway.com,phishing
phish-7472,923052000000.0,1.0,125.0,Govt Grant,0.0,"Claim your Govt. relief fund of Rs.25,000 now: http://relief-gov.pk",security-alert@gateway.com,phishing
phish-5711,923026000000.0,1.0,164.0,Subscription Alert,0.0,Your subscription will expire today. Renew here: http://bit.ly/secure-renew,security-alert@gateway.com,phishing
phish-9183,923016000000.0,1.0,199.0,Courier Service,0.0,Urgent: Your parcel is held at customs. Pay duty: http://parcel-track.xyz,security-alert@gateway.com,phishing
phish-5540,923088000000.0,1.0,63.0,Subscription Alert,0.0,Your subscription will expire today. Renew here: http://bit.ly/secure-renew,security-alert@gateway.com,phishing
phish-2670,923034000000.0,0.0,137.0,Govt Grant,0.0,"Claim your Govt. relief fund of Rs.25,000 now: http://relief-gov.pk",security-alert@gateway.com,phishing
phish-3667,923086000000.0,0.0,161.0,Subscription Alert,0.0,Your subscription will expire today. Renew here: http://bit.ly/secure-renew,security-alert@gateway.com,phishing
phish-7763,923082000000.0,0.0,174.0,Security Alert,0.0,Suspicious login attempt from Brazil. Secure your account: http://login-verify.com,security-alert@gateway.com,phishing
phish-5098,923045000000.0,1.0,161.0,Security Alert,0.0,Suspicious login attempt from Brazil. Secure your account: http://login-verify.com,security-alert@gateway.com,phishing
phish-3520,923050000000.0,1.0,176.0,Security Alert,0.0,Suspicious login attempt from Brazil. Secure your account: http://login-verify.com,security-alert@gateway.com,phishing
phish-7290,923024000000.0,0.0,116.0,Subscription Alert,0.0,Your subscription will expire today. Renew here: http://bit.ly/secure-renew,security-alert@gateway.com,phishing
phish-9204,923048000000.0,0.0,88.0,Utility Bill,0.0,"Your electricity bill is unpaid, account will be disconnected. Pay: http://wapda-bill.com",security-alert@gateway.com,phishing
phish-9588,923030000000.0,0.0,92.0,Subscription Alert,0.0,Your subscription will expire today. Renew here: http://bit.ly/secure-renew,security-alert@gateway.com,phishing
phish-1223,923024000000.0,1.0,119.0,Govt Grant,0.0,"Claim your Govt. relief fund of Rs.25,000 now: http://relief-gov.pk",security-alert@gateway.com,phishing
phish-8940,923037000000.0,1.0,54.0,Courier Service,0.0,Urgent: Your parcel is held at customs. Pay duty: http://parcel-track.xyz,security-alert@gateway.com,phishing
phish-2084,923044000000.0,1.0,111.0,Subscription Alert,0.0,Your subscription will expire today. Renew here: http://bit.ly/secure-renew,security-alert@gateway.com,phishing
phish-9716,923068000000.0,0.0,63.0,Utility Bill,0.0,"Your electricity bill is unpaid, account will be disconnected. Pay: http://wapda-bill.com",security-alert@gateway.com,phishing
phish-5947,923057000000.0,1.0,141.0,Security Alert,0.0,Suspicious login attempt from Brazil. Secure your account: http://login-verify.com,security-alert@gateway.com,phishing
phish-7067,923074000000.0,0.0,61.0,Security Alert,0.0,Suspicious login attempt from Brazil. Secure your account: http://login-verify.com,security-alert@gateway.com,phishing
phish-9113,923023000000.0,0.0,93.0,Govt Grant,0.0,"Claim your Govt. relief fund of Rs.25,000 now: http://relief-gov.pk",security-alert@gateway.com,phishing
phish-6232,923065000000.0,0.0,86.0,Subscription Alert,0.0,Your subscription will expire today. Renew here: http://bit.ly/secure-renew,security-alert@gateway.com,phishing
phish-8561,923092000000.0,0.0,55.0,Subscription Alert,0.0,Your subscription will expire today. Renew here: http://bit.ly/secure-renew,security-alert@gateway.com,phishing
phish-8932,923045000000.0,1.0,88.0,Security Alert,0.0,Suspicious login attempt from Brazil. Secure your account: http://login-verify.com,security-alert@gateway.com,phishing
phish-1856,923084000000.0,1.0,52.0,Subscription Alert,0.0,Your subscription will expire today. Renew here: http://bit.ly/secure-renew,security-alert@gateway.com,phishing
phish-8901,923074000000.0,1.0,189.0,Courier Service,0.0,Urgent: Your parcel is held at customs. Pay duty: http://parcel-track.xyz,security-alert@gateway.com,phishing
phish-2994,923024000000.0,0.0,193.0,Subscription Alert,0.0,Your subscription will expire today. Renew here: http://bit.ly/secure-renew,security-alert@gateway.com,phishing
phish-3903,923034000000.0,0.0,101.0,Subscription Alert,0.0,Your subscription will expire today. Renew here: http://bit.ly/secure-renew,security-alert@gateway.com,phishing
phish-7436,923022000000.0,0.0,156.0,Govt Grant,0.0,"Claim your Govt. relief fund of Rs.25,000 now: http://relief-gov.pk",security-alert@gateway.com,phishing
phish-3605,923069000000.0,0.0,187.0,Subscription Alert,0.0,Your subscription will expire today. Renew here: http://bit.ly/secure-renew,security-alert@gateway.com,phishing
phish-8488,923048000000.0,1.0,83.0,Courier Service,0.0,Urgent: Your parcel is held at customs. Pay duty: http://parcel-track.xyz,security-alert@gateway.com,phishing
phish-7683,923046000000.0,0.0,94.0,Utility Bill,0.0,"Your electricity bill is unpaid, account will be disconnected. Pay: http://wapda-bill.com",security-alert@gateway.com,phishing
phish-8442,923041000000.0,1.0,51.0,Subscription Alert,0.0,Your subscription will expire today. Renew here: http://bit.ly/secure-renew,security-alert@gateway.com,phishing
phish-6017,923059000000.0,0.0,191.0,Security Alert,0.0,Suspicious login attempt from Brazil. Secure your account: http://login-verify.com,security-alert@gateway.com,phishing
phish-1998,923087000000.0,0.0,113.0,Utility Bill,0.0,"Your electricity bill is unpaid, account will be disconnected. Pay: http://wapda-bill.com",security-alert@gateway.com,phishing
phish-8463,923034000000.0,0.0,174.0,Utility Bill,0.0,"Your electricity bill is unpaid, account will be disconnected. Pay: http://wapda-bill.com",security-alert@gateway.com,phishing
phish-5740,923088000000.0,0.0,197.0,Utility Bill,0.0,"Your electricity bill is unpaid, account will be disconnected. Pay: http://wapda-bill.com",security-alert@gateway.com,phishing
phish-2973,923089000000.0,0.0,154.0,Courier Service,0.0,Urgent: Your parcel is held at customs. Pay duty: http://parcel-track.xyz,security-alert@gateway.com,phishing
phish-9725,923020000000.0,0.0,121.0,Govt Grant,0.0,"Claim your Govt. relief fund of Rs.25,000 now: http://relief-gov.pk",security-alert@gateway.com,phishing
phish-5178,923073000000.0,1.0,185.0,Security Alert,0.0,Suspicious login attempt from Brazil. Secure your account: http://login-verify.com,security-alert@gateway.com,phishing
phish-4449,923049000000.0,1.0,83.0,Security Alert,0.0,Suspicious login attempt from Brazil. Secure your account: http://login-verify.com,security-alert@gateway.com,phishing
phish-5889,923018000000.0,0.0,182.0,Subscription Alert,0.0,Your subscription will expire today. Renew here: http://bit.ly/secure-renew,security-alert@gateway.com,phishing
phish-4264,923078000000.0,1.0,92.0,Govt Grant,0.0,"Claim your Govt. relief fund of Rs.25,000 now: http://relief-gov.pk",security-alert@gateway.com,phishing
phish-4341,923076000000.0,0.0,177.0,Govt Grant,0.0,"Claim your Govt. relief fund of Rs.25,000 now: http://relief-gov.pk",security-alert@gateway.com,phishing
phish-4191,923049000000.0,0.0,79.0,Govt Grant,0.0,"Claim your Govt. relief fund of Rs.25,000 now: http://relief-gov.pk",security-alert@gateway.com,phishing
phish-3777,923073000000.0,0.0,101.0,Courier Service,0.0,Urgent: Your parcel is held at customs. Pay duty: http://parcel-track.xyz,security-alert@gateway.com,phishing
phish-1038,923081000000.0,0.0,167.0,Utility Bill,0.0,"Your electricity bill is unpaid, account will be disconnected. Pay: http://wapda-bill.com",security-alert@gateway.com,phishing
phish-9007,923096000000.0,0.0,105.0,Security Alert,0.0,Suspicious login attempt from Brazil. Secure your account: http://login-verify.com,security-alert@gateway.com,phishing
phish-7129,923091000000.0,0.0,180.0,Subscription Alert,0.0,Your subscription will expire today. Renew here: http://bit.ly/secure-renew,security-alert@gateway.com,phishing
phish-6113,923027000000.0,1.0,186.0,Security Alert,0.0,Suspicious login attempt from Brazil. Secure your account: http://login-verify.com,security-alert@gateway.com,phishing
phish-2386,923085000000.0,1.0,158.0,Security Alert,0.0,Suspicious login attempt from Brazil. Secure your account: http://login-verify.com,security-alert@gateway.com,phishing
phish-6720,923066000000.0,1.0,100.0,Security Alert,0.0,Suspicious login attempt from Brazil. Secure your account: http://login-verify.com,security-alert@gateway.com,phishing
phish-4568,923037000000.0,0.0,82.0,Security Alert,0.0,Suspicious login attempt from Brazil. Secure your account: http://login-verify.com,security-alert@gateway.com,phishing
phish-9359,923085000000.0,0.0,112.0,Security Alert,0.0,Suspicious login attempt from Brazil. Secure your account: http://login-verify.com,security-alert@gateway.com,phishing
phish-7638,923067000000.0,0.0,107.0,Security Alert,0.0,Suspicious login attempt from Brazil. Secure your account: http://login-verify.com,security-alert@gateway.com,phishing
phish-9958,923035000000.0,0.0,164.0,Security Alert,0.0,Suspicious login attempt from Brazil. Secure your account: http://login-verify.com,security-alert@gateway.com,phishing
phish-5055,923061000000.0,1.0,140.0,Courier Service,0.0,Urgent: Your parcel is held at customs. Pay duty: http://parcel-track.xyz,security-alert@gateway.com,phishing
phish-8641,923049000000.0,1.0,74.0,Security Alert,0.0,Suspicious login attempt from Brazil. Secure your account: http://login-verify.com,security-alert@gateway.com,phishing
phish-3883,923088000000.0,1.0,58.0,Utility Bill,0.0,"Your electricity bill is unpaid, account will be disconnected. Pay: http://wapda-bill.com",security-alert@gateway.com,phishing
phish-2857,923027000000.0,1.0,139.0,Govt Grant,0.0,"Claim your Govt. relief fund of Rs.25,000 now: http://relief-gov.pk",security-alert@gateway.com,phishing
phish-8634,923019000000.0,1.0,115.0,Govt Grant,0.0,"Claim your Govt. relief fund of Rs.25,000 now: http://relief-gov.pk",security-alert@gateway.com,phishing
phish-3823,923089000000.0,1.0,65.0,Utility Bill,0.0,"Your electricity bill is unpaid, account will be disconnected. Pay: http://wapda-bill.com",security-alert@gateway.com,phishing
phish-8377,923079000000.0,0.0,184.0,Utility Bill,0.0,"Your electricity bill is unpaid, account will be disconnected. Pay: http://wapda-bill.com",security-alert@gateway.com,phishing
phish-9130,923061000000.0,0.0,88.0,Courier Service,0.0,Urgent: Your parcel is held at customs. Pay duty: http://parcel-track.xyz,security-alert@gateway.com,phishing
phish-9181,923072000000.0,1.0,121.0,Utility Bill,0.0,"Your electricity bill is unpaid, account will be disconnected. Pay: http://wapda-bill.com",security-alert@gateway.com,phishing
phish-1351,923012000000.0,1.0,87.0,Utility Bill,0.0,"Your electricity bill is unpaid, account will be disconnected. Pay: http://wapda-bill.com",security-alert@gateway.com,phishing
phish-3807,923081000000.0,1.0,69.0,Govt Grant,0.0,"Claim your Govt. relief fund of Rs.25,000 now: http://relief-gov.pk",security-alert@gateway.com,phishing
phish-6323,923062000000.0,1.0,198.0,Govt Grant,0.0,"Claim your Govt. relief fund of Rs.25,000 now: http://relief-gov.pk",security-alert@gateway.com,phishing
phish-7085,923039000000.0,0.0,92.0,Utility Bill,0.0,"Your electricity bill is unpaid, account will be disconnected. Pay: http://wapda-bill.com",security-alert@gateway.com,phishing
phish-7692,923051000000.0,1.0,191.0,Subscription Alert,0.0,Your subscription will expire today. Renew here: http://bit.ly/secure-renew,security-alert@gateway.com,phishing
phish-5514,923021000000.0,0.0,194.0,Security Alert,0.0,Suspicious login attempt from Brazil. Secure your account: http://login-verify.com,security-alert@gateway.com,phishing
phish-4568,923022000000.0,0.0,106.0,Utility Bill,0.0,"Your electricity bill is unpaid, account will be disconnected. Pay: http://wapda-bill.com",security-alert@gateway.com,phishing
phish-2571,923069000000.0,1.0,172.0,Subscription Alert,0.0,Your subscription will expire today. Renew here: http://bit.ly/secure-renew,security-alert@gateway.com,phishing
phish-4020,923041000000.0,0.0,76.0,Courier Service,0.0,Urgent: Your parcel is held at customs. Pay duty: http://parcel-track.xyz,security-alert@gateway.com,phishing
phish-6137,923069000000.0,0.0,157.0,Utility Bill,0.0,"Your electricity bill is unpaid, account will be disconnected. Pay: http://wapda-bill.com",security-alert@gateway.com,phishing
phish-3364,923085000000.0,1.0,67.0,Utility Bill,0.0,"Your electricity bill is unpaid, account will be disconnected. Pay: http://wapda-bill.com",security-alert@gateway.com,phishing
phish-7237,923075000000.0,1.0,196.0,Subscription Alert,0.0,Your subscription will expire today. Renew here: http://bit.ly/secure-renew,security-alert@gateway.com,phishing
phish-6547,923019000000.0,0.0,51.0,Subscription Alert,0.0,Your subscription will expire today. Renew here: http://bit.ly/secure-renew,security-alert@gateway.com,phishing
phish-2137,923064000000.0,1.0,110.0,Govt Grant,0.0,"Claim your Govt. relief fund of Rs.25,000 now: http://relief-gov.pk",security-alert@gateway.com,phishing
phish-8254,923039000000.0,0.0,192.0,Govt Grant,0.0,"Claim your Govt. relief fund of Rs.25,000 now: http://relief-gov.pk",security-alert@gateway.com,phishing
phish-9955,923063000000.0,1.0,88.0,Govt Grant,0.0,"Claim your Govt. relief fund of Rs.25,000 now: http://relief-gov.pk",security-alert@gateway.com,phishing
phish-8442,923056000000.0,1.0,192.0,Govt Grant,0.0,"Claim your Govt. relief fund of Rs.25,000 now: http://relief-gov.pk",security-alert@gateway.com,phishing
phish-6690,923099000000.0,1.0,162.0,Govt Grant,0.0,"Claim your Govt. relief fund of Rs.25,000 now: http://relief-gov.pk",security-alert@gateway.com,phishing
phish-1641,923026000000.0,0.0,161.0,Govt Grant,0.0,"Claim your Govt. relief fund of Rs.25,000 now: http://relief-gov.pk",security-alert@gateway.com,phishing
phish-1122,923012000000.0,0.0,111.0,Govt Grant,0.0,"Claim your Govt. relief fund of Rs.25,000 now: http://relief-gov.pk",security-alert@gateway.com,phishing
phish-2912,923058000000.0,0.0,67.0,Govt Grant,0.0,"Claim your Govt. relief fund of Rs.25,000 now: http://relief-gov.pk",security-alert@gateway.com,phishing
phish-9279,923093000000.0,1.0,69.0,Govt Grant,0.0,"Claim your Govt. relief fund of Rs.25,000 now: http://relief-gov.pk",security-alert@gateway.com,phishing
phish-4026,923034000000.0,0.0,99.0,Security Alert,0.0,Suspicious login attempt from Brazil. Secure your account: http://login-verify.com,security-alert@gateway.com,phishing
phish-9023,923023000000.0,1.0,145.0,Utility Bill,0.0,"Your electricity bill is unpaid, account will be disconnected. Pay: http://wapda-bill.com",security-alert@gateway.com,phishing
phish-4833,923010000000.0,1.0,65.0,Courier Service,0.0,Urgent: Your parcel is held at customs. Pay duty: http://parcel-track.xyz,security-alert@gateway.com,phishing
phish-3874,923035000000.0,0.0,61.0,Utility Bill,0.0,"Your electricity bill is unpaid, account will be disconnected. Pay: http://wapda-bill.com",security-alert@gateway.com,phishing
phish-1188,923056000000.0,1.0,130.0,Courier Service,0.0,Urgent: Your parcel is held at customs. Pay duty: http://parcel-track.xyz,security-alert@gateway.com,phishing
phish-4720,923030000000.0,0.0,110.0,Courier Service,0.0,Urgent: Your parcel is held at customs. Pay duty: http://parcel-track.xyz,security-alert@gateway.com,phishing
phish-2815,923096000000.0,0.0,147.0,Courier Service,0.0,Urgent: Your parcel is held at customs. Pay duty: http://parcel-track.xyz,security-alert@gateway.com,phishing
phish-9010,923085000000.0,0.0,94.0,Govt Grant,0.0,"Claim your Govt. relief fund of Rs.25,000 now: http://relief-gov.pk",security-alert@gateway.com,phishing
phish-9786,923063000000.0,0.0,198.0,Utility Bill,0.0,"Your electricity bill is unpaid, account will be disconnected. Pay: http://wapda-bill.com",security-alert@gateway.com,phishing
phish-4944,923072000000.0,0.0,57.0,Security Alert,0.0,Suspicious login attempt from Brazil. Secure your account: http://login-verify.com,security-alert@gateway.com,phishing
phish-6103,923070000000.0,1.0,90.0,Govt Grant,0.0,"Claim your Govt. relief fund of Rs.25,000 now: http://relief-gov.pk",security-alert@gateway.com,phishing
phish-7467,923036000000.0,0.0,66.0,Utility Bill,0.0,"Your electricity bill is unpaid, account will be disconnected. Pay: http://wapda-bill.com",security-alert@gateway.com,phishing
phish-4838,923020000000.0,0.0,131.0,Subscription Alert,0.0,Your subscription will expire today. Renew here: http://bit.ly/secure-renew,security-alert@gateway.com,phishing
phish-4586,923055000000.0,0.0,50.0,Utility Bill,0.0,"Your electricity bill is unpaid, account will be disconnected. Pay: http://wapda-bill.com",security-alert@gateway.com,phishing
phish-4024,923089000000.0,0.0,101.0,Subscription Alert,0.0,Your subscription will expire today. Renew here: http://bit.ly/secure-renew,security-alert@gateway.com,phishing
phish-9048,923032000000.0,1.0,51.0,Utility Bill,0.0,"Your electricity bill is unpaid, account will be disconnected. Pay: http://wapda-bill.com",security-alert@gateway.com,phishing
phish-3783,923016000000.0,1.0,65.0,Security Alert,0.0,Suspicious login attempt from Brazil. Secure your account: http://login-verify.com,security-alert@gateway.com,phishing
phish-5131,923054000000.0,1.0,166.0,Govt Grant,0.0,"Claim your Govt. relief fund of Rs.25,000 now: http://relief-gov.pk",security-alert@gateway.com,phishing
phish-5971,923015000000.0,1.0,114.0,Govt Grant,0.0,"Claim your Govt. relief fund of Rs.25,000 now: http://relief-gov.pk",security-alert@gateway.com,phishing
phish-1205,923094000000.0,1.0,90.0,Courier Service,0.0,Urgent: Your parcel is held at customs. Pay duty: http://parcel-track.xyz,security-alert@gateway.com,phishing
phish-7425,923085000000.0,0.0,98.0,Security Alert,0.0,Suspicious login attempt from Brazil. Secure your account: http://login-verify.com,security-alert@gateway.com,phishing
phish-6825,923017000000.0,1.0,94.0,Security Alert,0.0,Suspicious login attempt from Brazil. Secure your account: http://login-verify.com,security-alert@gateway.com,phishing
phish-6181,923077000000.0,0.0,186.0,Courier Service,0.0,Urgent: Your parcel is held at customs. Pay duty: http://parcel-track.xyz,security-alert@gateway.com,phishing
phish-5472,923033000000.0,0.0,93.0,Govt Grant,0.0,"Claim your Govt. relief fund of Rs.25,000 now: http://relief-gov.pk",security-alert@gateway.com,phishing
phish-5665,923024000000.0,1.0,116.0,Security Alert,0.0,Suspicious login attempt from Brazil. Secure your account: http://login-verify.com,security-alert@gateway.com,phishing
phish-5001,923018000000.0,1.0,198.0,Utility Bill,0.0,"Your electricity bill is unpaid, account will be disconnected. Pay: http://wapda-bill.com",security-alert@gateway.com,phishing
phish-8616,923081000000.0,0.0,104.0,Govt Grant,0.0,"Claim your Govt. relief fund of Rs.25,000 now: http://relief-gov.pk",security-alert@gateway.com,phishing
phish-7282,923097000000.0,0.0,192.0,Govt Grant,0.0,"Claim your Govt. relief fund of Rs.25,000 now: http://relief-gov.pk",security-alert@gateway.com,phishing
phish-4662,923018000000.0,0.0,93.0,Security Alert,0.0,Suspicious login attempt from Brazil. Secure your account: http://login-verify.com,security-alert@gateway.com,phishing
phish-6495,923083000000.0,1.0,115.0,Courier Service,0.0,Urgent: Your parcel is held at customs. Pay duty: http://parcel-track.xyz,security-alert@gateway.com,phishing
phish-9057,923089000000.0,0.0,131.0,Utility Bill,0.0,"Your electricity bill is unpaid, account will be disconnected. Pay: http://wapda-bill.com",security-alert@gateway.com,phishing
phish-1594,923096000000.0,1.0,162.0,Security Alert,0.0,Suspicious login attempt from Brazil. Secure your account: http://login-verify.com,security-alert@gateway.com,phishing
phish-9558,923017000000.0,0.0,156.0,Subscription Alert,0.0,Your subscription will expire today. Renew here: http://bit.ly/secure-renew,security-alert@gateway.com,phishing
phish-5867,923084000000.0,0.0,84.0,Security Alert,0.0,Suspicious login attempt from Brazil. Secure your account: http://login-verify.com,security-alert@gateway.com,phishing
phish-7036,923058000000.0,0.0,155.0,Security Alert,0.0,Suspicious login attempt from Brazil. Secure your account: http://login-verify.com,security-alert@gateway.com,phishing
phish-1410,923084000000.0,0.0,158.0,Courier Service,0.0,Urgent: Your parcel is held at customs. Pay duty: http://parcel-track.xyz,security-alert@gateway.com,phishing
phish-8894,923063000000.0,0.0,182.0,Subscription Alert,0.0,Your subscription will expire today. Renew here: http://bit.ly/secure-renew,security-alert@gateway.com,phishing
phish-1886,923095000000.0,1.0,121.0,Utility Bill,0.0,"Your electricity bill is unpaid, account will be disconnected. Pay: http://wapda-bill.com",security-alert@gateway.com,phishing
phish-8430,923078000000.0,1.0,97.0,Subscription Alert,0.0,Your subscription will expire today. Renew here: http://bit.ly/secure-renew,security-alert@gateway.com,phishing
phish-6373,923061000000.0,0.0,144.0,Courier Service,0.0,Urgent: Your parcel is held at customs. Pay duty: http://parcel-track.xyz,security-alert@gateway.com,phishing
phish-4795,923075000000.0,1.0,183.0,Security Alert,0.0,Suspicious login attempt from Brazil. Secure your account: http://login-verify.com,security-alert@gateway.com,phishing
phish-8727,923048000000.0,1.0,88.0,Govt Grant,0.0,"Claim your Govt. relief fund of Rs.25,000 now: http://relief-gov.pk",security-alert@gateway.com,phishing
phish-6165,923048000000.0,0.0,119.0,Govt Grant,0.0,"Claim your Govt. relief fund of Rs.25,000 now: http://relief-gov.pk",security-alert@gateway.com,phishing
phish-7096,923043000000.0,1.0,107.0,Govt Grant,0.0,"Claim your Govt. relief fund of Rs.25,000 now: http://relief-gov.pk",security-alert@gateway.com,phishing
phish-9991,923090000000.0,0.0,178.0,Courier Service,0.0,Urgent: Your parcel is held at customs. Pay duty: http://parcel-track.xyz,security-alert@gateway.com,phishing
phish-9258,923023000000.0,0.0,151.0,Security Alert,0.0,Suspicious login attempt from Brazil. Secure your account: http://login-verify.com,security-alert@gateway.com,phishing
phish-3202,923063000000.0,1.0,95.0,Subscription Alert,0.0,Your subscription will expire today. Renew here: http://bit.ly/secure-renew,security-alert@gateway.com,phishing
phish-5830,923037000000.0,1.0,182.0,Courier Service,0.0,Urgent: Your parcel is held at customs. Pay duty: http://parcel-track.xyz,security-alert@gateway.com,phishing
phish-2615,923099000000.0,1.0,144.0,Utility Bill,0.0,"Your electricity bill is unpaid, account will be disconnected. Pay: http://wapda-bill.com",security-alert@gateway.com,phishing
phish-5555,923063000000.0,0.0,54.0,Utility Bill,0.0,"Your electricity bill is unpaid, account will be disconnected. Pay: http://wapda-bill.com",security-alert@gateway.com,phishing
phish-9678,923054000000.0,0.0,161.0,Security Alert,0.0,Suspicious login attempt from Brazil. Secure your account: http://login-verify.com,security-alert@gateway.com,phishing
phish-4828,923074000000.0,0.0,166.0,Subscription Alert,0.0,Your subscription will expire today. Renew here: http://bit.ly/secure-renew,security-alert@gateway.com,phishing
phish-3515,923040000000.0,0.0,157.0,Govt Grant,0.0,"Claim your Govt. relief fund of Rs.25,000 now: http://relief-gov.pk",security-alert@gateway.com,phishing
phish-2101,923010000000.0,0.0,196.0,Utility Bill,0.0,"Your electricity bill is unpaid, account will be disconnected. Pay: http://wapda-bill.com",security-alert@gateway.com,phishing
phish-8081,923026000000.0,1.0,56.0,Utility Bill,0.0,"Your electricity bill is unpaid, account will be disconnected. Pay: http://wapda-bill.com",security-alert@gateway.com,phishing
phish-6985,923058000000.0,1.0,75.0,Courier Service,0.0,Urgent: Your parcel is held at customs. Pay duty: http://parcel-track.xyz,security-alert@gateway.com,phishing
phish-3701,923041000000.0,0.0,102.0,Security Alert,0.0,Suspicious login attempt from Brazil. Secure your account: http://login-verify.com,security-alert@gateway.com,phishing
phish-5846,923023000000.0,1.0,173.0,Courier Service,0.0,Urgent: Your parcel is held at customs. Pay duty: http://parcel-track.xyz,security-alert@gateway.com,phishing
phish-8568,923076000000.0,1.0,81.0,Security Alert,0.0,Suspicious login attempt from Brazil. Secure your account: http://login-verify.com,security-alert@gateway.com,phishing
phish-4661,923061000000.0,1.0,186.0,Security Alert,0.0,Suspicious login attempt from Brazil. Secure your account: http://login-verify.com,security-alert@gateway.com,phishing
phish-5099,923063000000.0,1.0,179.0,Utility Bill,0.0,"Your electricity bill is unpaid, account will be disconnected. Pay: http://wapda-bill.com",security-alert@gateway.com,phishing
phish-7629,923059000000.0,0.0,140.0,Security Alert,0.0,Suspicious login attempt from Brazil. Secure your account: http://login-verify.com,security-alert@gateway.com,phishing
phish-6955,923014000000.0,0.0,134.0,Courier Service,0.0,Urgent: Your parcel is held at customs. Pay duty: http://parcel-track.xyz,security-alert@gateway.com,phishing
phish-4633,923035000000.0,0.0,88.0,Utility Bill,0.0,"Your electricity bill is unpaid, account will be disconnected. Pay: http://wapda-bill.com",security-alert@gateway.com,phishing
phish-5515,923076000000.0,1.0,162.0,Security Alert,0.0,Suspicious login attempt from Brazil. Secure your account: http://login-verify.com,security-alert@gateway.com,phishing
phish-5323,923015000000.0,0.0,78.0,Govt Grant,0.0,"Claim your Govt. relief fund of Rs.25,000 now: http://relief-gov.pk",security-alert@gateway.com,phishing
phish-4668,923088000000.0,1.0,133.0,Utility Bill,0.0,"Your electricity bill is unpaid, account will be disconnected. Pay: http://wapda-bill.com",security-alert@gateway.com,phishing
phish-2064,923085000000.0,1.0,52.0,Govt Grant,0.0,"Claim your Govt. relief fund of Rs.25,000 now: http://relief-gov.pk",security-alert@gateway.com,phishing
phish-9141,923066000000.0,0.0,65.0,Security Alert,0.0,Suspicious login attempt from Brazil. Secure your account: http://login-verify.com,security-alert@gateway.com,phishing
phish-2693,923058000000.0,0.0,122.0,Govt Grant,0.0,"Claim your Govt. relief fund of Rs.25,000 now: http://relief-gov.pk",security-alert@gateway.com,phishing
phish-2061,923085000000.0,0.0,51.0,Govt Grant,0.0,"Claim your Govt. relief fund of Rs.25,000 now: http://relief-gov.pk",security-alert@gateway.com,phishing
phish-4001,923059000000.0,0.0,99.0,Security Alert,0.0,Suspicious login attempt from Brazil. Secure your account: http://login-verify.com,security-alert@gateway.com,phishing
phish-4699,923078000000.0,0.0,144.0,Courier Service,0.0,Urgent: Your parcel is held at customs. Pay duty: http://parcel-track.xyz,security-alert@gateway.com,phishing
phish-9937,923049000000.0,1.0,148.0,Subscription Alert,0.0,Your subscription will expire today. Renew here: http://bit.ly/secure-renew,security-alert@gateway.com,phishing
phish-9621,923053000000.0,1.0,124.0,Govt Grant,0.0,"Claim your Govt. relief fund of Rs.25,000 now: http://relief-gov.pk",security-alert@gateway.com,phishing
phish-7627,923018000000.0,0.0,136.0,Subscription Alert,0.0,Your subscription will expire today. Renew here: http://bit.ly/secure-renew,security-alert@gateway.com,phishing
phish-1615,923055000000.0,0.0,104.0,Subscription Alert,0.0,Your subscription will expire today. Renew here: http://bit.ly/secure-renew,security-alert@gateway.com,phishing
phish-2447,923099000000.0,1.0,159.0,Security Alert,0.0,Suspicious login attempt from Brazil. Secure your account: http://login-verify.com,security-alert@gateway.com,phishing
phish-3202,923067000000.0,0.0,73.0,Utility Bill,0.0,"Your electricity bill is unpaid, account will be disconnected. Pay: http://wapda-bill.com",security-alert@gateway.com,phishing
phish-1181,923019000000.0,0.0,63.0,Courier Service,0.0,Urgent: Your parcel is held at customs. Pay duty: http://parcel-track.xyz,security-alert@gateway.com,phishing
phish-2015,923069000000.0,0.0,183.0,Govt Grant,0.0,"Claim your Govt. relief fund of Rs.25,000 now: http://relief-gov.pk",security-alert@gateway.com,phishing
phish-1305,923071000000.0,0.0,159.0,Subscription Alert,0.0,Your subscription will expire today. Renew here: http://bit.ly/secure-renew,security-alert@gateway.com,phishing
phish-5097,923091000000.0,0.0,150.0,Security Alert,0.0,Suspicious login attempt from Brazil. Secure your account: http://login-verify.com,security-alert@gateway.com,phishing
phish-4630,923026000000.0,0.0,172.0,Courier Service,0.0,Urgent: Your parcel is held at customs. Pay duty: http://parcel-track.xyz,security-alert@gateway.com,phishing
phish-2668,923091000000.0,1.0,87.0,Courier Service,0.0,Urgent: Your parcel is held at customs. Pay duty: http://parcel-track.xyz,security-alert@gateway.com,phishing
phish-6110,923042000000.0,1.0,121.0,Govt Grant,0.0,"Claim your Govt. relief fund of Rs.25,000 now: http://relief-gov.pk",security-alert@gateway.com,phishing
phish-9106,923037000000.0,0.0,59.0,Courier Service,0.0,Urgent: Your parcel is held at customs. Pay duty: http://parcel-track.xyz,security-alert@gateway.com,phishing
phish-2631,923085000000.0,0.0,133.0,Security Alert,0.0,Suspicious login attempt from Brazil. Secure your account: http://login-verify.com,security-alert@gateway.com,phishing
phish-4729,923065000000.0,1.0,161.0,Courier Service,0.0,Urgent: Your parcel is held at customs. Pay duty: http://parcel-track.xyz,security-alert@gateway.com,phishing
phish-4246,923030000000.0,0.0,66.0,Courier Service,0.0,Urgent: Your parcel is held at customs. Pay duty: http://parcel-track.xyz,security-alert@gateway.com,phishing
phish-1343,923085000000.0,0.0,175.0,Security Alert,0.0,Suspicious login attempt from Brazil. Secure your account: http://login-verify.com,security-alert@gateway.com,phishing
phish-4409,923073000000.0,1.0,66.0,Courier Service,0.0,Urgent: Your parcel is held at customs. Pay duty: http://parcel-track.xyz,security-alert@gateway.com,phishing
phish-5019,923040000000.0,0.0,74.0,Security Alert,0.0,Suspicious login attempt from Brazil. Secure your account: http://login-verify.com,security-alert@gateway.com,phishing
phish-3426,923045000000.0,1.0,162.0,Courier Service,0.0,Urgent: Your parcel is held at customs. Pay duty: http://parcel-track.xyz,security-alert@gateway.com,phishing
phish-1892,923071000000.0,1.0,73.0,Govt Grant,0.0,"Claim your Govt. relief fund of Rs.25,000 now: http://relief-gov.pk",security-alert@gateway.com,phishing
phish-9509,923017000000.0,0.0,89.0,Utility Bill,0.0,"Your electricity bill is unpaid, account will be disconnected. Pay: http://wapda-bill.com",security-alert@gateway.com,phishing
phish-9275,923086000000.0,1.0,74.0,Subscription Alert,0.0,Your subscription will expire today. Renew here: http://bit.ly/secure-renew,security-alert@gateway.com,phishing
phish-4089,923025000000.0,1.0,157.0,Subscription Alert,0.0,Your subscription will expire today. Renew here: http://bit.ly/secure-renew,security-alert@gateway.com,phishing
phish-9114,923052000000.0,1.0,153.0,Security Alert,0.0,Suspicious login attempt from Brazil. Secure your account: http://login-verify.com,security-alert@gateway.com,phishing
phish-5952,923049000000.0,1.0,112.0,Utility Bill,0.0,"Your electricity bill is unpaid, account will be disconnected. Pay: http://wapda-bill.com",security-alert@gateway.com,phishing
phish-8606,923048000000.0,1.0,152.0,Utility Bill,0.0,"Your electricity bill is unpaid, account will be disconnected. Pay: http://wapda-bill.com",security-alert@gateway.com,phishing
phish-4884,923024000000.0,0.0,76.0,Utility Bill,0.0,"Your electricity bill is unpaid, account will be disconnected. Pay: http://wapda-bill.com",security-alert@gateway.com,phishing
phish-7384,923082000000.0,0.0,83.0,Utility Bill,0.0,"Your electricity bill is unpaid, account will be disconnected. Pay: http://wapda-bill.com",security-alert@gateway.com,phishing
phish-2265,923038000000.0,0.0,70.0,Security Alert,0.0,Suspicious login attempt from Brazil. Secure your account: http://login-verify.com,security-alert@gateway.com,phishing
phish-9534,923066000000.0,0.0,182.0,Courier Service,0.0,Urgent: Your parcel is held at customs. Pay duty: http://parcel-track.xyz,security-alert@gateway.com,phishing
phish-6666,923100000000.0,0.0,75.0,Subscription Alert,0.0,Your subscription will expire today. Renew here: http://bit.ly/secure-renew,security-alert@gateway.com,phishing
phish-7205,923061000000.0,1.0,89.0,Security Alert,0.0,Suspicious login attempt from Brazil. Secure your account: http://login-verify.com,security-alert@gateway.com,phishing
phish-6945,923021000000.0,0.0,138.0,Security Alert,0.0,Suspicious login attempt from Brazil. Secure your account: http://login-verify.com,security-alert@gateway.com,phishing
phish-7469,923094000000.0,1.0,180.0,Subscription Alert,0.0,Your subscription will expire today. Renew here: http://bit.ly/secure-renew,security-alert@gateway.com,phishing
phish-4643,923020000000.0,1.0,146.0,Utility Bill,0.0,"Your electricity bill is unpaid, account will be disconnected. Pay: http://wapda-bill.com",security-alert@gateway.com,phishing
phish-2475,923069000000.0,1.0,62.0,Utility Bill,0.0,"Your electricity bill is unpaid, account will be disconnected. Pay: http://wapda-bill.com",security-alert@gateway.com,phishing
phish-2821,923050000000.0,0.0,149.0,Govt Grant,0.0,"Claim your Govt. relief fund of Rs.25,000 now: http://relief-gov.pk",security-alert@gateway.com,phishing
phish-2405,923091000000.0,0.0,187.0,Govt Grant,0.0,"Claim your Govt. relief fund of Rs.25,000 now: http://relief-gov.pk",security-alert@gateway.com,phishing
phish-7404,923017000000.0,0.0,187.0,Security Alert,0.0,Suspicious login attempt from Brazil. Secure your account: http://login-verify.com,security-alert@gateway.com,phishing
phish-5683,923055000000.0,1.0,104.0,Subscription Alert,0.0,Your subscription will expire today. Renew here: http://bit.ly/secure-renew,security-alert@gateway.com,phishing
phish-5525,923055000000.0,0.0,73.0,Govt Grant,0.0,"Claim your Govt. relief fund of Rs.25,000 now: http://relief-gov.pk",security-alert@gateway.com,phishing
phish-6024,923043000000.0,1.0,189.0,Govt Grant,0.0,"Claim your Govt. relief fund of Rs.25,000 now: http://relief-gov.pk",security-alert@gateway.com,phishing
phish-5106,923099000000.0,0.0,101.0,Security Alert,0.0,Suspicious login attempt from Brazil. Secure your account: http://login-verify.com,security-alert@gateway.com,phishing
phish-3238,923064000000.0,0.0,175.0,Subscription Alert,0.0,Your subscription will expire today. Renew here: http://bit.ly/secure-renew,security-alert@gateway.com,phishing
phish-8255,923089000000.0,0.0,145.0,Security Alert,0.0,Suspicious login attempt from Brazil. Secure your account: http://login-verify.com,security-alert@gateway.com,phishing
phish-3819,923048000000.0,1.0,83.0,Govt Grant,0.0,"Claim your Govt. relief fund of Rs.25,000 now: http://relief-gov.pk",security-alert@gateway.com,phishing
phish-9343,923020000000.0,1.0,99.0,Govt Grant,0.0,"Claim your Govt. relief fund of Rs.25,000 now: http://relief-gov.pk",security-alert@gateway.com,phishing
phish-6249,923083000000.0,0.0,115.0,Govt Grant,0.0,"Claim your Govt. relief fund of Rs.25,000 now: http://relief-gov.pk",security-alert@gateway.com,phishing
phish-9940,923087000000.0,1.0,82.0,Security Alert,0.0,Suspicious login attempt from Brazil. Secure your account: http://login-verify.com,security-alert@gateway.com,phishing
phish-9881,923021000000.0,1.0,137.0,Security Alert,0.0,Suspicious login attempt from Brazil. Secure your account: http://login-verify.com,security-alert@gateway.com,phishing
phish-4851,923056000000.0,0.0,165.0,Security Alert,0.0,Suspicious login attempt from Brazil. Secure your account: http://login-verify.com,security-alert@gateway.com,phishing
phish-1273,923098000000.0,1.0,102.0,Govt Grant,0.0,"Claim your Govt. relief fund of Rs.25,000 now: http://relief-gov.pk",security-alert@gateway.com,phishing
phish-8459,923065000000.0,1.0,128.0,Subscription Alert,0.0,Your subscription will expire today. Renew here: http://bit.ly/secure-renew,security-alert@gateway.com,phishing
phish-6610,923084000000.0,0.0,196.0,Subscription Alert,0.0,Your subscription will expire today. Renew here: http://bit.ly/secure-renew,security-alert@gateway.com,phishing
phish-9628,923083000000.0,1.0,164.0,Courier Service,0.0,Urgent: Your parcel is held at customs. Pay duty: http://parcel-track.xyz,security-alert@gateway.com,phishing
phish-4418,923026000000.0,1.0,121.0,Subscription Alert,0.0,Your subscription will expire today. Renew here: http://bit.ly/secure-renew,security-alert@gateway.com,phishing
phish-1421,923021000000.0,1.0,173.0,Courier Service,0.0,Urgent: Your parcel is held at customs. Pay duty: http://parcel-track.xyz,security-alert@gateway.com,phishing
phish-9650,923016000000.0,1.0,111.0,Security Alert,0.0,Suspicious login attempt from Brazil. Secure your account: http://login-verify.com,security-alert@gateway.com,phishing
phish-2732,923043000000.0,0.0,94.0,Courier Service,0.0,Urgent: Your parcel is held at customs. Pay duty: http://parcel-track.xyz,security-alert@gateway.com,phishing
phish-1037,923082000000.0,0.0,85.0,Subscription Alert,0.0,Your subscription will expire today. Renew here: http://bit.ly/secure-renew,security-alert@gateway.com,phishing
phish-9406,923075000000.0,0.0,98.0,Courier Service,0.0,Urgent: Your parcel is held at customs. Pay duty: http://parcel-track.xyz,security-alert@gateway.com,phishing
phish-9492,923028000000.0,1.0,186.0,Govt Grant,0.0,"Claim your Govt. relief fund of Rs.25,000 now: http://relief-gov.pk",security-alert@gateway.com,phishing
phish-4928,923019000000.0,0.0,156.0,Utility Bill,0.0,"Your electricity bill is unpaid, account will be disconnected. Pay: http://wapda-bill.com",security-alert@gateway.com,phishing
phish-2563,923086000000.0,1.0,158.0,Govt Grant,0.0,"Claim your Govt. relief fund of Rs.25,000 now: http://relief-gov.pk",security-alert@gateway.com,phishing
phish-6113,923030000000.0,0.0,61.0,Security Alert,0.0,Suspicious login attempt from Brazil. Secure your account: http://login-verify.com,security-alert@gateway.com,phishing
phish-5149,923069000000.0,1.0,110.0,Utility Bill,0.0,"Your electricity bill is unpaid, account will be disconnected. Pay: http://wapda-bill.com",security-alert@gateway.com,phishing
phish-7415,923086000000.0,0.0,100.0,Utility Bill,0.0,"Your electricity bill is unpaid, account will be disconnected. Pay: http://wapda-bill.com",security-alert@gateway.com,phishing
phish-2169,923014000000.0,1.0,158.0,Utility Bill,0.0,"Your electricity bill is unpaid, account will be disconnected. Pay: http://wapda-bill.com",security-alert@gateway.com,phishing
phish-4772,923058000000.0,1.0,160.0,Subscription Alert,0.0,Your subscription will expire today. Renew here: http://bit.ly/secure-renew,security-alert@gateway.com,phishing
phish-1511,923028000000.0,1.0,188.0,Courier Service,0.0,Urgent: Your parcel is held at customs. Pay duty: http://parcel-track.xyz,security-alert@gateway.com,phishing
phish-8471,923091000000.0,0.0,132.0,Courier Service,0.0,Urgent: Your parcel is held at customs. Pay duty: http://parcel-track.xyz,security-alert@gateway.com,phishing
phish-2824,923028000000.0,1.0,181.0,Courier Service,0.0,Urgent: Your parcel is held at customs. Pay duty: http://parcel-track.xyz,security-alert@gateway.com,phishing
phish-3567,923037000000.0,0.0,80.0,Courier Service,0.0,Urgent: Your parcel is held at customs. Pay duty: http://parcel-track.xyz,security-alert@gateway.com,phishing
phish-4765,923082000000.0,0.0,195.0,Security Alert,0.0,Suspicious login attempt from Brazil. Secure your account: http://login-verify.com,security-alert@gateway.com,phishing
phish-5472,923062000000.0,0.0,182.0,Courier Service,0.0,Urgent: Your parcel is held at customs. Pay duty: http://parcel-track.xyz,security-alert@gateway.com,phishing
phish-6230,923075000000.0,1.0,179.0,Utility Bill,0.0,"Your electricity bill is unpaid, account will be disconnected. Pay: http://wapda-bill.com",security-alert@gateway.com,phishing
phish-2673,923066000000.0,0.0,154.0,Utility Bill,0.0,"Your electricity bill is unpaid, account will be disconnected. Pay: http://wapda-bill.com",security-alert@gateway.com,phishing
phish-5783,923070000000.0,1.0,114.0,Utility Bill,0.0,"Your electricity bill is unpaid, account will be disconnected. Pay: http://wapda-bill.com",security-alert@gateway.com,phishing
phish-4157,923028000000.0,1.0,129.0,Security Alert,0.0,Suspicious login attempt from Brazil. Secure your account: http://login-verify.com,security-alert@gateway.com,phishing
phish-4182,923075000000.0,0.0,94.0,Subscription Alert,0.0,Your subscription will expire today. Renew here: http://bit.ly/secure-renew,security-alert@gateway.com,phishing
phish-9462,923077000000.0,0.0,162.0,Govt Grant,0.0,"Claim your Govt. relief fund of Rs.25,000 now: http://relief-gov.pk",security-alert@gateway.com,phishing
phish-1352,923046000000.0,1.0,153.0,Subscription Alert,0.0,Your subscription will expire today. Renew here: http://bit.ly/secure-renew,security-alert@gateway.com,phishing
phish-7343,923085000000.0,1.0,160.0,Utility Bill,0.0,"Your electricity bill is unpaid, account will be disconnected. Pay: http://wapda-bill.com",security-alert@gateway.com,phishing
phish-9003,923065000000.0,1.0,125.0,Subscription Alert,0.0,Your subscription will expire today. Renew here: http://bit.ly/secure-renew,security-alert@gateway.com,phishing
phish-1616,923091000000.0,0.0,93.0,Utility Bill,0.0,"Your electricity bill is unpaid, account will be disconnected. Pay: http://wapda-bill.com",security-alert@gateway.com,phishing
phish-7765,923098000000.0,0.0,159.0,Courier Service,0.0,Urgent: Your parcel is held at customs. Pay duty: http://parcel-track.xyz,security-alert@gateway.com,phishing
phish-9167,923014000000.0,1.0,147.0,Security Alert,0.0,Suspicious login attempt from Brazil. Secure your account: http://login-verify.com,security-alert@gateway.com,phishing
phish-9828,923038000000.0,0.0,170.0,Utility Bill,0.0,"Your electricity bill is unpaid, account will be disconnected. Pay: http://wapda-bill.com",security-alert@gateway.com,phishing
phish-3402,923013000000.0,0.0,57.0,Subscription Alert,0.0,Your subscription will expire today. Renew here: http://bit.ly/secure-renew,security-alert@gateway.com,phishing
phish-1339,923039000000.0,0.0,91.0,Utility Bill,0.0,"Your electricity bill is unpaid, account will be disconnected. Pay: http://wapda-bill.com",security-alert@gateway.com,phishing
phish-3501,923059000000.0,1.0,54.0,Govt Grant,0.0,"Claim your Govt. relief fund of Rs.25,000 now: http://relief-gov.pk",security-alert@gateway.com,phishing
phish-1408,923084000000.0,0.0,55.0,Subscription Alert,0.0,Your subscription will expire today. Renew here: http://bit.ly/secure-renew,security-alert@gateway.com,phishing
phish-3408,923080000000.0,1.0,104.0,Utility Bill,0.0,"Your electricity bill is unpaid, account will be disconnected. Pay: http://wapda-bill.com",security-alert@gateway.com,phishing
phish-9437,923011000000.0,1.0,58.0,Utility Bill,0.0,"Your electricity bill is unpaid, account will be disconnected. Pay: http://wapda-bill.com",security-alert@gateway.com,phishing
phish-9480,923016000000.0,1.0,179.0,Security Alert,0.0,Suspicious login attempt from Brazil. Secure your account: http://login-verify.com,security-alert@gateway.com,phishing
phish-7862,923028000000.0,0.0,59.0,Security Alert,0.0,Suspicious login attempt from Brazil. Secure your account: http://login-verify.com,security-alert@gateway.com,phishing
phish-6337,923069000000.0,0.0,141.0,Courier Service,0.0,Urgent: Your parcel is held at customs. Pay duty: http://parcel-track.xyz,security-alert@gateway.com,phishing
phish-6834,923072000000.0,0.0,129.0,Utility Bill,0.0,"Your electricity bill is unpaid, account will be disconnected. Pay: http://wapda-bill.com",security-alert@gateway.com,phishing
phish-7349,923015000000.0,0.0,150.0,Govt Grant,0.0,"Claim your Govt. relief fund of Rs.25,000 now: http://relief-gov.pk",security-alert@gateway.com,phishing
phish-2888,923091000000.0,1.0,63.0,Utility Bill,0.0,"Your electricity bill is unpaid, account will be disconnected. Pay: http://wapda-bill.com",security-alert@gateway.com,phishing
phish-9018,923061000000.0,1.0,99.0,Utility Bill,0.0,"Your electricity bill is unpaid, account will be disconnected. Pay: http://wapda-bill.com",security-alert@gateway.com,phishing
phish-3091,923056000000.0,1.0,172.0,Subscription Alert,0.0,Your subscription will expire today. Renew here: http://bit.ly/secure-renew,security-alert@gateway.com,phishing
phish-7201,923061000000.0,0.0,50.0,Security Alert,0.0,Suspicious login attempt from Brazil. Secure your account: http://login-verify.com,security-alert@gateway.com,phishing
phish-9396,923047000000.0,0.0,165.0,Utility Bill,0.0,"Your electricity bill is unpaid, account will be disconnected. Pay: http://wapda-bill.com",security-alert@gateway.com,phishing
phish-2945,923016000000.0,0.0,172.0,Courier Service,0.0,Urgent: Your parcel is held at customs. Pay duty: http://parcel-track.xyz,security-alert@gateway.com,phishing
phish-2676,923041000000.0,0.0,77.0,Utility Bill,0.0,"Your electricity bill is unpaid, account will be disconnected. Pay: http://wapda-bill.com",security-alert@gateway.com,phishing
phish-9478,923062000000.0,1.0,127.0,Utility Bill,0.0,"Your electricity bill is unpaid, account will be disconnected. Pay: http://wapda-bill.com",security-alert@gateway.com,phishing
phish-3300,923058000000.0,0.0,130.0,Courier Service,0.0,Urgent: Your parcel is held at customs. Pay duty: http://parcel-track.xyz,security-alert@gateway.com,phishing
phish-1633,923042000000.0,0.0,85.0,Security Alert,0.0,Suspicious login attempt from Brazil. Secure your account: http://login-verify.com,security-alert@gateway.com,phishing
phish-4212,923042000000.0,0.0,79.0,Courier Service,0.0,Urgent: Your parcel is held at customs. Pay duty: http://parcel-track.xyz,security-alert@gateway.com,phishing
phish-4751,923052000000.0,0.0,179.0,Govt Grant,0.0,"Claim your Govt. relief fund of Rs.25,000 now: http://relief-gov.pk",security-alert@gateway.com,phishing
phish-2535,923036000000.0,0.0,52.0,Security Alert,0.0,Suspicious login attempt from Brazil. Secure your account: http://login-verify.com,security-alert@gateway.com,phishing
phish-6752,923070000000.0,1.0,150.0,Security Alert,0.0,Suspicious login attempt from Brazil. Secure your account: http://login-verify.com,security-alert@gateway.com,phishing
phish-1523,923056000000.0,0.0,92.0,Security Alert,0.0,Suspicious login attempt from Brazil. Secure your account: http://login-verify.com,security-alert@gateway.com,phishing
phish-7433,923099000000.0,0.0,142.0,Govt Grant,0.0,"Claim your Govt. relief fund of Rs.25,000 now: http://relief-gov.pk",security-alert@gateway.com,phishing
phish-7301,923031000000.0,0.0,75.0,Courier Service,0.0,Urgent: Your parcel is held at customs. Pay duty: http://parcel-track.xyz,security-alert@gateway.com,phishing
phish-1000,923015000000.0,0.0,177.0,Govt Grant,0.0,"Claim your Govt. relief fund of Rs.25,000 now: http://relief-gov.pk",security-alert@gateway.com,phishing
phish-7502,923025000000.0,1.0,178.0,Govt Grant,0.0,"Claim your Govt. relief fund of Rs.25,000 now: http://relief-gov.pk",security-alert@gateway.com,phishing
phish-3248,923069000000.0,0.0,165.0,Govt Grant,0.0,"Claim your Govt. relief fund of Rs.25,000 now: http://relief-gov.pk",security-alert@gateway.com,phishing
phish-6493,923058000000.0,0.0,117.0,Security Alert,0.0,Suspicious login attempt from Brazil. Secure your account: http://login-verify.com,security-alert@gateway.com,phishing
phish-1080,923068000000.0,1.0,57.0,Govt Grant,0.0,"Claim your Govt. relief fund of Rs.25,000 now: http://relief-gov.pk",security-alert@gateway.com,phishing
phish-3987,923085000000.0,1.0,129.0,Utility Bill,0.0,"Your electricity bill is unpaid, account will be disconnected. Pay: http://wapda-bill.com",security-alert@gateway.com,phishing
phish-6395,923095000000.0,0.0,131.0,Subscription Alert,0.0,Your subscription will expire today. Renew here: http://bit.ly/secure-renew,security-alert@gateway.com,phishing
phish-9921,923085000000.0,1.0,126.0,Govt Grant,0.0,"Claim your Govt. relief fund of Rs.25,000 now: http://relief-gov.pk",security-alert@gateway.com,phishing
phish-8407,923084000000.0,0.0,74.0,Subscription Alert,0.0,Your subscription will expire today. Renew here: http://bit.ly/secure-renew,security-alert@gateway.com,phishing
phish-5294,923048000000.0,1.0,180.0,Security Alert,0.0,Suspicious login attempt from Brazil. Secure your account: http://login-verify.com,security-alert@gateway.com,phishing
phish-9252,923075000000.0,1.0,121.0,Govt Grant,0.0,"Claim your Govt. relief fund of Rs.25,000 now: http://relief-gov.pk",security-alert@gateway.com,phishing
phish-6106,923046000000.0,1.0,118.0,Utility Bill,0.0,"Your electricity bill is unpaid, account will be disconnected. Pay: http://wapda-bill.com",security-alert@gateway.com,phishing
phish-9210,923032000000.0,0.0,200.0,Utility Bill,0.0,"Your electricity bill is unpaid, account will be disconnected. Pay: http://wapda-bill.com",security-alert@gateway.com,phishing
phish-9164,923023000000.0,1.0,80.0,Utility Bill,0.0,"Your electricity bill is unpaid, account will be disconnected. Pay: http://wapda-bill.com",security-alert@gateway.com,phishing
phish-9021,923077000000.0,1.0,95.0,Utility Bill,0.0,"Your electricity bill is unpaid, account will be disconnected. Pay: http://wapda-bill.com",security-alert@gateway.com,phishing
phish-6184,923052000000.0,0.0,191.0,Courier Service,0.0,Urgent: Your parcel is held at customs. Pay duty: http://parcel-track.xyz,security-alert@gateway.com,phishing
phish-8292,923041000000.0,0.0,101.0,Utility Bill,0.0,"Your electricity bill is unpaid, account will be disconnected. Pay: http://wapda-bill.com",security-alert@gateway.com,phishing
phish-7328,923044000000.0,1.0,189.0,Subscription Alert,0.0,Your subscription will expire today. Renew here: http://bit.ly/secure-renew,security-alert@gateway.com,phishing
phish-2288,923076000000.0,0.0,125.0,Govt Grant,0.0,"Claim your Govt. relief fund of Rs.25,000 now: http://relief-gov.pk",security-alert@gateway.com,phishing
phish-8830,923082000000.0,1.0,75.0,Security Alert,0.0,Suspicious login attempt from Brazil. Secure your account: http://login-verify.com,security-alert@gateway.com,phishing
phish-4652,923046000000.0,1.0,168.0,Courier Service,0.0,Urgent: Your parcel is held at customs. Pay duty: http://parcel-track.xyz,security-alert@gateway.com,phishing
phish-7833,923090000000.0,0.0,191.0,Subscription Alert,0.0,Your subscription will expire today. Renew here: http://bit.ly/secure-renew,security-alert@gateway.com,phishing
phish-8270,923026000000.0,1.0,83.0,Govt Grant,0.0,"Claim your Govt. relief fund of Rs.25,000 now: http://relief-gov.pk",security-alert@gateway.com,phishing
phish-8113,923059000000.0,1.0,156.0,Utility Bill,0.0,"Your electricity bill is unpaid, account will be disconnected. Pay: http://wapda-bill.com",security-alert@gateway.com,phishing
phish-8728,923070000000.0,0.0,114.0,Security Alert,0.0,Suspicious login attempt from Brazil. Secure your account: http://login-verify.com,security-alert@gateway.com,phishing
phish-5178,923054000000.0,0.0,129.0,Security Alert,0.0,Suspicious login attempt from Brazil. Secure your account: http://login-verify.com,security-alert@gateway.com,phishing
phish-3210,923054000000.0,0.0,87.0,Govt Grant,0.0,"Claim your Govt. relief fund of Rs.25,000 now: http://relief-gov.pk",security-alert@gateway.com,phishing
phish-1140,923079000000.0,1.0,157.0,Courier Service,0.0,Urgent: Your parcel is held at customs. Pay duty: http://parcel-track.xyz,security-alert@gateway.com,phishing
phish-8001,923030000000.0,1.0,83.0,Govt Grant,0.0,"Claim your Govt. relief fund of Rs.25,000 now: http://relief-gov.pk",security-alert@gateway.com,phishing
phish-2217,923025000000.0,1.0,62.0,Subscription Alert,0.0,Your subscription will expire today. Renew here: http://bit.ly/secure-renew,security-alert@gateway.com,phishing
phish-5623,923056000000.0,1.0,133.0,Govt Grant,0.0,"Claim your Govt. relief fund of Rs.25,000 now: http://relief-gov.pk",security-alert@gateway.com,phishing
phish-7293,923088000000.0,1.0,188.0,Utility Bill,0.0,"Your electricity bill is unpaid, account will be disconnected. Pay: http://wapda-bill.com",security-alert@gateway.com,phishing
phish-9599,923046000000.0,1.0,77.0,Security Alert,0.0,Suspicious login attempt from Brazil. Secure your account: http://login-verify.com,security-alert@gateway.com,phishing
phish-9184,923030000000.0,1.0,98.0,Security Alert,0.0,Suspicious login attempt from Brazil. Secure your account: http://login-verify.com,security-alert@gateway.com,phishing
phish-2663,923015000000.0,0.0,180.0,Subscription Alert,0.0,Your subscription will expire today. Renew here: http://bit.ly/secure-renew,security-alert@gateway.com,phishing
phish-3801,923043000000.0,0.0,67.0,Security Alert,0.0,Suspicious login attempt from Brazil. Secure your account: http://login-verify.com,security-alert@gateway.com,phishing
phish-7562,923057000000.0,0.0,147.0,Govt Grant,0.0,"Claim your Govt. relief fund of Rs.25,000 now: http://relief-gov.pk",security-alert@gateway.com,phishing
phish-3216,923059000000.0,0.0,66.0,Subscription Alert,0.0,Your subscription will expire today. Renew here: http://bit.ly/secure-renew,security-alert@gateway.com,phishing
phish-8478,923091000000.0,0.0,200.0,Govt Grant,0.0,"Claim your Govt. relief fund of Rs.25,000 now: http://relief-gov.pk",security-alert@gateway.com,phishing
phish-5164,923079000000.0,0.0,80.0,Utility Bill,0.0,"Your electricity bill is unpaid, account will be disconnected. Pay: http://wapda-bill.com",security-alert@gateway.com,phishing
phish-9012,923039000000.0,1.0,77.0,Security Alert,0.0,Suspicious login attempt from Brazil. Secure your account: http://login-verify.com,security-alert@gateway.com,phishing
phish-9243,923061000000.0,0.0,171.0,Security Alert,0.0,Suspicious login attempt from Brazil. Secure your account: http://login-verify.com,security-alert@gateway.com,phishing
phish-7605,923054000000.0,1.0,176.0,Security Alert,0.0,Suspicious login attempt from Brazil. Secure your account: http://login-verify.com,security-alert@gateway.com,phishing
phish-3060,923062000000.0,1.0,176.0,Govt Grant,0.0,"Claim your Govt. relief fund of Rs.25,000 now: http://relief-gov.pk",security-alert@gateway.com,phishing
phish-2725,923081000000.0,1.0,184.0,Courier Service,0.0,Urgent: Your parcel is held at customs. Pay duty: http://parcel-track.xyz,security-alert@gateway.com,phishing
phish-8979,923019000000.0,1.0,69.0,Govt Grant,0.0,"Claim your Govt. relief fund of Rs.25,000 now: http://relief-gov.pk",security-alert@gateway.com,phishing
phish-8663,923084000000.0,0.0,101.0,Security Alert,0.0,Suspicious login attempt from Brazil. Secure your account: http://login-verify.com,security-alert@gateway.com,phishing
phish-9783,923082000000.0,1.0,81.0,Courier Service,0.0,Urgent: Your parcel is held at customs. Pay duty: http://parcel-track.xyz,security-alert@gateway.com,phishing
phish-8060,923095000000.0,1.0,69.0,Govt Grant,0.0,"Claim your Govt. relief fund of Rs.25,000 now: http://relief-gov.pk",security-alert@gateway.com,phishing
phish-1270,923061000000.0,1.0,89.0,Security Alert,0.0,Suspicious login attempt from Brazil. Secure your account: http://login-verify.com,security-alert@gateway.com,phishing
phish-4465,923051000000.0,0.0,102.0,Utility Bill,0.0,"Your electricity bill is unpaid, account will be disconnected. Pay: http://wapda-bill.com",security-alert@gateway.com,phishing
phish-9151,923059000000.0,1.0,171.0,Security Alert,0.0,Suspicious login attempt from Brazil. Secure your account: http://login-verify.com,security-alert@gateway.com,phishing
phish-4842,923029000000.0,1.0,149.0,Courier Service,0.0,Urgent: Your parcel is held at customs. Pay duty: http://parcel-track.xyz,security-alert@gateway.com,phishing
phish-3203,923097000000.0,0.0,127.0,Security Alert,0.0,Suspicious login attempt from Brazil. Secure your account: http://login-verify.com,security-alert@gateway.com,phishing
phish-6920,923083000000.0,1.0,197.0,Security Alert,0.0,Suspicious login attempt from Brazil. Secure your account: http://login-verify.com,security-alert@gateway.com,phishing
phish-7016,923058000000.0,0.0,107.0,Courier Service,0.0,Urgent: Your parcel is held at customs. Pay duty: http://parcel-track.xyz,security-alert@gateway.com,phishing
phish-2179,923054000000.0,0.0,166.0,Govt Grant,0.0,"Claim your Govt. relief fund of Rs.25,000 now: http://relief-gov.pk",security-alert@gateway.com,phishing
phish-1812,923094000000.0,1.0,161.0,Utility Bill,0.0,"Your electricity bill is unpaid, account will be disconnected. Pay: http://wapda-bill.com",security-alert@gateway.com,phishing
phish-3466,923066000000.0,0.0,55.0,Utility Bill,0.0,"Your electricity bill is unpaid, account will be disconnected. Pay: http://wapda-bill.com",security-alert@gateway.com,phishing
phish-8623,923091000000.0,0.0,140.0,Courier Service,0.0,Urgent: Your parcel is held at customs. Pay duty: http://parcel-track.xyz,security-alert@gateway.com,phishing
phish-9389,923058000000.0,0.0,170.0,Govt Grant,0.0,"Claim your Govt. relief fund of Rs.25,000 now: http://relief-gov.pk",security-alert@gateway.com,phishing
phish-4144,923045000000.0,0.0,108.0,Govt Grant,0.0,"Claim your Govt. relief fund of Rs.25,000 now: http://relief-gov.pk",security-alert@gateway.com,phishing
phish-6807,923069000000.0,1.0,80.0,Security Alert,0.0,Suspicious login attempt from Brazil. Secure your account: http://login-verify.com,security-alert@gateway.com,phishing
phish-1998,923099000000.0,0.0,68.0,Subscription Alert,0.0,Your subscription will expire today. Renew here: http://bit.ly/secure-renew,security-alert@gateway.com,phishing
phish-1245,923040000000.0,0.0,155.0,Courier Service,0.0,Urgent: Your parcel is held at customs. Pay duty: http://parcel-track.xyz,security-alert@gateway.com,phishing
phish-9230,923050000000.0,0.0,81.0,Security Alert,0.0,Suspicious login attempt from Brazil. Secure your account: http://login-verify.com,security-alert@gateway.com,phishing
phish-9898,923075000000.0,0.0,66.0,Courier Service,0.0,Urgent: Your parcel is held at customs. Pay duty: http://parcel-track.xyz,security-alert@gateway.com,phishing
phish-3972,923013000000.0,1.0,160.0,Security Alert,0.0,Suspicious login attempt from Brazil. Secure your account: http://login-verify.com,security-alert@gateway.com,phishing
phish-1287,923022000000.0,0.0,62.0,Govt Grant,0.0,"Claim your Govt. relief fund of Rs.25,000 now: http://relief-gov.pk",security-alert@gateway.com,phishing
phish-8363,923019000000.0,1.0,133.0,Govt Grant,0.0,"Claim your Govt. relief fund of Rs.25,000 now: http://relief-gov.pk",security-alert@gateway.com,phishing
phish-8484,923092000000.0,1.0,79.0,Govt Grant,0.0,"Claim your Govt. relief fund of Rs.25,000 now: http://relief-gov.pk",security-alert@gateway.com,phishing
phish-9962,923071000000.0,0.0,193.0,Utility Bill,0.0,"Your electricity bill is unpaid, account will be disconnected. Pay: http://wapda-bill.com",security-alert@gateway.com,phishing
phish-1126,923098000000.0,1.0,76.0,Utility Bill,0.0,"Your electricity bill is unpaid, account will be disconnected. Pay: http://wapda-bill.com",security-alert@gateway.com,phishing
phish-4430,923067000000.0,0.0,196.0,Security Alert,0.0,Suspicious login attempt from Brazil. Secure your account: http://login-verify.com,security-alert@gateway.com,phishing
phish-1090,923090000000.0,1.0,116.0,Security Alert,0.0,Suspicious login attempt from Brazil. Secure your account: http://login-verify.com,security-alert@gateway.com,phishing
phish-1633,923089000000.0,1.0,168.0,Courier Service,0.0,Urgent: Your parcel is held at customs. Pay duty: http://parcel-track.xyz,security-alert@gateway.com,phishing
phish-3070,923052000000.0,1.0,69.0,Subscription Alert,0.0,Your subscription will expire today. Renew here: http://bit.ly/secure-renew,security-alert@gateway.com,phishing
phish-5223,923025000000.0,1.0,88.0,Security Alert,0.0,Suspicious login attempt from Brazil. Secure your account: http://login-verify.com,security-alert@gateway.com,phishing
phish-7898,923091000000.0,1.0,197.0,Subscription Alert,0.0,Your subscription will expire today. Renew here: http://bit.ly/secure-renew,security-alert@gateway.com,phishing
phish-9046,923065000000.0,1.0,69.0,Subscription Alert,0.0,Your subscription will expire today. Renew here: http://bit.ly/secure-renew,security-alert@gateway.com,phishing
phish-6634,923036000000.0,0.0,101.0,Security Alert,0.0,Suspicious login attempt from Brazil. Secure your account: http://login-verify.com,security-alert@gateway.com,phishing
phish-5715,923054000000.0,0.0,81.0,Security Alert,0.0,Suspicious login attempt from Brazil. Secure your account: http://login-verify.com,security-alert@gateway.com,phishing
phish-4210,923035000000.0,1.0,86.0,Courier Service,0.0,Urgent: Your parcel is held at customs. Pay duty: http://parcel-track.xyz,security-alert@gateway.com,phishing
phish-6584,923012000000.0,1.0,168.0,Utility Bill,0.0,"Your electricity bill is unpaid, account will be disconnected. Pay: http://wapda-bill.com",security-alert@gateway.com,phishing
phish-1756,923072000000.0,0.0,113.0,Utility Bill,0.0,"Your electricity bill is unpaid, account will be disconnected. Pay: http://wapda-bill.com",security-alert@gateway.com,phishing
phish-8281,923066000000.0,1.0,53.0,Govt Grant,0.0,"Claim your Govt. relief fund of Rs.25,000 now: http://relief-gov.pk",security-alert@gateway.com,phishing
phish-4049,923012000000.0,0.0,102.0,Courier Service,0.0,Urgent: Your parcel is held at customs. Pay duty: http://parcel-track.xyz,security-alert@gateway.com,phishing
phish-8097,923011000000.0,1.0,176.0,Utility Bill,0.0,"Your electricity bill is unpaid, account will be disconnected. Pay: http://wapda-bill.com",security-alert@gateway.com,phishing
phish-2282,923085000000.0,0.0,148.0,Security Alert,0.0,Suspicious login attempt from Brazil. Secure your account: http://login-verify.com,security-alert@gateway.com,phishing
phish-2615,923084000000.0,0.0,95.0,Security Alert,0.0,Suspicious login attempt from Brazil. Secure your account: http://login-verify.com,security-alert@gateway.com,phishing
phish-2829,923042000000.0,0.0,143.0,Subscription Alert,0.0,Your subscription will expire today. Renew here: http://bit.ly/secure-renew,security-alert@gateway.com,phishing
phish-2818,923076000000.0,0.0,152.0,Security Alert,0.0,Suspicious login attempt from Brazil. Secure your account: http://login-verify.com,security-alert@gateway.com,phishing
phish-7095,923085000000.0,0.0,177.0,Courier Service,0.0,Urgent: Your parcel is held at customs. Pay duty: http://parcel-track.xyz,security-alert@gateway.com,phishing
phish-9495,923025000000.0,0.0,54.0,Security Alert,0.0,Suspicious login attempt from Brazil. Secure your account: http://login-verify.com,security-alert@gateway.com,phishing
phish-9247,923078000000.0,0.0,95.0,Subscription Alert,0.0,Your subscription will expire today. Renew here: http://bit.ly/secure-renew,security-alert@gateway.com,phishing
phish-8308,923051000000.0,1.0,186.0,Govt Grant,0.0,"Claim your Govt. relief fund of Rs.25,000 now: http://relief-gov.pk",security-alert@gateway.com,phishing
phish-8719,923049000000.0,1.0,107.0,Courier Service,0.0,Urgent: Your parcel is held at customs. Pay duty: http://parcel-track.xyz,security-alert@gateway.com,phishing
phish-1093,923080000000.0,0.0,87.0,Subscription Alert,0.0,Your subscription will expire today. Renew here: http://bit.ly/secure-renew,security-alert@gateway.com,phishing
phish-4174,923055000000.0,1.0,132.0,Security Alert,0.0,Suspicious login attempt from Brazil. Secure your account: http://login-verify.com,security-alert@gateway.com,phishing
phish-2625,923061000000.0,0.0,87.0,Govt Grant,0.0,"Claim your Govt. relief fund of Rs.25,000 now: http://relief-gov.pk",security-alert@gateway.com,phishing
phish-8738,923016000000.0,1.0,88.0,Security Alert,0.0,Suspicious login attempt from Brazil. Secure your account: http://login-verify.com,security-alert@gateway.com,phishing
phish-9449,923036000000.0,1.0,189.0,Subscription Alert,0.0,Your subscription will expire today. Renew here: http://bit.ly/secure-renew,security-alert@gateway.com,phishing
phish-1470,923015000000.0,1.0,77.0,Govt Grant,0.0,"Claim your Govt. relief fund of Rs.25,000 now: http://relief-gov.pk",security-alert@gateway.com,phishing
phish-9688,923016000000.0,0.0,195.0,Utility Bill,0.0,"Your electricity bill is unpaid, account will be disconnected. Pay: http://wapda-bill.com",security-alert@gateway.com,phishing
phish-5929,923014000000.0,0.0,149.0,Utility Bill,0.0,"Your electricity bill is unpaid, account will be disconnected. Pay: http://wapda-bill.com",security-alert@gateway.com,phishing
phish-2703,923030000000.0,0.0,97.0,Courier Service,0.0,Urgent: Your parcel is held at customs. Pay duty: http://parcel-track.xyz,security-alert@gateway.com,phishing
phish-5063,923021000000.0,0.0,75.0,Security Alert,0.0,Suspicious login attempt from Brazil. Secure your account: http://login-verify.com,security-alert@gateway.com,phishing
phish-5618,923021000000.0,1.0,135.0,Courier Service,0.0,Urgent: Your parcel is held at customs. Pay duty: http://parcel-track.xyz,security-alert@gateway.com,phishing
phish-2279,923050000000.0,0.0,92.0,Security Alert,0.0,Suspicious login attempt from Brazil. Secure your account: http://login-verify.com,security-alert@gateway.com,phishing
phish-7358,923050000000.0,1.0,78.0,Security Alert,0.0,Suspicious login attempt from Brazil. Secure your account: http://login-verify.com,security-alert@gateway.com,phishing
phish-1964,923090000000.0,0.0,143.0,Utility Bill,0.0,"Your electricity bill is unpaid, account will be disconnected. Pay: http://wapda-bill.com",security-alert@gateway.com,phishing
phish-5671,923019000000.0,0.0,166.0,Subscription Alert,0.0,Your subscription will expire today. Renew here: http://bit.ly/secure-renew,security-alert@gateway.com,phishing
phish-1880,923089000000.0,1.0,198.0,Govt Grant,0.0,"Claim your Govt. relief fund of Rs.25,000 now: http://relief-gov.pk",security-alert@gateway.com,phishing
phish-1226,923052000000.0,0.0,121.0,Subscription Alert,0.0,Your subscription will expire today. Renew here: http://bit.ly/secure-renew,security-alert@gateway.com,phishing
phish-2008,923044000000.0,0.0,160.0,Courier Service,0.0,Urgent: Your parcel is held at customs. Pay duty: http://parcel-track.xyz,security-alert@gateway.com,phishing
phish-9565,923080000000.0,0.0,114.0,Govt Grant,0.0,"Claim your Govt. relief fund of Rs.25,000 now: http://relief-gov.pk",security-alert@gateway.com,phishing
phish-8853,923075000000.0,0.0,185.0,Security Alert,0.0,Suspicious login attempt from Brazil. Secure your account: http://login-verify.com,security-alert@gateway.com,phishing
phish-1280,923042000000.0,1.0,122.0,Subscription Alert,0.0,Your subscription will expire today. Renew here: http://bit.ly/secure-renew,security-alert@gateway.com,phishing
phish-4275,923079000000.0,0.0,169.0,Govt Grant,0.0,"Claim your Govt. relief fund of Rs.25,000 now: http://relief-gov.pk",security-alert@gateway.com,phishing
phish-6521,923071000000.0,0.0,147.0,Utility Bill,0.0,"Your electricity bill is unpaid, account will be disconnected. Pay: http://wapda-bill.com",security-alert@gateway.com,phishing
phish-3755,923030000000.0,0.0,76.0,Utility Bill,0.0,"Your electricity bill is unpaid, account will be disconnected. Pay: http://wapda-bill.com",security-alert@gateway.com,phishing
phish-3453,923082000000.0,1.0,109.0,Courier Service,0.0,Urgent: Your parcel is held at customs. Pay duty: http://parcel-track.xyz,security-alert@gateway.com,phishing
phish-1939,923027000000.0,0.0,177.0,Courier Service,0.0,Urgent: Your parcel is held at customs. Pay duty: http://parcel-track.xyz,security-alert@gateway.com,phishing
phish-6974,923057000000.0,1.0,191.0,Security Alert,0.0,Suspicious login attempt from Brazil. Secure your account: http://login-verify.com,security-alert@gateway.com,phishing
phish-7234,923028000000.0,1.0,192.0,Courier Service,0.0,Urgent: Your parcel is held at customs. Pay duty: http://parcel-track.xyz,security-alert@gateway.com,phishing
phish-5426,923070000000.0,0.0,132.0,Courier Service,0.0,Urgent: Your parcel is held at customs. Pay duty: http://parcel-track.xyz,security-alert@gateway.com,phishing
phish-5519,923072000000.0,1.0,68.0,Utility Bill,0.0,"Your electricity bill is unpaid, account will be disconnected. Pay: http://wapda-bill.com",security-alert@gateway.com,phishing
phish-8378,923079000000.0,1.0,59.0,Subscription Alert,0.0,Your subscription will expire today. Renew here: http://bit.ly/secure-renew,security-alert@gateway.com,phishing
phish-5040,923091000000.0,0.0,52.0,Utility Bill,0.0,"Your electricity bill is unpaid, account will be disconnected. Pay: http://wapda-bill.com",security-alert@gateway.com,phishing
phish-4591,923017000000.0,1.0,77.0,Subscription Alert,0.0,Your subscription will expire today. Renew here: http://bit.ly/secure-renew,security-alert@gateway.com,phishing
phish-8545,923010000000.0,0.0,150.0,Govt Grant,0.0,"Claim your Govt. relief fund of Rs.25,000 now: http://relief-gov.pk",security-alert@gateway.com,phishing
phish-3290,923069000000.0,1.0,128.0,Utility Bill,0.0,"Your electricity bill is unpaid, account will be disconnected. Pay: http://wapda-bill.com",security-alert@gateway.com,phishing
phish-1588,923098000000.0,0.0,160.0,Courier Service,0.0,Urgent: Your parcel is held at customs. Pay duty: http://parcel-track.xyz,security-alert@gateway.com,phishing
phish-7145,923091000000.0,1.0,66.0,Courier Service,0.0,Urgent: Your parcel is held at customs. Pay duty: http://parcel-track.xyz,security-alert@gateway.com,phishing
phish-5911,923024000000.0,1.0,88.0,Courier Service,0.0,Urgent: Your parcel is held at customs. Pay duty: http://parcel-track.xyz,security-alert@gateway.com,phishing
phish-5399,923083000000.0,0.0,156.0,Subscription Alert,0.0,Your subscription will expire today. Renew here: http://bit.ly/secure-renew,security-alert@gateway.com,phishing
phish-8946,923034000000.0,1.0,152.0,Subscription Alert,0.0,Your subscription will expire today. Renew here: http://bit.ly/secure-renew,security-alert@gateway.com,phishing
phish-8405,923041000000.0,0.0,65.0,Subscription Alert,0.0,Your subscription will expire today. Renew here: http://bit.ly/secure-renew,security-alert@gateway.com,phishing
phish-4027,923031000000.0,1.0,77.0,Subscription Alert,0.0,Your subscription will expire today. Renew here: http://bit.ly/secure-renew,security-alert@gateway.com,phishing
phish-4478,923093000000.0,1.0,133.0,Subscription Alert,0.0,Your subscription will expire today. Renew here: http://bit.ly/secure-renew,security-alert@gateway.com,phishing
phish-9072,923018000000.0,1.0,143.0,Utility Bill,0.0,"Your electricity bill is unpaid, account will be disconnected. Pay: http://wapda-bill.com",security-alert@gateway.com,phishing
phish-6523,923051000000.0,0.0,100.0,Courier Service,0.0,Urgent: Your parcel is held at customs. Pay duty: http://parcel-track.xyz,security-alert@gateway.com,phishing
phish-3141,923022000000.0,0.0,148.0,Security Alert,0.0,Suspicious login attempt from Brazil. Secure your account: http://login-verify.com,security-alert@gateway.com,phishing
phish-9962,923075000000.0,1.0,193.0,Utility Bill,0.0,"Your electricity bill is unpaid, account will be disconnected. Pay: http://wapda-bill.com",security-alert@gateway.com,phishing
phish-8116,923026000000.0,1.0,152.0,Security Alert,0.0,Suspicious login attempt from Brazil. Secure your account: http://login-verify.com,security-alert@gateway.com,phishing
phish-5698,923049000000.0,1.0,61.0,Security Alert,0.0,Suspicious login attempt from Brazil. Secure your account: http://login-verify.com,security-alert@gateway.com,phishing
phish-5205,923058000000.0,0.0,77.0,Subscription Alert,0.0,Your subscription will expire today. Renew here: http://bit.ly/secure-renew,security-alert@gateway.com,phishing
phish-8583,923045000000.0,1.0,138.0,Govt Grant,0.0,"Claim your Govt. relief fund of Rs.25,000 now: http://relief-gov.pk",security-alert@gateway.com,phishing
phish-7672,923042000000.0,0.0,172.0,Utility Bill,0.0,"Your electricity bill is unpaid, account will be disconnected. Pay: http://wapda-bill.com",security-alert@gateway.com,phishing
phish-3369,923086000000.0,0.0,61.0,Security Alert,0.0,Suspicious login attempt from Brazil. Secure your account: http://login-verify.com,security-alert@gateway.com,phishing
phish-4196,923015000000.0,1.0,97.0,Courier Service,0.0,Urgent: Your parcel is held at customs. Pay duty: http://parcel-track.xyz,security-alert@gateway.com,phishing
phish-3485,923024000000.0,1.0,121.0,Subscription Alert,0.0,Your subscription will expire today. Renew here: http://bit.ly/secure-renew,security-alert@gateway.com,phishing
phish-6239,923060000000.0,0.0,200.0,Utility Bill,0.0,"Your electricity bill is unpaid, account will be disconnected. Pay: http://wapda-bill.com",security-alert@gateway.com,phishing
phish-8129,923064000000.0,0.0,190.0,Utility Bill,0.0,"Your electricity bill is unpaid, account will be disconnected. Pay: http://wapda-bill.com",security-alert@gateway.com,phishing
phish-1570,923053000000.0,1.0,169.0,Utility Bill,0.0,"Your electricity bill is unpaid, account will be disconnected. Pay: http://wapda-bill.com",security-alert@gateway.com,phishing
phish-4291,923038000000.0,1.0,160.0,Security Alert,0.0,Suspicious login attempt from Brazil. Secure your account: http://login-verify.com,security-alert@gateway.com,phishing
phish-3326,923071000000.0,1.0,57.0,Utility Bill,0.0,"Your electricity bill is unpaid, account will be disconnected. Pay: http://wapda-bill.com",security-alert@gateway.com,phishing
phish-5927,923020000000.0,0.0,70.0,Security Alert,0.0,Suspicious login attempt from Brazil. Secure your account: http://login-verify.com,security-alert@gateway.com,phishing
phish-8431,923020000000.0,1.0,55.0,Security Alert,0.0,Suspicious login attempt from Brazil. Secure your account: http://login-verify.com,security-alert@gateway.com,phishing
phish-9127,923022000000.0,0.0,135.0,Govt Grant,0.0,"Claim your Govt. relief fund of Rs.25,000 now: http://relief-gov.pk",security-alert@gateway.com,phishing
phish-7371,923072000000.0,0.0,173.0,Govt Grant,0.0,"Claim your Govt. relief fund of Rs.25,000 now: http://relief-gov.pk",security-alert@gateway.com,phishing
phish-5978,923096000000.0,0.0,189.0,Govt Grant,0.0,"Claim your Govt. relief fund of Rs.25,000 now: http://relief-gov.pk",security-alert@gateway.com,phishing
phish-6071,923042000000.0,1.0,177.0,Govt Grant,0.0,"Claim your Govt. relief fund of Rs.25,000 now: http://relief-gov.pk",security-alert@gateway.com,phishing
phish-2690,923017000000.0,0.0,68.0,Security Alert,0.0,Suspicious login attempt from Brazil. Secure your account: http://login-verify.com,security-alert@gateway.com,phishing
phish-3365,923013000000.0,1.0,179.0,Subscription Alert,0.0,Your subscription will expire today. Renew here: http://bit.ly/secure-renew,security-alert@gateway.com,phishing
phish-7117,923071000000.0,0.0,134.0,Govt Grant,0.0,"Claim your Govt. relief fund of Rs.25,000 now: http://relief-gov.pk",security-alert@gateway.com,phishing
phish-9522,923044000000.0,1.0,87.0,Courier Service,0.0,Urgent: Your parcel is held at customs. Pay duty: http://parcel-track.xyz,security-alert@gateway.com,phishing
phish-2383,923015000000.0,1.0,194.0,Utility Bill,0.0,"Your electricity bill is unpaid, account will be disconnected. Pay: http://wapda-bill.com",security-alert@gateway.com,phishing
phish-9964,923033000000.0,0.0,134.0,Security Alert,0.0,Suspicious login attempt from Brazil. Secure your account: http://login-verify.com,security-alert@gateway.com,phishing
phish-9073,923016000000.0,1.0,51.0,Govt Grant,0.0,"Claim your Govt. relief fund of Rs.25,000 now: http://relief-gov.pk",security-alert@gateway.com,phishing
phish-5529,923093000000.0,1.0,58.0,Subscription Alert,0.0,Your subscription will expire today. Renew here: http://bit.ly/secure-renew,security-alert@gateway.com,phishing
phish-8899,923097000000.0,0.0,157.0,Security Alert,0.0,Suspicious login attempt from Brazil. Secure your account: http://login-verify.com,security-alert@gateway.com,phishing
phish-2309,923055000000.0,1.0,180.0,Utility Bill,0.0,"Your electricity bill is unpaid, account will be disconnected. Pay: http://wapda-bill.com",security-alert@gateway.com,phishing
phish-1669,923066000000.0,1.0,161.0,Govt Grant,0.0,"Claim your Govt. relief fund of Rs.25,000 now: http://relief-gov.pk",security-alert@gateway.com,phishing
phish-3174,923092000000.0,0.0,139.0,Utility Bill,0.0,"Your electricity bill is unpaid, account will be disconnected. Pay: http://wapda-bill.com",security-alert@gateway.com,phishing
phish-7099,923054000000.0,0.0,183.0,Subscription Alert,0.0,Your subscription will expire today. Renew here: http://bit.ly/secure-renew,security-alert@gateway.com,phishing
phish-4835,923043000000.0,1.0,51.0,Govt Grant,0.0,"Claim your Govt. relief fund of Rs.25,000 now: http://relief-gov.pk",security-alert@gateway.com,phishing
phish-2186,923058000000.0,0.0,155.0,Subscription Alert,0.0,Your subscription will expire today. Renew here: http://bit.ly/secure-renew,security-alert@gateway.com,phishing
phish-1864,923069000000.0,0.0,53.0,Utility Bill,0.0,"Your electricity bill is unpaid, account will be disconnected. Pay: http://wapda-bill.com",security-alert@gateway.com,phishing
phish-8657,923039000000.0,0.0,178.0,Security Alert,0.0,Suspicious login attempt from Brazil. Secure your account: http://login-verify.com,security-alert@gateway.com,phishing
phish-2000,923066000000.0,0.0,104.0,Subscription Alert,0.0,Your subscription will expire today. Renew here: http://bit.ly/secure-renew,security-alert@gateway.com,phishing
phish-4281,923024000000.0,0.0,172.0,Courier Service,0.0,Urgent: Your parcel is held at customs. Pay duty: http://parcel-track.xyz,security-alert@gateway.com,phishing
phish-1226,923058000000.0,1.0,71.0,Govt Grant,0.0,"Claim your Govt. relief fund of Rs.25,000 now: http://relief-gov.pk",security-alert@gateway.com,phishing
phish-5157,923014000000.0,0.0,151.0,Courier Service,0.0,Urgent: Your parcel is held at customs. Pay duty: http://parcel-track.xyz,security-alert@gateway.com,phishing
phish-6046,923037000000.0,0.0,192.0,Utility Bill,0.0,"Your electricity bill is unpaid, account will be disconnected. Pay: http://wapda-bill.com",security-alert@gateway.com,phishing
phish-1338,923029000000.0,1.0,123.0,Courier Service,0.0,Urgent: Your parcel is held at customs. Pay duty: http://parcel-track.xyz,security-alert@gateway.com,phishing
phish-6739,923091000000.0,0.0,81.0,Courier Service,0.0,Urgent: Your parcel is held at customs. Pay duty: http://parcel-track.xyz,security-alert@gateway.com,phishing
phish-4538,923020000000.0,1.0,78.0,Security Alert,0.0,Suspicious login attempt from Brazil. Secure your account: http://login-verify.com,security-alert@gateway.com,phishing
phish-2776,923094000000.0,0.0,106.0,Subscription Alert,0.0,Your subscription will expire today. Renew here: http://bit.ly/secure-renew,security-alert@gateway.com,phishing
phish-7907,923071000000.0,0.0,187.0,Courier Service,0.0,Urgent: Your parcel is held at customs. Pay duty: http://parcel-track.xyz,security-alert@gateway.com,phishing
phish-6903,923052000000.0,1.0,111.0,Security Alert,0.0,Suspicious login attempt from Brazil. Secure your account: http://login-verify.com,security-alert@gateway.com,phishing
phish-5203,923029000000.0,1.0,170.0,Utility Bill,0.0,"Your electricity bill is unpaid, account will be disconnected. Pay: http://wapda-bill.com",security-alert@gateway.com,phishing
phish-9659,923049000000.0,0.0,57.0,Security Alert,0.0,Suspicious login attempt from Brazil. Secure your account: http://login-verify.com,security-alert@gateway.com,phishing
phish-7116,923057000000.0,0.0,149.0,Govt Grant,0.0,"Claim your Govt. relief fund of Rs.25,000 now: http://relief-gov.pk",security-alert@gateway.com,phishing
phish-3776,923072000000.0,0.0,200.0,Subscription Alert,0.0,Your subscription will expire today. Renew here: http://bit.ly/secure-renew,security-alert@gateway.com,phishing
phish-8712,923061000000.0,0.0,183.0,Govt Grant,0.0,"Claim your Govt. relief fund of Rs.25,000 now: http://relief-gov.pk",security-alert@gateway.com,phishing
phish-6501,923019000000.0,0.0,76.0,Subscription Alert,0.0,Your subscription will expire today. Renew here: http://bit.ly/secure-renew,security-alert@gateway.com,phishing
phish-8142,923048000000.0,1.0,74.0,Govt Grant,0.0,"Claim your Govt. relief fund of Rs.25,000 now: http://relief-gov.pk",security-alert@gateway.com,phishing
phish-2190,923024000000.0,0.0,157.0,Courier Service,0.0,Urgent: Your parcel is held at customs. Pay duty: http://parcel-track.xyz,security-alert@gateway.com,phishing
phish-5398,923093000000.0,0.0,168.0,Govt Grant,0.0,"Claim your Govt. relief fund of Rs.25,000 now: http://relief-gov.pk",security-alert@gateway.com,phishing
phish-6281,923027000000.0,0.0,120.0,Govt Grant,0.0,"Claim your Govt. relief fund of Rs.25,000 now: http://relief-gov.pk",security-alert@gateway.com,phishing
phish-9957,923055000000.0,1.0,91.0,Courier Service,0.0,Urgent: Your parcel is held at customs. Pay duty: http://parcel-track.xyz,security-alert@gateway.com,phishing
phish-5564,923095000000.0,0.0,185.0,Utility Bill,0.0,"Your electricity bill is unpaid, account will be disconnected. Pay: http://wapda-bill.com",security-alert@gateway.com,phishing
phish-6722,923062000000.0,1.0,96.0,Courier Service,0.0,Urgent: Your parcel is held at customs. Pay duty: http://parcel-track.xyz,security-alert@gateway.com,phishing
phish-3919,923030000000.0,0.0,128.0,Security Alert,0.0,Suspicious login attempt from Brazil. Secure your account: http://login-verify.com,security-alert@gateway.com,phishing
phish-1689,923048000000.0,0.0,77.0,Govt Grant,0.0,"Claim your Govt. relief fund of Rs.25,000 now: http://relief-gov.pk",security-alert@gateway.com,phishing
phish-6422,923078000000.0,1.0,148.0,Govt Grant,0.0,"Claim your Govt. relief fund of Rs.25,000 now: http://relief-gov.pk",security-alert@gateway.com,phishing
phish-4622,923075000000.0,1.0,85.0,Subscription Alert,0.0,Your subscription will expire today. Renew here: http://bit.ly/secure-renew,security-alert@gateway.com,phishing
phish-9633,923062000000.0,0.0,144.0,Courier Service,0.0,Urgent: Your parcel is held at customs. Pay duty: http://parcel-track.xyz,security-alert@gateway.com,phishing
phish-4070,923028000000.0,0.0,148.0,Courier Service,0.0,Urgent: Your parcel is held at customs. Pay duty: http://parcel-track.xyz,security-alert@gateway.com,phishing
phish-3905,923092000000.0,0.0,131.0,Govt Grant,0.0,"Claim your Govt. relief fund of Rs.25,000 now: http://relief-gov.pk",security-alert@gateway.com,phishing
phish-9679,923062000000.0,1.0,160.0,Govt Grant,0.0,"Claim your Govt. relief fund of Rs.25,000 now: http://relief-gov.pk",security-alert@gateway.com,phishing
phish-1984,923033000000.0,0.0,193.0,Subscription Alert,0.0,Your subscription will expire today. Renew here: http://bit.ly/secure-renew,security-alert@gateway.com,phishing
phish-1259,923044000000.0,0.0,194.0,Subscription Alert,0.0,Your subscription will expire today. Renew here: http://bit.ly/secure-renew,security-alert@gateway.com,phishing
phish-6534,923070000000.0,1.0,198.0,Utility Bill,0.0,"Your electricity bill is unpaid, account will be disconnected. Pay: http://wapda-bill.com",security-alert@gateway.com,phishing
phish-5360,923095000000.0,0.0,60.0,Subscription Alert,0.0,Your subscription will expire today. Renew here: http://bit.ly/secure-renew,security-alert@gateway.com,phishing
phish-5277,923066000000.0,0.0,50.0,Utility Bill,0.0,"Your electricity bill is unpaid, account will be disconnected. Pay: http://wapda-bill.com",security-alert@gateway.com,phishing
phish-2570,923080000000.0,1.0,71.0,Subscription Alert,0.0,Your subscription will expire today. Renew here: http://bit.ly/secure-renew,security-alert@gateway.com,phishing
phish-9519,923075000000.0,1.0,105.0,Security Alert,0.0,Suspicious login attempt from Brazil. Secure your account: http://login-verify.com,security-alert@gateway.com,phishing
phish-3109,923022000000.0,1.0,80.0,Govt Grant,0.0,"Claim your Govt. relief fund of Rs.25,000 now: http://relief-gov.pk",security-alert@gateway.com,phishing
phish-5087,923089000000.0,0.0,59.0,Govt Grant,0.0,"Claim your Govt. relief fund of Rs.25,000 now: http://relief-gov.pk",security-alert@gateway.com,phishing
phish-7368,923018000000.0,1.0,179.0,Utility Bill,0.0,"Your electricity bill is unpaid, account will be disconnected. Pay: http://wapda-bill.com",security-alert@gateway.com,phishing
phish-3869,923063000000.0,0.0,98.0,Courier Service,0.0,Urgent: Your parcel is held at customs. Pay duty: http://parcel-track.xyz,security-alert@gateway.com,phishing
phish-1263,923033000000.0,0.0,194.0,Govt Grant,0.0,"Claim your Govt. relief fund of Rs.25,000 now: http://relief-gov.pk",security-alert@gateway.com,phishing
phish-7114,923048000000.0,0.0,146.0,Utility Bill,0.0,"Your electricity bill is unpaid, account will be disconnected. Pay: http://wapda-bill.com",security-alert@gateway.com,phishing
phish-3521,923080000000.0,1.0,151.0,Govt Grant,0.0,"Claim your Govt. relief fund of Rs.25,000 now: http://relief-gov.pk",security-alert@gateway.com,phishing
phish-7397,923065000000.0,1.0,64.0,Utility Bill,0.0,"Your electricity bill is unpaid, account will be disconnected. Pay: http://wapda-bill.com",security-alert@gateway.com,phishing
phish-3007,923095000000.0,1.0,189.0,Security Alert,0.0,Suspicious login attempt from Brazil. Secure your account: http://login-verify.com,security-alert@gateway.com,phishing
phish-3141,923036000000.0,1.0,177.0,Utility Bill,0.0,"Your electricity bill is unpaid, account will be disconnected. Pay: http://wapda-bill.com",security-alert@gateway.com,phishing
phish-7656,923093000000.0,1.0,126.0,Subscription Alert,0.0,Your subscription will expire today. Renew here: http://bit.ly/secure-renew,security-alert@gateway.com,phishing
phish-8757,923063000000.0,0.0,72.0,Utility Bill,0.0,"Your electricity bill is unpaid, account will be disconnected. Pay: http://wapda-bill.com",security-alert@gateway.com,phishing
phish-5884,923043000000.0,1.0,101.0,Utility Bill,0.0,"Your electricity bill is unpaid, account will be disconnected. Pay: http://wapda-bill.com",security-alert@gateway.com,phishing
phish-1446,923035000000.0,1.0,84.0,Govt Grant,0.0,"Claim your Govt. relief fund of Rs.25,000 now: http://relief-gov.pk",security-alert@gateway.com,phishing
phish-9482,923017000000.0,1.0,196.0,Courier Service,0.0,Urgent: Your parcel is held at customs. Pay duty: http://parcel-track.xyz,security-alert@gateway.com,phishing
phish-5830,923096000000.0,1.0,50.0,Courier Service,0.0,Urgent: Your parcel is held at customs. Pay duty: http://parcel-track.xyz,security-alert@gateway.com,phishing
phish-2558,923012000000.0,0.0,136.0,Govt Grant,0.0,"Claim your Govt. relief fund of Rs.25,000 now: http://relief-gov.pk",security-alert@gateway.com,phishing
phish-6842,923031000000.0,1.0,185.0,Security Alert,0.0,Suspicious login attempt from Brazil. Secure your account: http://login-verify.com,security-alert@gateway.com,phishing
phish-7288,923100000000.0,0.0,148.0,Security Alert,0.0,Suspicious login attempt from Brazil. Secure your account: http://login-verify.com,security-alert@gateway.com,phishing
phish-5098,923067000000.0,0.0,70.0,Courier Service,0.0,Urgent: Your parcel is held at customs. Pay duty: http://parcel-track.xyz,security-alert@gateway.com,phishing
phish-7950,923086000000.0,1.0,195.0,Govt Grant,0.0,"Claim your Govt. relief fund of Rs.25,000 now: http://relief-gov.pk",security-alert@gateway.com,phishing
phish-3796,923043000000.0,1.0,154.0,Security Alert,0.0,Suspicious login attempt from Brazil. Secure your account: http://login-verify.com,security-alert@gateway.com,phishing
phish-9652,923034000000.0,1.0,63.0,Utility Bill,0.0,"Your electricity bill is unpaid, account will be disconnected. Pay: http://wapda-bill.com",security-alert@gateway.com,phishing
phish-3516,923039000000.0,0.0,100.0,Subscription Alert,0.0,Your subscription will expire today. Renew here: http://bit.ly/secure-renew,security-alert@gateway.com,phishing
phish-1390,923074000000.0,0.0,167.0,Courier Service,0.0,Urgent: Your parcel is held at customs. Pay duty: http://parcel-track.xyz,security-alert@gateway.com,phishing
phish-6697,923013000000.0,1.0,86.0,Courier Service,0.0,Urgent: Your parcel is held at customs. Pay duty: http://parcel-track.xyz,security-alert@gateway.com,phishing
phish-9905,923045000000.0,1.0,58.0,Subscription Alert,0.0,Your subscription will expire today. Renew here: http://bit.ly/secure-renew,security-alert@gateway.com,phishing
phish-7398,923026000000.0,0.0,187.0,Subscription Alert,0.0,Your subscription will expire today. Renew here: http://bit.ly/secure-renew,security-alert@gateway.com,phishing
phish-6584,923040000000.0,1.0,199.0,Subscription Alert,0.0,Your subscription will expire today. Renew here: http://bit.ly/secure-renew,security-alert@gateway.com,phishing
phish-3056,923074000000.0,0.0,143.0,Courier Service,0.0,Urgent: Your parcel is held at customs. Pay duty: http://parcel-track.xyz,security-alert@gateway.com,phishing
phish-9536,923084000000.0,1.0,149.0,Govt Grant,0.0,"Claim your Govt. relief fund of Rs.25,000 now: http://relief-gov.pk",security-alert@gateway.com,phishing
phish-2689,923087000000.0,1.0,151.0,Govt Grant,0.0,"Claim your Govt. relief fund of Rs.25,000 now: http://relief-gov.pk",security-alert@gateway.com,phishing
phish-6176,923018000000.0,0.0,142.0,Subscription Alert,0.0,Your subscription will expire today. Renew here: http://bit.ly/secure-renew,security-alert@gateway.com,phishing
phish-7007,923039000000.0,1.0,147.0,Courier Service,0.0,Urgent: Your parcel is held at customs. Pay duty: http://parcel-track.xyz,security-alert@gateway.com,phishing
phish-8795,923068000000.0,1.0,69.0,Security Alert,0.0,Suspicious login attempt from Brazil. Secure your account: http://login-verify.com,security-alert@gateway.com,phishing
phish-5865,923091000000.0,0.0,157.0,Govt Grant,0.0,"Claim your Govt. relief fund of Rs.25,000 now: http://relief-gov.pk",security-alert@gateway.com,phishing
phish-5440,923015000000.0,1.0,65.0,Utility Bill,0.0,"Your electricity bill is unpaid, account will be disconnected. Pay: http://wapda-bill.com",security-alert@gateway.com,phishing
phish-2311,923097000000.0,1.0,177.0,Govt Grant,0.0,"Claim your Govt. relief fund of Rs.25,000 now: http://relief-gov.pk",security-alert@gateway.com,phishing
phish-4140,923020000000.0,0.0,115.0,Security Alert,0.0,Suspicious login attempt from Brazil. Secure your account: http://login-verify.com,security-alert@gateway.com,phishing
phish-1589,923043000000.0,0.0,184.0,Courier Service,0.0,Urgent: Your parcel is held at customs. Pay duty: http://parcel-track.xyz,security-alert@gateway.com,phishing
phish-5149,923066000000.0,0.0,182.0,Security Alert,0.0,Suspicious login attempt from Brazil. Secure your account: http://login-verify.com,security-alert@gateway.com,phishing
phish-8428,923082000000.0,0.0,92.0,Govt Grant,0.0,"Claim your Govt. relief fund of Rs.25,000 now: http://relief-gov.pk",security-alert@gateway.com,phishing
phish-5202,923011000000.0,1.0,151.0,Utility Bill,0.0,"Your electricity bill is unpaid, account will be disconnected. Pay: http://wapda-bill.com",security-alert@gateway.com,phishing
phish-3895,923047000000.0,0.0,66.0,Govt Grant,0.0,"Claim your Govt. relief fund of Rs.25,000 now: http://relief-gov.pk",security-alert@gateway.com,phishing
phish-8161,923075000000.0,1.0,63.0,Courier Service,0.0,Urgent: Your parcel is held at customs. Pay duty: http://parcel-track.xyz,security-alert@gateway.com,phishing
phish-4910,923087000000.0,0.0,168.0,Courier Service,0.0,Urgent: Your parcel is held at customs. Pay duty: http://parcel-track.xyz,security-alert@gateway.com,phishing
phish-6028,923021000000.0,1.0,80.0,Govt Grant,0.0,"Claim your Govt. relief fund of Rs.25,000 now: http://relief-gov.pk",security-alert@gateway.com,phishing
phish-1838,923065000000.0,1.0,173.0,Subscription Alert,0.0,Your subscription will expire today. Renew here: http://bit.ly/secure-renew,security-alert@gateway.com,phishing
phish-9935,923041000000.0,0.0,188.0,Subscription Alert,0.0,Your subscription will expire today. Renew here: http://bit.ly/secure-renew,security-alert@gateway.com,phishing
phish-8342,923011000000.0,0.0,91.0,Subscription Alert,0.0,Your subscription will expire today. Renew here: http://bit.ly/secure-renew,security-alert@gateway.com,phishing
phish-5188,923065000000.0,0.0,144.0,Courier Service,0.0,Urgent: Your parcel is held at customs. Pay duty: http://parcel-track.xyz,security-alert@gateway.com,phishing
phish-4474,923025000000.0,1.0,146.0,Courier Service,0.0,Urgent: Your parcel is held at customs. Pay duty: http://parcel-track.xyz,security-alert@gateway.com,phishing
phish-6286,923056000000.0,0.0,90.0,Subscription Alert,0.0,Your subscription will expire today. Renew here: http://bit.ly/secure-renew,security-alert@gateway.com,phishing
phish-5945,923082000000.0,1.0,155.0,Utility Bill,0.0,"Your electricity bill is unpaid, account will be disconnected. Pay: http://wapda-bill.com",security-alert@gateway.com,phishing
phish-8637,923050000000.0,1.0,168.0,Courier Service,0.0,Urgent: Your parcel is held at customs. Pay duty: http://parcel-track.xyz,security-alert@gateway.com,phishing
phish-6201,923060000000.0,0.0,70.0,Govt Grant,0.0,"Claim your Govt. relief fund of Rs.25,000 now: http://relief-gov.pk",security-alert@gateway.com,phishing
phish-3958,923087000000.0,0.0,128.0,Utility Bill,0.0,"Your electricity bill is unpaid, account will be disconnected. Pay: http://wapda-bill.com",security-alert@gateway.com,phishing
phish-5520,923098000000.0,1.0,114.0,Govt Grant,0.0,"Claim your Govt. relief fund of Rs.25,000 now: http://relief-gov.pk",security-alert@gateway.com,phishing
phish-1466,923012000000.0,1.0,171.0,Govt Grant,0.0,"Claim your Govt. relief fund of Rs.25,000 now: http://relief-gov.pk",security-alert@gateway.com,phishing
phish-8148,923059000000.0,1.0,197.0,Subscription Alert,0.0,Your subscription will expire today. Renew here: http://bit.ly/secure-renew,security-alert@gateway.com,phishing
phish-3517,923039000000.0,0.0,63.0,Subscription Alert,0.0,Your subscription will expire today. Renew here: http://bit.ly/secure-renew,security-alert@gateway.com,phishing
phish-2717,923071000000.0,1.0,53.0,Utility Bill,0.0,"Your electricity bill is unpaid, account will be disconnected. Pay: http://wapda-bill.com",security-alert@gateway.com,phishing
phish-5494,923026000000.0,1.0,154.0,Courier Service,0.0,Urgent: Your parcel is held at customs. Pay duty: http://parcel-track.xyz,security-alert@gateway.com,phishing
phish-3070,923059000000.0,0.0,128.0,Utility Bill,0.0,"Your electricity bill is unpaid, account will be disconnected. Pay: http://wapda-bill.com",security-alert@gateway.com,phishing
phish-6967,923025000000.0,1.0,92.0,Security Alert,0.0,Suspicious login attempt from Brazil. Secure your account: http://login-verify.com,security-alert@gateway.com,phishing
phish-9714,923082000000.0,1.0,173.0,Subscription Alert,0.0,Your subscription will expire today. Renew here: http://bit.ly/secure-renew,security-alert@gateway.com,phishing
phish-7171,923071000000.0,0.0,133.0,Subscription Alert,0.0,Your subscription will expire today. Renew here: http://bit.ly/secure-renew,security-alert@gateway.com,phishing
phish-9932,923086000000.0,0.0,153.0,Courier Service,0.0,Urgent: Your parcel is held at customs. Pay duty: http://parcel-track.xyz,security-alert@gateway.com,phishing
phish-7212,923034000000.0,1.0,129.0,Courier Service,0.0,Urgent: Your parcel is held at customs. Pay duty: http://parcel-track.xyz,security-alert@gateway.com,phishing
phish-3452,923067000000.0,0.0,160.0,Subscription Alert,0.0,Your subscription will expire today. Renew here: http://bit.ly/secure-renew,security-alert@gateway.com,phishing
phish-3350,923053000000.0,1.0,79.0,Courier Service,0.0,Urgent: Your parcel is held at customs. Pay duty: http://parcel-track.xyz,security-alert@gateway.com,phishing
phish-9687,923035000000.0,0.0,196.0,Subscription Alert,0.0,Your subscription will expire today. Renew here: http://bit.ly/secure-renew,security-alert@gateway.com,phishing
phish-8115,923076000000.0,0.0,88.0,Security Alert,0.0,Suspicious login attempt from Brazil. Secure your account: http://login-verify.com,security-alert@gateway.com,phishing
phish-5690,923071000000.0,1.0,114.0,Subscription Alert,0.0,Your subscription will expire today. Renew here: http://bit.ly/secure-renew,security-alert@gateway.com,phishing
phish-9139,923039000000.0,0.0,168.0,Utility Bill,0.0,"Your electricity bill is unpaid, account will be disconnected. Pay: http://wapda-bill.com",security-alert@gateway.com,phishing
phish-1262,923047000000.0,1.0,175.0,Govt Grant,0.0,"Claim your Govt. relief fund of Rs.25,000 now: http://relief-gov.pk",security-alert@gateway.com,phishing
phish-6681,923025000000.0,0.0,98.0,Security Alert,0.0,Suspicious login attempt from Brazil. Secure your account: http://login-verify.com,security-alert@gateway.com,phishing
phish-1867,923036000000.0,0.0,150.0,Courier Service,0.0,Urgent: Your parcel is held at customs. Pay duty: http://parcel-track.xyz,security-alert@gateway.com,phishing
phish-6684,923071000000.0,1.0,69.0,Security Alert,0.0,Suspicious login attempt from Brazil. Secure your account: http://login-verify.com,security-alert@gateway.com,phishing
phish-5933,923089000000.0,0.0,56.0,Security Alert,0.0,Suspicious login attempt from Brazil. Secure your account: http://login-verify.com,security-alert@gateway.com,phishing
phish-3640,923016000000.0,1.0,127.0,Utility Bill,0.0,"Your electricity bill is unpaid, account will be disconnected. Pay: http://wapda-bill.com",security-alert@gateway.com,phishing
phish-7494,923087000000.0,1.0,115.0,Govt Grant,0.0,"Claim your Govt. relief fund of Rs.25,000 now: http://relief-gov.pk",security-alert@gateway.com,phishing
phish-7201,923013000000.0,1.0,159.0,Utility Bill,0.0,"Your electricity bill is unpaid, account will be disconnected. Pay: http://wapda-bill.com",security-alert@gateway.com,phishing
phish-1980,923059000000.0,0.0,181.0,Subscription Alert,0.0,Your subscription will expire today. Renew here: http://bit.ly/secure-renew,security-alert@gateway.com,phishing
phish-9833,923076000000.0,0.0,156.0,Subscription Alert,0.0,Your subscription will expire today. Renew here: http://bit.ly/secure-renew,security-alert@gateway.com,phishing
phish-3591,923023000000.0,0.0,73.0,Govt Grant,0.0,"Claim your Govt. relief fund of Rs.25,000 now: http://relief-gov.pk",security-alert@gateway.com,phishing
phish-6560,923099000000.0,1.0,167.0,Govt Grant,0.0,"Claim your Govt. relief fund of Rs.25,000 now: http://relief-gov.pk",security-alert@gateway.com,phishing
phish-4059,923043000000.0,0.0,62.0,Courier Service,0.0,Urgent: Your parcel is held at customs. Pay duty: http://parcel-track.xyz,security-alert@gateway.com,phishing
phish-6693,923098000000.0,0.0,67.0,Govt Grant,0.0,"Claim your Govt. relief fund of Rs.25,000 now: http://relief-gov.pk",security-alert@gateway.com,phishing
phish-9731,923045000000.0,0.0,61.0,Govt Grant,0.0,"Claim your Govt. relief fund of Rs.25,000 now: http://relief-gov.pk",security-alert@gateway.com,phishing
phish-5695,923071000000.0,1.0,142.0,Courier Service,0.0,Urgent: Your parcel is held at customs. Pay duty: http://parcel-track.xyz,security-alert@gateway.com,phishing
phish-2802,923085000000.0,1.0,121.0,Govt Grant,0.0,"Claim your Govt. relief fund of Rs.25,000 now: http://relief-gov.pk",security-alert@gateway.com,phishing
phish-5977,923014000000.0,1.0,183.0,Govt Grant,0.0,"Claim your Govt. relief fund of Rs.25,000 now: http://relief-gov.pk",security-alert@gateway.com,phishing
phish-9549,923079000000.0,1.0,59.0,Courier Service,0.0,Urgent: Your parcel is held at customs. Pay duty: http://parcel-track.xyz,security-alert@gateway.com,phishing
phish-1741,923018000000.0,0.0,185.0,Security Alert,0.0,Suspicious login attempt from Brazil. Secure your account: http://login-verify.com,security-alert@gateway.com,phishing
phish-5221,923089000000.0,1.0,120.0,Govt Grant,0.0,"Claim your Govt. relief fund of Rs.25,000 now: http://relief-gov.pk",security-alert@gateway.com,phishing
phish-8692,923027000000.0,1.0,138.0,Subscription Alert,0.0,Your subscription will expire today. Renew here: http://bit.ly/secure-renew,security-alert@gateway.com,phishing
phish-3648,923017000000.0,0.0,156.0,Subscription Alert,0.0,Your subscription will expire today. Renew here: http://bit.ly/secure-renew,security-alert@gateway.com,phishing
phish-9227,923016000000.0,1.0,151.0,Security Alert,0.0,Suspicious login attempt from Brazil. Secure your account: http://login-verify.com,security-alert@gateway.com,phishing
phish-2300,923094000000.0,0.0,73.0,Security Alert,0.0,Suspicious login attempt from Brazil. Secure your account: http://login-verify.com,security-alert@gateway.com,phishing
phish-2360,923053000000.0,1.0,57.0,Utility Bill,0.0,"Your electricity bill is unpaid, account will be disconnected. Pay: http://wapda-bill.com",security-alert@gateway.com,phishing
phish-1304,923056000000.0,0.0,50.0,Courier Service,0.0,Urgent: Your parcel is held at customs. Pay duty: http://parcel-track.xyz,security-alert@gateway.com,phishing
phish-1942,923068000000.0,0.0,187.0,Subscription Alert,0.0,Your subscription will expire today. Renew here: http://bit.ly/secure-renew,security-alert@gateway.com,phishing
phish-4629,923070000000.0,0.0,117.0,Security Alert,0.0,Suspicious login attempt from Brazil. Secure your account: http://login-verify.com,security-alert@gateway.com,phishing
phish-5956,923062000000.0,1.0,147.0,Subscription Alert,0.0,Your subscription will expire today. Renew here: http://bit.ly/secure-renew,security-alert@gateway.com,phishing
phish-7303,923068000000.0,0.0,179.0,Utility Bill,0.0,"Your electricity bill is unpaid, account will be disconnected. Pay: http://wapda-bill.com",security-alert@gateway.com,phishing
phish-5457,923087000000.0,0.0,173.0,Security Alert,0.0,Suspicious login attempt from Brazil. Secure your account: http://login-verify.com,security-alert@gateway.com,phishing
phish-9707,923035000000.0,1.0,59.0,Security Alert,0.0,Suspicious login attempt from Brazil. Secure your account: http://login-verify.com,security-alert@gateway.com,phishing
phish-8669,923072000000.0,0.0,157.0,Utility Bill,0.0,"Your electricity bill is unpaid, account will be disconnected. Pay: http://wapda-bill.com",security-alert@gateway.com,phishing
phish-1809,923043000000.0,0.0,79.0,Utility Bill,0.0,"Your electricity bill is unpaid, account will be disconnected. Pay: http://wapda-bill.com",security-alert@gateway.com,phishing
phish-6161,923077000000.0,0.0,121.0,Security Alert,0.0,Suspicious login attempt from Brazil. Secure your account: http://login-verify.com,security-alert@gateway.com,phishing
phish-5171,923086000000.0,1.0,127.0,Subscription Alert,0.0,Your subscription will expire today. Renew here: http://bit.ly/secure-renew,security-alert@gateway.com,phishing
phish-4091,923088000000.0,1.0,75.0,Govt Grant,0.0,"Claim your Govt. relief fund of Rs.25,000 now: http://relief-gov.pk",security-alert@gateway.com,phishing
phish-2657,923031000000.0,0.0,169.0,Govt Grant,0.0,"Claim your Govt. relief fund of Rs.25,000 now: http://relief-gov.pk",security-alert@gateway.com,phishing
phish-6248,923069000000.0,0.0,86.0,Security Alert,0.0,Suspicious login attempt from Brazil. Secure your account: http://login-verify.com,security-alert@gateway.com,phishing
phish-2799,923024000000.0,0.0,93.0,Utility Bill,0.0,"Your electricity bill is unpaid, account will be disconnected. Pay: http://wapda-bill.com",security-alert@gateway.com,phishing
phish-5166,923086000000.0,0.0,156.0,Security Alert,0.0,Suspicious login attempt from Brazil. Secure your account: http://login-verify.com,security-alert@gateway.com,phishing
phish-7267,923076000000.0,0.0,193.0,Subscription Alert,0.0,Your subscription will expire today. Renew here: http://bit.ly/secure-renew,security-alert@gateway.com,phishing
phish-5675,923016000000.0,0.0,112.0,Utility Bill,0.0,"Your electricity bill is unpaid, account will be disconnected. Pay: http://wapda-bill.com",security-alert@gateway.com,phishing
phish-7876,923026000000.0,1.0,135.0,Courier Service,0.0,Urgent: Your parcel is held at customs. Pay duty: http://parcel-track.xyz,security-alert@gateway.com,phishing
phish-7484,923017000000.0,1.0,195.0,Security Alert,0.0,Suspicious login attempt from Brazil. Secure your account: http://login-verify.com,security-alert@gateway.com,phishing
phish-7809,923028000000.0,0.0,123.0,Utility Bill,0.0,"Your electricity bill is unpaid, account will be disconnected. Pay: http://wapda-bill.com",security-alert@gateway.com,phishing
phish-3578,923088000000.0,0.0,89.0,Utility Bill,0.0,"Your electricity bill is unpaid, account will be disconnected. Pay: http://wapda-bill.com",security-alert@gateway.com,phishing
phish-3957,923035000000.0,0.0,61.0,Subscription Alert,0.0,Your subscription will expire today. Renew here: http://bit.ly/secure-renew,security-alert@gateway.com,phishing
phish-3957,923050000000.0,0.0,112.0,Subscription Alert,0.0,Your subscription will expire today. Renew here: http://bit.ly/secure-renew,security-alert@gateway.com,phishing
phish-2644,923074000000.0,1.0,161.0,Courier Service,0.0,Urgent: Your parcel is held at customs. Pay duty: http://parcel-track.xyz,security-alert@gateway.com,phishing
phish-8315,923086000000.0,0.0,162.0,Courier Service,0.0,Urgent: Your parcel is held at customs. Pay duty: http://parcel-track.xyz,security-alert@gateway.com,phishing
phish-7696,923011000000.0,1.0,123.0,Courier Service,0.0,Urgent: Your parcel is held at customs. Pay duty: http://parcel-track.xyz,security-alert@gateway.com,phishing
phish-1494,923084000000.0,0.0,105.0,Security Alert,0.0,Suspicious login attempt from Brazil. Secure your account: http://login-verify.com,security-alert@gateway.com,phishing
phish-6673,923080000000.0,1.0,162.0,Govt Grant,0.0,"Claim your Govt. relief fund of Rs.25,000 now: http://relief-gov.pk",security-alert@gateway.com,phishing
phish-6558,923070000000.0,0.0,75.0,Courier Service,0.0,Urgent: Your parcel is held at customs. Pay duty: http://parcel-track.xyz,security-alert@gateway.com,phishing
phish-9366,923072000000.0,1.0,84.0,Courier Service,0.0,Urgent: Your parcel is held at customs. Pay duty: http://parcel-track.xyz,security-alert@gateway.com,phishing
phish-8258,923020000000.0,0.0,126.0,Security Alert,0.0,Suspicious login attempt from Brazil. Secure your account: http://login-verify.com,security-alert@gateway.com,phishing
phish-1206,923054000000.0,1.0,55.0,Subscription Alert,0.0,Your subscription will expire today. Renew here: http://bit.ly/secure-renew,security-alert@gateway.com,phishing
phish-5651,923026000000.0,1.0,85.0,Subscription Alert,0.0,Your subscription will expire today. Renew here: http://bit.ly/secure-renew,security-alert@gateway.com,phishing
phish-9618,923023000000.0,0.0,185.0,Govt Grant,0.0,"Claim your Govt. relief fund of Rs.25,000 now: http://relief-gov.pk",security-alert@gateway.com,phishing
phish-7872,923097000000.0,1.0,182.0,Subscription Alert,0.0,Your subscription will expire today. Renew here: http://bit.ly/secure-renew,security-alert@gateway.com,phishing
phish-1115,923078000000.0,0.0,77.0,Subscription Alert,0.0,Your subscription will expire today. Renew here: http://bit.ly/secure-renew,security-alert@gateway.com,phishing
phish-5005,923052000000.0,1.0,109.0,Subscription Alert,0.0,Your subscription will expire today. Renew here: http://bit.ly/secure-renew,security-alert@gateway.com,phishing
phish-1706,923029000000.0,1.0,56.0,Subscription Alert,0.0,Your subscription will expire today. Renew here: http://bit.ly/secure-renew,security-alert@gateway.com,phishing
phish-7697,923066000000.0,0.0,183.0,Subscription,0.0,Netflix: Payment failed. Update at http://netflix-pay.com or check status: http://status-portal.net,security-alert@gateway.com,phishing
phish-3116,923037000000.0,1.0,99.0,Subscription,0.0,Netflix: Payment failed. Update at http://netflix-pay.com or check status: http://status-portal.net,security-alert@gateway.com,phishing
phish-3465,923090000000.0,1.0,109.0,Banking,0.0,Banking: Unauthorized login detected. Block card: http://bank-block.com or visit site: http://secure-bank.xyz,security-alert@gateway.com,phishing
phish-2417,923100000000.0,0.0,105.0,E-commerce,0.0,Amazon: Order #123 updated. View shipping: http://amazon-ship.xyz or manage order: http://amazon-manage.net,security-alert@gateway.com,phishing
phish-3212,923098000000.0,1.0,89.0,Identity Verification,0.0,Security Alert: Verify your ID at http://verify-id.pk AND sync your data at http://sync-portal.xyz,security-alert@gateway.com,phishing
phish-4791,923053000000.0,1.0,138.0,Prize Scam,0.0,Congratulations! Win a prize at http://lucky-draw.com and claim your bonus at http://claim-now.online,security-alert@gateway.com,phishing
phish-6445,923013000000.0,0.0,127.0,Health,0.0,Health Alert: Lab report ready. Download here: http://lab-reports.xyz or view trends: http://health-check.net,security-alert@gateway.com,phishing
phish-6074,923026000000.0,1.0,110.0,E-commerce,0.0,Amazon: Order #123 updated. View shipping: http://amazon-ship.xyz or manage order: http://amazon-manage.net,security-alert@gateway.com,phishing
phish-6039,923041000000.0,0.0,152.0,Courier Service,0.0,"Parcel delayed! Track here: http://track-parcel.xyz. If link fails, contact help at http://help-support.net",security-alert@gateway.com,phishing
phish-7374,923056000000.0,1.0,166.0,Tax Refund,0.0,FBR Alert: Tax refund pending. Apply: http://fbr-refund.pk and check eligibility: http://tax-check.pk,security-alert@gateway.com,phishing
phish-1235,923084000000.0,1.0,170.0,Identity Verification,0.0,Security Alert: Verify your ID at http://verify-id.pk AND sync your data at http://sync-portal.xyz,security-alert@gateway.com,phishing
phish-1589,923064000000.0,1.0,193.0,Banking,0.0,Banking: Unauthorized login detected. Block card: http://bank-block.com or visit site: http://secure-bank.xyz,security-alert@gateway.com,phishing
phish-5841,923050000000.0,1.0,200.0,Courier Service,0.0,"Parcel delayed! Track here: http://track-parcel.xyz. If link fails, contact help at http://help-support.net",security-alert@gateway.com,phishing
phish-6747,923072000000.0,0.0,199.0,Courier Service,0.0,"Parcel delayed! Track here: http://track-parcel.xyz. If link fails, contact help at http://help-support.net",security-alert@gateway.com,phishing
phish-8477,923041000000.0,1.0,169.0,Health,0.0,Health Alert: Lab report ready. Download here: http://lab-reports.xyz or view trends: http://health-check.net,security-alert@gateway.com,phishing
phish-7442,923070000000.0,1.0,110.0,Health,0.0,Health Alert: Lab report ready. Download here: http://lab-reports.xyz or view trends: http://health-check.net,security-alert@gateway.com,phishing
phish-1072,923024000000.0,1.0,78.0,Banking,0.0,Banking: Unauthorized login detected. Block card: http://bank-block.com or visit site: http://secure-bank.xyz,security-alert@gateway.com,phishing
phish-3672,923081000000.0,0.0,149.0,Prize Scam,0.0,Congratulations! Win a prize at http://lucky-draw.com and claim your bonus at http://claim-now.online,security-alert@gateway.com,phishing
phish-8289,923084000000.0,1.0,168.0,Subscription,0.0,Netflix: Payment failed. Update at http://netflix-pay.com or check status: http://status-portal.net,security-alert@gateway.com,phishing
phish-1688,923059000000.0,1.0,90.0,Tax Refund,0.0,FBR Alert: Tax refund pending. Apply: http://fbr-refund.pk and check eligibility: http://tax-check.pk,security-alert@gateway.com,phishing
phish-1255,923033000000.0,1.0,72.0,Subscription,0.0,Netflix: Payment failed. Update at http://netflix-pay.com or check status: http://status-portal.net,security-alert@gateway.com,phishing
phish-1861,923024000000.0,0.0,193.0,Courier Service,0.0,"Parcel delayed! Track here: http://track-parcel.xyz. If link fails, contact help at http://help-support.net",security-alert@gateway.com,phishing
phish-4464,923057000000.0,1.0,97.0,Job Scam,0.0,Job Offer: Apply for remote role: http://jobs-portal.net and upload CV: http://upload-cv.xyz,security-alert@gateway.com,phishing
phish-5954,923089000000.0,1.0,174.0,Subscription,0.0,Netflix: Payment failed. Update at http://netflix-pay.com or check status: http://status-portal.net,security-alert@gateway.com,phishing
phish-8037,923055000000.0,0.0,142.0,Health,0.0,Health Alert: Lab report ready. Download here: http://lab-reports.xyz or view trends: http://health-check.net,security-alert@gateway.com,phishing
phish-3354,923052000000.0,1.0,91.0,Identity Verification,0.0,Security Alert: Verify your ID at http://verify-id.pk AND sync your data at http://sync-portal.xyz,security-alert@gateway.com,phishing
phish-2600,923087000000.0,1.0,199.0,Banking,0.0,Banking: Unauthorized login detected. Block card: http://bank-block.com or visit site: http://secure-bank.xyz,security-alert@gateway.com,phishing
phish-3545,923076000000.0,0.0,110.0,Subscription,0.0,Netflix: Payment failed. Update at http://netflix-pay.com or check status: http://status-portal.net,security-alert@gateway.com,phishing
phish-1663,923021000000.0,1.0,183.0,Banking,0.0,Banking: Unauthorized login detected. Block card: http://bank-block.com or visit site: http://secure-bank.xyz,security-alert@gateway.com,phishing
phish-3829,923052000000.0,0.0,189.0,E-commerce,0.0,Amazon: Order #123 updated. View shipping: http://amazon-ship.xyz or manage order: http://amazon-manage.net,security-alert@gateway.com,phishing
phish-2273,923054000000.0,0.0,198.0,Subscription,0.0,Netflix: Payment failed. Update at http://netflix-pay.com or check status: http://status-portal.net,security-alert@gateway.com,phishing
phish-1509,923094000000.0,1.0,62.0,Prize Scam,0.0,Congratulations! Win a prize at http://lucky-draw.com and claim your bonus at http://claim-now.online,security-alert@gateway.com,phishing
phish-8619,923082000000.0,0.0,159.0,E-commerce,0.0,Amazon: Order #123 updated. View shipping: http://amazon-ship.xyz or manage order: http://amazon-manage.net,security-alert@gateway.com,phishing
phish-7271,923099000000.0,0.0,146.0,Prize Scam,0.0,Congratulations! Win a prize at http://lucky-draw.com and claim your bonus at http://claim-now.online,security-alert@gateway.com,phishing
phish-7823,923026000000.0,0.0,117.0,Identity Verification,0.0,Security Alert: Verify your ID at http://verify-id.pk AND sync your data at http://sync-portal.xyz,security-alert@gateway.com,phishing
phish-7652,923038000000.0,1.0,108.0,Health,0.0,Health Alert: Lab report ready. Download here: http://lab-reports.xyz or view trends: http://health-check.net,security-alert@gateway.com,phishing
phish-4775,923039000000.0,1.0,118.0,Health,0.0,Health Alert: Lab report ready. Download here: http://lab-reports.xyz or view trends: http://health-check.net,security-alert@gateway.com,phishing
phish-5443,923011000000.0,1.0,167.0,Job Scam,0.0,Job Offer: Apply for remote role: http://jobs-portal.net and upload CV: http://upload-cv.xyz,security-alert@gateway.com,phishing
phish-1402,923045000000.0,1.0,166.0,Courier Service,0.0,"Parcel delayed! Track here: http://track-parcel.xyz. If link fails, contact help at http://help-support.net",security-alert@gateway.com,phishing
phish-3506,923056000000.0,1.0,154.0,E-commerce,0.0,Amazon: Order #123 updated. View shipping: http://amazon-ship.xyz or manage order: http://amazon-manage.net,security-alert@gateway.com,phishing
phish-7791,923099000000.0,0.0,117.0,Job Scam,0.0,Job Offer: Apply for remote role: http://jobs-portal.net and upload CV: http://upload-cv.xyz,security-alert@gateway.com,phishing
phish-1341,923056000000.0,0.0,184.0,E-commerce,0.0,Amazon: Order #123 updated. View shipping: http://amazon-ship.xyz or manage order: http://amazon-manage.net,security-alert@gateway.com,phishing
phish-5081,923027000000.0,1.0,153.0,E-commerce,0.0,Amazon: Order #123 updated. View shipping: http://amazon-ship.xyz or manage order: http://amazon-manage.net,security-alert@gateway.com,phishing
phish-3027,923064000000.0,1.0,198.0,Health,0.0,Health Alert: Lab report ready. Download here: http://lab-reports.xyz or view trends: http://health-check.net,security-alert@gateway.com,phishing
phish-3562,923061000000.0,0.0,128.0,Identity Verification,0.0,Security Alert: Verify your ID at http://verify-id.pk AND sync your data at http://sync-portal.xyz,security-alert@gateway.com,phishing
phish-6326,923029000000.0,1.0,65.0,Courier Service,0.0,"Parcel delayed! Track here: http://track-parcel.xyz. If link fails, contact help at http://help-support.net",security-alert@gateway.com,phishing
phish-8517,923084000000.0,0.0,170.0,Prize Scam,0.0,Congratulations! Win a prize at http://lucky-draw.com and claim your bonus at http://claim-now.online,security-alert@gateway.com,phishing
phish-2640,923023000000.0,1.0,63.0,Courier Service,0.0,"Parcel delayed! Track here: http://track-parcel.xyz. If link fails, contact help at http://help-support.net",security-alert@gateway.com,phishing
phish-7581,923094000000.0,1.0,143.0,Tax Refund,0.0,FBR Alert: Tax refund pending. Apply: http://fbr-refund.pk and check eligibility: http://tax-check.pk,security-alert@gateway.com,phishing
phish-9795,923019000000.0,0.0,178.0,E-commerce,0.0,Amazon: Order #123 updated. View shipping: http://amazon-ship.xyz or manage order: http://amazon-manage.net,security-alert@gateway.com,phishing
phish-8483,923063000000.0,1.0,55.0,Courier Service,0.0,"Parcel delayed! Track here: http://track-parcel.xyz. If link fails, contact help at http://help-support.net",security-alert@gateway.com,phishing
phish-1766,923021000000.0,1.0,137.0,Subscription,0.0,Netflix: Payment failed. Update at http://netflix-pay.com or check status: http://status-portal.net,security-alert@gateway.com,phishing
phish-2940,923090000000.0,1.0,68.0,Tax Refund,0.0,FBR Alert: Tax refund pending. Apply: http://fbr-refund.pk and check eligibility: http://tax-check.pk,security-alert@gateway.com,phishing
phish-3069,923050000000.0,1.0,56.0,Banking,0.0,Banking: Unauthorized login detected. Block card: http://bank-block.com or visit site: http://secure-bank.xyz,security-alert@gateway.com,phishing
phish-3890,923029000000.0,1.0,60.0,Banking,0.0,Banking: Unauthorized login detected. Block card: http://bank-block.com or visit site: http://secure-bank.xyz,security-alert@gateway.com,phishing
phish-8861,923026000000.0,0.0,197.0,Subscription,0.0,Netflix: Payment failed. Update at http://netflix-pay.com or check status: http://status-portal.net,security-alert@gateway.com,phishing
phish-4145,923049000000.0,1.0,167.0,Tax Refund,0.0,FBR Alert: Tax refund pending. Apply: http://fbr-refund.pk and check eligibility: http://tax-check.pk,security-alert@gateway.com,phishing
phish-9960,923076000000.0,0.0,95.0,E-commerce,0.0,Amazon: Order #123 updated. View shipping: http://amazon-ship.xyz or manage order: http://amazon-manage.net,security-alert@gateway.com,phishing
phish-9866,923057000000.0,1.0,112.0,Banking,0.0,Banking: Unauthorized login detected. Block card: http://bank-block.com or visit site: http://secure-bank.xyz,security-alert@gateway.com,phishing
phish-4109,923077000000.0,1.0,151.0,Identity Verification,0.0,Security Alert: Verify your ID at http://verify-id.pk AND sync your data at http://sync-portal.xyz,security-alert@gateway.com,phishing
phish-4088,923065000000.0,1.0,80.0,Prize Scam,0.0,Congratulations! Win a prize at http://lucky-draw.com and claim your bonus at http://claim-now.online,security-alert@gateway.com,phishing
phish-4231,923081000000.0,1.0,71.0,Subscription,0.0,Netflix: Payment failed. Update at http://netflix-pay.com or check status: http://status-portal.net,security-alert@gateway.com,phishing
phish-2806,923099000000.0,1.0,75.0,Identity Verification,0.0,Security Alert: Verify your ID at http://verify-id.pk AND sync your data at http://sync-portal.xyz,security-alert@gateway.com,phishing
phish-7474,923013000000.0,0.0,56.0,E-commerce,0.0,Amazon: Order #123 updated. View shipping: http://amazon-ship.xyz or manage order: http://amazon-manage.net,security-alert@gateway.com,phishing
phish-5396,923054000000.0,0.0,100.0,Banking,0.0,Banking: Unauthorized login detected. Block card: http://bank-block.com or visit site: http://secure-bank.xyz,security-alert@gateway.com,phishing
phish-3739,923027000000.0,1.0,165.0,Identity Verification,0.0,Security Alert: Verify your ID at http://verify-id.pk AND sync your data at http://sync-portal.xyz,security-alert@gateway.com,phishing
phish-4391,923023000000.0,0.0,176.0,Prize Scam,0.0,Congratulations! Win a prize at http://lucky-draw.com and claim your bonus at http://claim-now.online,security-alert@gateway.com,phishing
phish-4219,923037000000.0,1.0,51.0,Tax Refund,0.0,FBR Alert: Tax refund pending. Apply: http://fbr-refund.pk and check eligibility: http://tax-check.pk,security-alert@gateway.com,phishing
phish-3972,923065000000.0,0.0,80.0,Identity Verification,0.0,Security Alert: Verify your ID at http://verify-id.pk AND sync your data at http://sync-portal.xyz,security-alert@gateway.com,phishing
phish-7229,923034000000.0,0.0,157.0,Job Scam,0.0,Job Offer: Apply for remote role: http://jobs-portal.net and upload CV: http://upload-cv.xyz,security-alert@gateway.com,phishing
phish-7123,923082000000.0,0.0,200.0,E-commerce,0.0,Amazon: Order #123 updated. View shipping: http://amazon-ship.xyz or manage order: http://amazon-manage.net,security-alert@gateway.com,phishing
phish-8497,923015000000.0,0.0,83.0,Prize Scam,0.0,Congratulations! Win a prize at http://lucky-draw.com and claim your bonus at http://claim-now.online,security-alert@gateway.com,phishing
phish-6536,923050000000.0,1.0,74.0,E-commerce,0.0,Amazon: Order #123 updated. View shipping: http://amazon-ship.xyz or manage order: http://amazon-manage.net,security-alert@gateway.com,phishing
phish-9533,923018000000.0,0.0,82.0,Tax Refund,0.0,FBR Alert: Tax refund pending. Apply: http://fbr-refund.pk and check eligibility: http://tax-check.pk,security-alert@gateway.com,phishing
phish-9422,923078000000.0,1.0,175.0,Job Scam,0.0,Job Offer: Apply for remote role: http://jobs-portal.net and upload CV: http://upload-cv.xyz,security-alert@gateway.com,phishing
phish-1305,923042000000.0,0.0,120.0,Banking,0.0,Banking: Unauthorized login detected. Block card: http://bank-block.com or visit site: http://secure-bank.xyz,security-alert@gateway.com,phishing
phish-2700,923085000000.0,1.0,57.0,Tax Refund,0.0,FBR Alert: Tax refund pending. Apply: http://fbr-refund.pk and check eligibility: http://tax-check.pk,security-alert@gateway.com,phishing
phish-9730,923043000000.0,1.0,71.0,Subscription,0.0,Netflix: Payment failed. Update at http://netflix-pay.com or check status: http://status-portal.net,security-alert@gateway.com,phishing
phish-4625,923087000000.0,1.0,176.0,Health,0.0,Health Alert: Lab report ready. Download here: http://lab-reports.xyz or view trends: http://health-check.net,security-alert@gateway.com,phishing
phish-6703,923018000000.0,1.0,193.0,Banking,0.0,Banking: Unauthorized login detected. Block card: http://bank-block.com or visit site: http://secure-bank.xyz,security-alert@gateway.com,phishing
phish-7165,923061000000.0,0.0,132.0,Health,0.0,Health Alert: Lab report ready. Download here: http://lab-reports.xyz or view trends: http://health-check.net,security-alert@gateway.com,phishing
phish-2558,923046000000.0,1.0,121.0,Banking,0.0,Banking: Unauthorized login detected. Block card: http://bank-block.com or visit site: http://secure-bank.xyz,security-alert@gateway.com,phishing
phish-8304,923037000000.0,1.0,101.0,Tax Refund,0.0,FBR Alert: Tax refund pending. Apply: http://fbr-refund.pk and check eligibility: http://tax-check.pk,security-alert@gateway.com,phishing
phish-1820,923011000000.0,0.0,157.0,Banking,0.0,Banking: Unauthorized login detected. Block card: http://bank-block.com or visit site: http://secure-bank.xyz,security-alert@gateway.com,phishing
phish-8387,923020000000.0,0.0,183.0,Job Scam,0.0,Job Offer: Apply for remote role: http://jobs-portal.net and upload CV: http://upload-cv.xyz,security-alert@gateway.com,phishing
phish-1345,923078000000.0,1.0,145.0,Banking,0.0,Banking: Unauthorized login detected. Block card: http://bank-block.com or visit site: http://secure-bank.xyz,security-alert@gateway.com,phishing
phish-9889,923028000000.0,1.0,162.0,Tax Refund,0.0,FBR Alert: Tax refund pending. Apply: http://fbr-refund.pk and check eligibility: http://tax-check.pk,security-alert@gateway.com,phishing
phish-6415,923043000000.0,0.0,98.0,Tax Refund,0.0,FBR Alert: Tax refund pending. Apply: http://fbr-refund.pk and check eligibility: http://tax-check.pk,security-alert@gateway.com,phishing
phish-6245,923094000000.0,1.0,88.0,Health,0.0,Health Alert: Lab report ready. Download here: http://lab-reports.xyz or view trends: http://health-check.net,security-alert@gateway.com,phishing
phish-8724,923038000000.0,1.0,183.0,E-commerce,0.0,Amazon: Order #123 updated. View shipping: http://amazon-ship.xyz or manage order: http://amazon-manage.net,security-alert@gateway.com,phishing
phish-5651,923067000000.0,0.0,154.0,Banking,0.0,Banking: Unauthorized login detected. Block card: http://bank-block.com or visit site: http://secure-bank.xyz,security-alert@gateway.com,phishing
phish-2471,923068000000.0,1.0,198.0,Job Scam,0.0,Job Offer: Apply for remote role: http://jobs-portal.net and upload CV: http://upload-cv.xyz,security-alert@gateway.com,phishing
phish-3800,923064000000.0,0.0,178.0,Tax Refund,0.0,FBR Alert: Tax refund pending. Apply: http://fbr-refund.pk and check eligibility: http://tax-check.pk,security-alert@gateway.com,phishing
phish-6175,923075000000.0,0.0,178.0,Subscription,0.0,Netflix: Payment failed. Update at http://netflix-pay.com or check status: http://status-portal.net,security-alert@gateway.com,phishing
phish-9348,923031000000.0,0.0,171.0,E-commerce,0.0,Amazon: Order #123 updated. View shipping: http://amazon-ship.xyz or manage order: http://amazon-manage.net,security-alert@gateway.com,phishing
phish-2095,923063000000.0,0.0,104.0,E-commerce,0.0,Amazon: Order #123 updated. View shipping: http://amazon-ship.xyz or manage order: http://amazon-manage.net,security-alert@gateway.com,phishing
phish-4398,923066000000.0,1.0,60.0,Job Scam,0.0,Job Offer: Apply for remote role: http://jobs-portal.net and upload CV: http://upload-cv.xyz,security-alert@gateway.com,phishing
phish-8620,923020000000.0,1.0,92.0,Health,0.0,Health Alert: Lab report ready. Download here: http://lab-reports.xyz or view trends: http://health-check.net,security-alert@gateway.com,phishing
phish-2634,923027000000.0,1.0,186.0,Courier Service,0.0,"Parcel delayed! Track here: http://track-parcel.xyz. If link fails, contact help at http://help-support.net",security-alert@gateway.com,phishing
phish-2595,923086000000.0,0.0,191.0,Health,0.0,Health Alert: Lab report ready. Download here: http://lab-reports.xyz or view trends: http://health-check.net,security-alert@gateway.com,phishing
phish-1327,923032000000.0,1.0,172.0,Courier Service,0.0,"Parcel delayed! Track here: http://track-parcel.xyz. If link fails, contact help at http://help-support.net",security-alert@gateway.com,phishing
phish-9946,923013000000.0,0.0,119.0,E-commerce,0.0,Amazon: Order #123 updated. View shipping: http://amazon-ship.xyz or manage order: http://amazon-manage.net,security-alert@gateway.com,phishing
phish-5275,923019000000.0,1.0,147.0,E-commerce,0.0,Amazon: Order #123 updated. View shipping: http://amazon-ship.xyz or manage order: http://amazon-manage.net,security-alert@gateway.com,phishing
phish-6703,923077000000.0,1.0,135.0,Health,0.0,Health Alert: Lab report ready. Download here: http://lab-reports.xyz or view trends: http://health-check.net,security-alert@gateway.com,phishing
phish-1315,923095000000.0,0.0,91.0,Prize Scam,0.0,Congratulations! Win a prize at http://lucky-draw.com and claim your bonus at http://claim-now.online,security-alert@gateway.com,phishing
phish-8805,923023000000.0,1.0,88.0,Job Scam,0.0,Job Offer: Apply for remote role: http://jobs-portal.net and upload CV: http://upload-cv.xyz,security-alert@gateway.com,phishing
phish-1512,923062000000.0,1.0,110.0,Prize Scam,0.0,Congratulations! Win a prize at http://lucky-draw.com and claim your bonus at http://claim-now.online,security-alert@gateway.com,phishing
phish-1541,923012000000.0,1.0,82.0,Identity Verification,0.0,Security Alert: Verify your ID at http://verify-id.pk AND sync your data at http://sync-portal.xyz,security-alert@gateway.com,phishing
phish-6277,923025000000.0,1.0,146.0,Identity Verification,0.0,Security Alert: Verify your ID at http://verify-id.pk AND sync your data at http://sync-portal.xyz,security-alert@gateway.com,phishing
phish-1927,923011000000.0,0.0,186.0,Courier Service,0.0,"Parcel delayed! Track here: http://track-parcel.xyz. If link fails, contact help at http://help-support.net",security-alert@gateway.com,phishing
phish-8925,923038000000.0,0.0,106.0,Banking,0.0,Banking: Unauthorized login detected. Block card: http://bank-block.com or visit site: http://secure-bank.xyz,security-alert@gateway.com,phishing
phish-8327,923047000000.0,1.0,192.0,Job Scam,0.0,Job Offer: Apply for remote role: http://jobs-portal.net and upload CV: http://upload-cv.xyz,security-alert@gateway.com,phishing
phish-1897,923015000000.0,1.0,145.0,Tax Refund,0.0,FBR Alert: Tax refund pending. Apply: http://fbr-refund.pk and check eligibility: http://tax-check.pk,security-alert@gateway.com,phishing
phish-4293,923028000000.0,1.0,148.0,Subscription,0.0,Netflix: Payment failed. Update at http://netflix-pay.com or check status: http://status-portal.net,security-alert@gateway.com,phishing
phish-6700,923032000000.0,0.0,167.0,Prize Scam,0.0,Congratulations! Win a prize at http://lucky-draw.com and claim your bonus at http://claim-now.online,security-alert@gateway.com,phishing
phish-7866,923083000000.0,1.0,197.0,Courier Service,0.0,"Parcel delayed! Track here: http://track-parcel.xyz. If link fails, contact help at http://help-support.net",security-alert@gateway.com,phishing
phish-2679,923041000000.0,1.0,50.0,Identity Verification,0.0,Security Alert: Verify your ID at http://verify-id.pk AND sync your data at http://sync-portal.xyz,security-alert@gateway.com,phishing
phish-1173,923056000000.0,0.0,107.0,Banking,0.0,Banking: Unauthorized login detected. Block card: http://bank-block.com or visit site: http://secure-bank.xyz,security-alert@gateway.com,phishing
phish-2564,923087000000.0,1.0,55.0,E-commerce,0.0,Amazon: Order #123 updated. View shipping: http://amazon-ship.xyz or manage order: http://amazon-manage.net,security-alert@gateway.com,phishing
phish-2995,923011000000.0,1.0,154.0,Prize Scam,0.0,Congratulations! Win a prize at http://lucky-draw.com and claim your bonus at http://claim-now.online,security-alert@gateway.com,phishing
phish-5931,923045000000.0,1.0,147.0,Health,0.0,Health Alert: Lab report ready. Download here: http://lab-reports.xyz or view trends: http://health-check.net,security-alert@gateway.com,phishing
phish-9351,923041000000.0,0.0,158.0,Health,0.0,Health Alert: Lab report ready. Download here: http://lab-reports.xyz or view trends: http://health-check.net,security-alert@gateway.com,phishing
phish-4438,923067000000.0,0.0,117.0,Banking,0.0,Banking: Unauthorized login detected. Block card: http://bank-block.com or visit site: http://secure-bank.xyz,security-alert@gateway.com,phishing
phish-2216,923017000000.0,1.0,94.0,Job Scam,0.0,Job Offer: Apply for remote role: http://jobs-portal.net and upload CV: http://upload-cv.xyz,security-alert@gateway.com,phishing
phish-3198,923079000000.0,1.0,158.0,Subscription,0.0,Netflix: Payment failed. Update at http://netflix-pay.com or check status: http://status-portal.net,security-alert@gateway.com,phishing
phish-3818,923041000000.0,0.0,91.0,Subscription,0.0,Netflix: Payment failed. Update at http://netflix-pay.com or check status: http://status-portal.net,security-alert@gateway.com,phishing
phish-4599,923099000000.0,0.0,62.0,Courier Service,0.0,"Parcel delayed! Track here: http://track-parcel.xyz. If link fails, contact help at http://help-support.net",security-alert@gateway.com,phishing
phish-8504,923064000000.0,0.0,151.0,Job Scam,0.0,Job Offer: Apply for remote role: http://jobs-portal.net and upload CV: http://upload-cv.xyz,security-alert@gateway.com,phishing
phish-3438,923033000000.0,0.0,196.0,Tax Refund,0.0,FBR Alert: Tax refund pending. Apply: http://fbr-refund.pk and check eligibility: http://tax-check.pk,security-alert@gateway.com,phishing
phish-2268,923036000000.0,1.0,175.0,Courier Service,0.0,"Parcel delayed! Track here: http://track-parcel.xyz. If link fails, contact help at http://help-support.net",security-alert@gateway.com,phishing
phish-9487,923020000000.0,1.0,94.0,Banking,0.0,Banking: Unauthorized login detected. Block card: http://bank-block.com or visit site: http://secure-bank.xyz,security-alert@gateway.com,phishing
phish-7849,923072000000.0,1.0,194.0,Health,0.0,Health Alert: Lab report ready. Download here: http://lab-reports.xyz or view trends: http://health-check.net,security-alert@gateway.com,phishing
phish-9785,923080000000.0,1.0,185.0,Tax Refund,0.0,FBR Alert: Tax refund pending. Apply: http://fbr-refund.pk and check eligibility: http://tax-check.pk,security-alert@gateway.com,phishing
phish-2069,923015000000.0,1.0,141.0,Job Scam,0.0,Job Offer: Apply for remote role: http://jobs-portal.net and upload CV: http://upload-cv.xyz,security-alert@gateway.com,phishing
phish-3272,923012000000.0,1.0,54.0,Banking,0.0,Banking: Unauthorized login detected. Block card: http://bank-block.com or visit site: http://secure-bank.xyz,security-alert@gateway.com,phishing
phish-4415,923056000000.0,0.0,93.0,E-commerce,0.0,Amazon: Order #123 updated. View shipping: http://amazon-ship.xyz or manage order: http://amazon-manage.net,security-alert@gateway.com,phishing
phish-1819,923048000000.0,0.0,170.0,Identity Verification,0.0,Security Alert: Verify your ID at http://verify-id.pk AND sync your data at http://sync-portal.xyz,security-alert@gateway.com,phishing
phish-8328,923098000000.0,1.0,197.0,E-commerce,0.0,Amazon: Order #123 updated. View shipping: http://amazon-ship.xyz or manage order: http://amazon-manage.net,security-alert@gateway.com,phishing
phish-5853,923025000000.0,1.0,125.0,Courier Service,0.0,"Parcel delayed! Track here: http://track-parcel.xyz. If link fails, contact help at http://help-support.net",security-alert@gateway.com,phishing
phish-5224,923045000000.0,0.0,165.0,E-commerce,0.0,Amazon: Order #123 updated. View shipping: http://amazon-ship.xyz or manage order: http://amazon-manage.net,security-alert@gateway.com,phishing
phish-2106,923062000000.0,1.0,141.0,Banking,0.0,Banking: Unauthorized login detected. Block card: http://bank-block.com or visit site: http://secure-bank.xyz,security-alert@gateway.com,phishing
phish-1361,923033000000.0,0.0,57.0,E-commerce,0.0,Amazon: Order #123 updated. View shipping: http://amazon-ship.xyz or manage order: http://amazon-manage.net,security-alert@gateway.com,phishing
phish-3239,923020000000.0,1.0,53.0,Health,0.0,Health Alert: Lab report ready. Download here: http://lab-reports.xyz or view trends: http://health-check.net,security-alert@gateway.com,phishing
phish-5146,923037000000.0,1.0,190.0,E-commerce,0.0,Amazon: Order #123 updated. View shipping: http://amazon-ship.xyz or manage order: http://amazon-manage.net,security-alert@gateway.com,phishing
phish-7552,923019000000.0,0.0,62.0,Health,0.0,Health Alert: Lab report ready. Download here: http://lab-reports.xyz or view trends: http://health-check.net,security-alert@gateway.com,phishing
phish-5977,923031000000.0,1.0,129.0,Banking,0.0,Banking: Unauthorized login detected. Block card: http://bank-block.com or visit site: http://secure-bank.xyz,security-alert@gateway.com,phishing
phish-9326,923010000000.0,1.0,153.0,E-commerce,0.0,Amazon: Order #123 updated. View shipping: http://amazon-ship.xyz or manage order: http://amazon-manage.net,security-alert@gateway.com,phishing
phish-3056,923071000000.0,1.0,77.0,Prize Scam,0.0,Congratulations! Win a prize at http://lucky-draw.com and claim your bonus at http://claim-now.online,security-alert@gateway.com,phishing
phish-5683,923044000000.0,1.0,167.0,Banking,0.0,Banking: Unauthorized login detected. Block card: http://bank-block.com or visit site: http://secure-bank.xyz,security-alert@gateway.com,phishing
phish-9951,923039000000.0,0.0,57.0,Courier Service,0.0,"Parcel delayed! Track here: http://track-parcel.xyz. If link fails, contact help at http://help-support.net",security-alert@gateway.com,phishing
phish-9079,923014000000.0,0.0,112.0,E-commerce,0.0,Amazon: Order #123 updated. View shipping: http://amazon-ship.xyz or manage order: http://amazon-manage.net,security-alert@gateway.com,phishing
phish-6864,923060000000.0,0.0,179.0,Prize Scam,0.0,Congratulations! Win a prize at http://lucky-draw.com and claim your bonus at http://claim-now.online,security-alert@gateway.com,phishing
phish-5135,923073000000.0,0.0,138.0,Prize Scam,0.0,Congratulations! Win a prize at http://lucky-draw.com and claim your bonus at http://claim-now.online,security-alert@gateway.com,phishing
phish-9608,923055000000.0,0.0,131.0,Tax Refund,0.0,FBR Alert: Tax refund pending. Apply: http://fbr-refund.pk and check eligibility: http://tax-check.pk,security-alert@gateway.com,phishing
phish-8121,923014000000.0,0.0,113.0,Health,0.0,Health Alert: Lab report ready. Download here: http://lab-reports.xyz or view trends: http://health-check.net,security-alert@gateway.com,phishing
phish-1974,923034000000.0,0.0,106.0,Subscription,0.0,Netflix: Payment failed. Update at http://netflix-pay.com or check status: http://status-portal.net,security-alert@gateway.com,phishing
phish-5123,923047000000.0,1.0,131.0,Prize Scam,0.0,Congratulations! Win a prize at http://lucky-draw.com and claim your bonus at http://claim-now.online,security-alert@gateway.com,phishing
phish-2057,923034000000.0,1.0,133.0,Health,0.0,Health Alert: Lab report ready. Download here: http://lab-reports.xyz or view trends: http://health-check.net,security-alert@gateway.com,phishing
phish-4696,923081000000.0,0.0,62.0,Courier Service,0.0,"Parcel delayed! Track here: http://track-parcel.xyz. If link fails, contact help at http://help-support.net",security-alert@gateway.com,phishing
phish-6990,923082000000.0,1.0,183.0,Identity Verification,0.0,Security Alert: Verify your ID at http://verify-id.pk AND sync your data at http://sync-portal.xyz,security-alert@gateway.com,phishing
phish-5381,923034000000.0,1.0,114.0,Job Scam,0.0,Job Offer: Apply for remote role: http://jobs-portal.net and upload CV: http://upload-cv.xyz,security-alert@gateway.com,phishing
phish-2095,923065000000.0,0.0,128.0,Subscription,0.0,Netflix: Payment failed. Update at http://netflix-pay.com or check status: http://status-portal.net,security-alert@gateway.com,phishing
phish-7712,923059000000.0,0.0,152.0,E-commerce,0.0,Amazon: Order #123 updated. View shipping: http://amazon-ship.xyz or manage order: http://amazon-manage.net,security-alert@gateway.com,phishing
phish-2901,923014000000.0,1.0,132.0,E-commerce,0.0,Amazon: Order #123 updated. View shipping: http://amazon-ship.xyz or manage order: http://amazon-manage.net,security-alert@gateway.com,phishing
phish-4553,923041000000.0,0.0,95.0,Identity Verification,0.0,Security Alert: Verify your ID at http://verify-id.pk AND sync your data at http://sync-portal.xyz,security-alert@gateway.com,phishing
phish-1543,923041000000.0,0.0,194.0,Job Scam,0.0,Job Offer: Apply for remote role: http://jobs-portal.net and upload CV: http://upload-cv.xyz,security-alert@gateway.com,phishing
phish-2756,923054000000.0,0.0,118.0,Identity Verification,0.0,Security Alert: Verify your ID at http://verify-id.pk AND sync your data at http://sync-portal.xyz,security-alert@gateway.com,phishing
phish-2060,923082000000.0,1.0,196.0,Job Scam,0.0,Job Offer: Apply for remote role: http://jobs-portal.net and upload CV: http://upload-cv.xyz,security-alert@gateway.com,phishing
phish-2040,923049000000.0,0.0,181.0,E-commerce,0.0,Amazon: Order #123 updated. View shipping: http://amazon-ship.xyz or manage order: http://amazon-manage.net,security-alert@gateway.com,phishing
phish-4198,923028000000.0,0.0,54.0,Job Scam,0.0,Job Offer: Apply for remote role: http://jobs-portal.net and upload CV: http://upload-cv.xyz,security-alert@gateway.com,phishing
phish-5028,923085000000.0,1.0,189.0,E-commerce,0.0,Amazon: Order #123 updated. View shipping: http://amazon-ship.xyz or manage order: http://amazon-manage.net,security-alert@gateway.com,phishing
phish-1988,923022000000.0,1.0,81.0,Job Scam,0.0,Job Offer: Apply for remote role: http://jobs-portal.net and upload CV: http://upload-cv.xyz,security-alert@gateway.com,phishing
phish-5625,923067000000.0,0.0,92.0,Subscription,0.0,Netflix: Payment failed. Update at http://netflix-pay.com or check status: http://status-portal.net,security-alert@gateway.com,phishing
phish-1533,923051000000.0,1.0,113.0,Identity Verification,0.0,Security Alert: Verify your ID at http://verify-id.pk AND sync your data at http://sync-portal.xyz,security-alert@gateway.com,phishing
phish-1257,923024000000.0,1.0,97.0,Tax Refund,0.0,FBR Alert: Tax refund pending. Apply: http://fbr-refund.pk and check eligibility: http://tax-check.pk,security-alert@gateway.com,phishing
phish-3084,923019000000.0,0.0,59.0,Job Scam,0.0,Job Offer: Apply for remote role: http://jobs-portal.net and upload CV: http://upload-cv.xyz,security-alert@gateway.com,phishing
phish-3295,923061000000.0,0.0,126.0,Job Scam,0.0,Job Offer: Apply for remote role: http://jobs-portal.net and upload CV: http://upload-cv.xyz,security-alert@gateway.com,phishing
phish-2879,923052000000.0,0.0,168.0,Job Scam,0.0,Job Offer: Apply for remote role: http://jobs-portal.net and upload CV: http://upload-cv.xyz,security-alert@gateway.com,phishing
phish-4346,923084000000.0,1.0,155.0,Identity Verification,0.0,Security Alert: Verify your ID at http://verify-id.pk AND sync your data at http://sync-portal.xyz,security-alert@gateway.com,phishing
phish-2386,923022000000.0,1.0,172.0,Prize Scam,0.0,Congratulations! Win a prize at http://lucky-draw.com and claim your bonus at http://claim-now.online,security-alert@gateway.com,phishing
phish-4907,923065000000.0,1.0,114.0,Banking,0.0,Banking: Unauthorized login detected. Block card: http://bank-block.com or visit site: http://secure-bank.xyz,security-alert@gateway.com,phishing
phish-4339,923021000000.0,1.0,78.0,Health,0.0,Health Alert: Lab report ready. Download here: http://lab-reports.xyz or view trends: http://health-check.net,security-alert@gateway.com,phishing
phish-4645,923023000000.0,0.0,106.0,Health,0.0,Health Alert: Lab report ready. Download here: http://lab-reports.xyz or view trends: http://health-check.net,security-alert@gateway.com,phishing
phish-7743,923039000000.0,1.0,125.0,Tax Refund,0.0,FBR Alert: Tax refund pending. Apply: http://fbr-refund.pk and check eligibility: http://tax-check.pk,security-alert@gateway.com,phishing
phish-8003,923080000000.0,1.0,56.0,Identity Verification,0.0,Security Alert: Verify your ID at http://verify-id.pk AND sync your data at http://sync-portal.xyz,security-alert@gateway.com,phishing
phish-1266,923013000000.0,1.0,84.0,Identity Verification,0.0,Security Alert: Verify your ID at http://verify-id.pk AND sync your data at http://sync-portal.xyz,security-alert@gateway.com,phishing
phish-5980,923026000000.0,0.0,168.0,Identity Verification,0.0,Security Alert: Verify your ID at http://verify-id.pk AND sync your data at http://sync-portal.xyz,security-alert@gateway.com,phishing
phish-3056,923011000000.0,0.0,171.0,Health,0.0,Health Alert: Lab report ready. Download here: http://lab-reports.xyz or view trends: http://health-check.net,security-alert@gateway.com,phishing
phish-8497,923081000000.0,1.0,193.0,Job Scam,0.0,Job Offer: Apply for remote role: http://jobs-portal.net and upload CV: http://upload-cv.xyz,security-alert@gateway.com,phishing
phish-2073,923062000000.0,1.0,72.0,Courier Service,0.0,"Parcel delayed! Track here: http://track-parcel.xyz. If link fails, contact help at http://help-support.net",security-alert@gateway.com,phishing
phish-7987,923036000000.0,1.0,186.0,Subscription,0.0,Netflix: Payment failed. Update at http://netflix-pay.com or check status: http://status-portal.net,security-alert@gateway.com,phishing
phish-1402,923049000000.0,0.0,123.0,Prize Scam,0.0,Congratulations! Win a prize at http://lucky-draw.com and claim your bonus at http://claim-now.online,security-alert@gateway.com,phishing
phish-8113,923097000000.0,1.0,94.0,Tax Refund,0.0,FBR Alert: Tax refund pending. Apply: http://fbr-refund.pk and check eligibility: http://tax-check.pk,security-alert@gateway.com,phishing
phish-1518,923082000000.0,1.0,56.0,Tax Refund,0.0,FBR Alert: Tax refund pending. Apply: http://fbr-refund.pk and check eligibility: http://tax-check.pk,security-alert@gateway.com,phishing
phish-3254,923039000000.0,0.0,82.0,Identity Verification,0.0,Security Alert: Verify your ID at http://verify-id.pk AND sync your data at http://sync-portal.xyz,security-alert@gateway.com,phishing
phish-1666,923094000000.0,1.0,164.0,Prize Scam,0.0,Congratulations! Win a prize at http://lucky-draw.com and claim your bonus at http://claim-now.online,security-alert@gateway.com,phishing
phish-3850,923066000000.0,1.0,137.0,Subscription,0.0,Netflix: Payment failed. Update at http://netflix-pay.com or check status: http://status-portal.net,security-alert@gateway.com,phishing
phish-2965,923069000000.0,0.0,75.0,E-commerce,0.0,Amazon: Order #123 updated. View shipping: http://amazon-ship.xyz or manage order: http://amazon-manage.net,security-alert@gateway.com,phishing
phish-1069,923082000000.0,0.0,151.0,Subscription,0.0,Netflix: Payment failed. Update at http://netflix-pay.com or check status: http://status-portal.net,security-alert@gateway.com,phishing
phish-6497,923085000000.0,0.0,107.0,Job Scam,0.0,Job Offer: Apply for remote role: http://jobs-portal.net and upload CV: http://upload-cv.xyz,security-alert@gateway.com,phishing
phish-9222,923026000000.0,0.0,195.0,Courier Service,0.0,"Parcel delayed! Track here: http://track-parcel.xyz. If link fails, contact help at http://help-support.net",security-alert@gateway.com,phishing
phish-5554,923089000000.0,0.0,137.0,Health,0.0,Health Alert: Lab report ready. Download here: http://lab-reports.xyz or view trends: http://health-check.net,security-alert@gateway.com,phishing
phish-8312,923090000000.0,0.0,182.0,Health,0.0,Health Alert: Lab report ready. Download here: http://lab-reports.xyz or view trends: http://health-check.net,security-alert@gateway.com,phishing
phish-3337,923081000000.0,1.0,132.0,Job Scam,0.0,Job Offer: Apply for remote role: http://jobs-portal.net and upload CV: http://upload-cv.xyz,security-alert@gateway.com,phishing
phish-7155,923017000000.0,0.0,74.0,Job Scam,0.0,Job Offer: Apply for remote role: http://jobs-portal.net and upload CV: http://upload-cv.xyz,security-alert@gateway.com,phishing
phish-6265,923054000000.0,1.0,146.0,Prize Scam,0.0,Congratulations! Win a prize at http://lucky-draw.com and claim your bonus at http://claim-now.online,security-alert@gateway.com,phishing
phish-8347,923013000000.0,0.0,146.0,Banking,0.0,Banking: Unauthorized login detected. Block card: http://bank-block.com or visit site: http://secure-bank.xyz,security-alert@gateway.com,phishing
phish-7719,923052000000.0,1.0,187.0,Job Scam,0.0,Job Offer: Apply for remote role: http://jobs-portal.net and upload CV: http://upload-cv.xyz,security-alert@gateway.com,phishing
phish-3636,923090000000.0,1.0,51.0,Courier Service,0.0,"Parcel delayed! Track here: http://track-parcel.xyz. If link fails, contact help at http://help-support.net",security-alert@gateway.com,phishing
phish-8629,923021000000.0,1.0,151.0,Prize Scam,0.0,Congratulations! Win a prize at http://lucky-draw.com and claim your bonus at http://claim-now.online,security-alert@gateway.com,phishing
phish-3261,923075000000.0,1.0,139.0,E-commerce,0.0,Amazon: Order #123 updated. View shipping: http://amazon-ship.xyz or manage order: http://amazon-manage.net,security-alert@gateway.com,phishing
phish-5714,923082000000.0,0.0,123.0,E-commerce,0.0,Amazon: Order #123 updated. View shipping: http://amazon-ship.xyz or manage order: http://amazon-manage.net,security-alert@gateway.com,phishing
phish-4612,923011000000.0,1.0,183.0,Job Scam,0.0,Job Offer: Apply for remote role: http://jobs-portal.net and upload CV: http://upload-cv.xyz,security-alert@gateway.com,phishing
phish-6410,923093000000.0,0.0,138.0,Prize Scam,0.0,Congratulations! Win a prize at http://lucky-draw.com and claim your bonus at http://claim-now.online,security-alert@gateway.com,phishing
phish-5900,923056000000.0,0.0,188.0,Health,0.0,Health Alert: Lab report ready. Download here: http://lab-reports.xyz or view trends: http://health-check.net,security-alert@gateway.com,phishing
phish-9544,923020000000.0,0.0,114.0,Health,0.0,Health Alert: Lab report ready. Download here: http://lab-reports.xyz or view trends: http://health-check.net,security-alert@gateway.com,phishing
phish-2325,923058000000.0,0.0,50.0,Job Scam,0.0,Job Offer: Apply for remote role: http://jobs-portal.net and upload CV: http://upload-cv.xyz,security-alert@gateway.com,phishing
phish-7540,923091000000.0,1.0,174.0,Health,0.0,Health Alert: Lab report ready. Download here: http://lab-reports.xyz or view trends: http://health-check.net,security-alert@gateway.com,phishing
safe-93370,9.23061409,0.0,1.0,Sleeping,0.0,See you soon!,none,safe
safe-96883,9.230376306,0.0,1.0,At work,0.0,See you soon!,none,safe
safe-86095,9.23094133,0.0,2.0,At the gym,1.0,Got the groceries.,none,safe
safe-63051,9.230738479,0.0,1.0,In a meeting,0.0,Meeting is at 5 PM.,none,safe
safe-82214,9.230201482,1.0,3.0,Sleeping,0.0,Can you call me?,none,safe
safe-15178,9.23076562,0.0,4.0,At the gym,0.0,Did you finish the report?,none,safe
safe-43750,9.230285944,0.0,2.0,In a meeting,1.0,Take care!,none,safe
safe-34114,9.230698581,1.0,5.0,Only urgent calls,0.0,Are we still on for tomorrow?,none,safe
safe-84851,9.230152803,1.0,4.0,Busy,0.0,Are we still on for tomorrow?,none,safe
safe-35899,9.230479466,0.0,1.0,In a meeting,0.0,Take care!,none,safe
safe-58328,9.230983783,0.0,0.0,In a meeting,0.0,Are we still on for tomorrow?,none,safe
safe-90710,9.230522634,1.0,0.0,Sleeping,1.0,Are we still on for tomorrow?,none,safe
safe-21266,9.230998912,0.0,0.0,Only urgent calls,1.0,Did you finish the report?,none,safe
safe-39545,9.230113386,1.0,3.0,In a meeting,0.0,See you soon!,none,safe
safe-28158,9.230143354,0.0,3.0,At the gym,0.0,"Hey, how are you?",none,safe
safe-82814,9.230664903,0.0,0.0,Available,0.0,Dinner tonight?,none,safe
safe-46262,9.230444231,0.0,1.0,Available,0.0,See you soon!,none,safe
safe-80228,9.230791944,0.0,0.0,In a meeting,1.0,Are we still on for tomorrow?,none,safe
safe-38440,9.230160961,0.0,3.0,Only urgent calls,1.0,Are we still on for tomorrow?,none,safe
safe-12174,9.230170727,1.0,1.0,At work,1.0,Got the groceries.,none,safe
safe-49299,9.230746992,0.0,4.0,Sleeping,0.0,Can you call me?,none,safe
safe-21504,9.23084846,0.0,2.0,At the gym,0.0,Take care!,none,safe
safe-99906,9.230388434,1.0,3.0,In a meeting,1.0,"Hey, how are you?",none,safe
safe-54647,9.230657827,0.0,0.0,Available,0.0,See you at the office.,none,safe
safe-73945,9.230783046,1.0,2.0,Only urgent calls,0.0,Take care!,none,safe
safe-35659,9.230768317,0.0,2.0,Only urgent calls,0.0,Meeting is at 5 PM.,none,safe
safe-81186,9.230481593,0.0,0.0,Only urgent calls,0.0,Take care!,none,safe
safe-94855,9.23075359,0.0,3.0,Sleeping,0.0,Thanks for the update!,none,safe
safe-18081,9.230288797,0.0,5.0,Available,1.0,See you at the office.,none,safe
safe-59068,9.230878297,1.0,3.0,Available,1.0,Can you call me?,none,safe
safe-89564,9.230124078,0.0,0.0,Available,0.0,See you at the office.,none,safe
safe-73164,9.230267148,1.0,5.0,Available,0.0,Did you finish the report?,none,safe
safe-32051,9.230745241,0.0,5.0,In a meeting,0.0,Dinner tonight?,none,safe
safe-85462,9.230104958,0.0,4.0,At work,0.0,Did you finish the report?,none,safe
safe-52371,9.23060966,1.0,2.0,Busy,0.0,Did you finish the report?,none,safe
safe-38225,9.230262888,1.0,3.0,At work,0.0,Take care!,none,safe
safe-25283,9.230713591,0.0,1.0,Available,1.0,Meeting is at 5 PM.,none,safe
safe-28064,9.230458412,1.0,4.0,Only urgent calls,0.0,Thanks for the update!,none,safe
safe-82930,9.230507171,1.0,1.0,In a meeting,0.0,Take care!,none,safe
safe-36059,9.230974019,1.0,0.0,In a meeting,0.0,Can you call me?,none,safe
safe-22305,9.23049878,0.0,3.0,Available,1.0,Take care!,none,safe
safe-68876,9.230445879,0.0,0.0,At the gym,0.0,Can you call me?,none,safe
safe-36475,9.23078414,0.0,1.0,At work,0.0,Dinner tonight?,none,safe
safe-60927,9.23094119,0.0,3.0,At work,0.0,Meeting is at 5 PM.,none,safe
safe-31289,9.230537761,0.0,3.0,Sleeping,1.0,Take care!,none,safe
safe-71667,9.230197172,0.0,3.0,Available,0.0,Are we still on for tomorrow?,none,safe
safe-30413,9.23041817,0.0,2.0,Busy,1.0,Can you call me?,none,safe
safe-94418,9.230626758,0.0,3.0,Only urgent calls,0.0,Can you call me?,none,safe
safe-93225,9.230935427,1.0,1.0,Sleeping,0.0,Meeting is at 5 PM.,none,safe
safe-57363,9.230367262,0.0,1.0,Busy,0.0,"Hey, how are you?",none,safe
safe-98559,9.230669111,0.0,4.0,Available,1.0,Thanks for the update!,none,safe
safe-28048,9.230465315,1.0,2.0,Sleeping,1.0,Take care!,none,safe
safe-28533,9.230300926,1.0,5.0,Sleeping,1.0,Got the groceries.,none,safe
safe-61976,9.230804643,1.0,1.0,In a meeting,0.0,Can you call me?,none,safe
safe-68319,9.230910757,0.0,1.0,In a meeting,0.0,"Hey, how are you?",none,safe
safe-32181,9.230986829,0.0,5.0,At the gym,0.0,Take care!,none,safe
safe-24377,9.230727619,0.0,5.0,At work,0.0,Did you finish the report?,none,safe
safe-21139,9.230623145,1.0,5.0,In a meeting,0.0,Are we still on for tomorrow?,none,safe
safe-81001,9.23071559,0.0,0.0,Sleeping,1.0,See you soon!,none,safe
safe-85915,9.230714128,0.0,2.0,In a meeting,0.0,Thanks for the update!,none,safe
safe-85589,9.230131009,0.0,3.0,Only urgent calls,0.0,Can you call me?,none,safe
safe-82899,9.23095245,0.0,4.0,In a meeting,0.0,Happy birthday!,none,safe
safe-92942,9.230239746,1.0,3.0,Only urgent calls,0.0,See you at the office.,none,safe
safe-33157,9.230687958,1.0,0.0,Available,0.0,Did you finish the report?,none,safe
safe-29670,9.230814178,0.0,4.0,Available,1.0,Are we still on for tomorrow?,none,safe
safe-11485,9.230373808,1.0,0.0,Busy,0.0,Are we still on for tomorrow?,none,safe
safe-47113,9.230874892,1.0,5.0,Only urgent calls,0.0,See you soon!,none,safe
safe-37477,9.230261811,0.0,5.0,Busy,1.0,Take care!,none,safe
safe-93640,9.230356071,0.0,3.0,Available,0.0,See you soon!,none,safe
safe-88074,9.230170244,0.0,3.0,Available,0.0,Can you call me?,none,safe
safe-65929,9.23021375,1.0,1.0,At the gym,0.0,See you at the office.,none,safe
safe-13082,9.230651201,0.0,1.0,Available,0.0,Thanks for the update!,none,safe
safe-80872,9.230784532,0.0,5.0,Only urgent calls,0.0,Did you finish the report?,none,safe
safe-89667,9.230285486,0.0,1.0,At work,1.0,Meeting is at 5 PM.,none,safe
safe-51688,9.230986762,0.0,2.0,Available,0.0,Take care!,none,safe
safe-66557,9.230967722,0.0,4.0,In a meeting,1.0,"Hey, how are you?",none,safe
safe-25005,9.230743513,0.0,5.0,In a meeting,1.0,See you soon!,none,safe
safe-56451,9.230180558,0.0,4.0,At the gym,0.0,See you at the office.,none,safe
safe-72884,9.230215413,0.0,2.0,Sleeping,1.0,Thanks for the update!,none,safe
safe-95674,9.230960697,0.0,1.0,Busy,0.0,Happy birthday!,none,safe
safe-93296,9.230991781,1.0,3.0,In a meeting,0.0,Can you call me?,none,safe
safe-46743,9.230194676,1.0,0.0,Only urgent calls,0.0,Got the groceries.,none,safe
safe-12233,9.230101819,1.0,1.0,At the gym,0.0,Take care!,none,safe
safe-12806,9.230105631,1.0,1.0,Available,0.0,Are we still on for tomorrow?,none,safe
safe-58294,9.23066676,0.0,4.0,Available,0.0,Can you call me?,none,safe
safe-63259,9.230382902,0.0,0.0,At work,0.0,"Hey, how are you?",none,safe
safe-64469,9.230356302,0.0,4.0,Sleeping,1.0,Did you finish the report?,none,safe
safe-32713,9.230348783,0.0,2.0,At the gym,1.0,Thanks for the update!,none,safe
safe-33263,9.230582508,0.0,1.0,At work,0.0,Happy birthday!,none,safe
safe-25108,9.230735608,1.0,3.0,In a meeting,1.0,Can you call me?,none,safe
safe-34221,9.230493988,0.0,3.0,Busy,1.0,Got the groceries.,none,safe
safe-13036,9.230841631,1.0,3.0,At work,0.0,Meeting is at 5 PM.,none,safe
safe-37074,9.230599764,0.0,4.0,Available,0.0,Can you call me?,none,safe
safe-72372,9.230508044,1.0,2.0,Sleeping,1.0,"Hey, how are you?",none,safe
safe-33833,9.230613671,0.0,5.0,Available,0.0,Dinner tonight?,none,safe
safe-48971,9.230385986,0.0,1.0,Only urgent calls,0.0,Meeting is at 5 PM.,none,safe
safe-83436,9.230340978,0.0,3.0,Available,0.0,Are we still on for tomorrow?,none,safe
safe-59899,9.230346719,1.0,1.0,At the gym,0.0,Happy birthday!,none,safe
safe-29453,9.230496731,0.0,1.0,At work,0.0,Got the groceries.,none,safe
safe-78620,9.230546755,0.0,5.0,At work,0.0,Did you finish the report?,none,safe
safe-84727,9.230859151,1.0,1.0,In a meeting,0.0,Got the groceries.,none,safe
safe-58181,9.230410854,0.0,2.0,At the gym,1.0,Got the groceries.,none,safe
safe-84192,9.230509492,0.0,4.0,Only urgent calls,1.0,Take care!,none,safe
safe-66448,9.23030319,1.0,1.0,At the gym,0.0,See you soon!,none,safe
safe-79321,9.230925297,1.0,5.0,Sleeping,0.0,Can you call me?,none,safe
safe-16839,9.230892847,1.0,3.0,In a meeting,0.0,Did you finish the report?,none,safe
safe-16190,9.230506353,0.0,2.0,In a meeting,0.0,Dinner tonight?,none,safe
safe-51411,9.230690799,0.0,3.0,Only urgent calls,0.0,Can you call me?,none,safe
safe-81277,9.230635767,0.0,2.0,At work,0.0,Happy birthday!,none,safe
safe-67643,9.230412636,1.0,5.0,Sleeping,0.0,Are we still on for tomorrow?,none,safe
safe-29246,9.230834065,0.0,3.0,At the gym,1.0,Happy birthday!,none,safe
safe-13383,9.230143061,0.0,4.0,Only urgent calls,0.0,Take care!,none,safe
safe-70962,9.230301919,0.0,0.0,Available,0.0,Meeting is at 5 PM.,none,safe
safe-18016,9.230984411,1.0,0.0,In a meeting,0.0,"Hey, how are you?",none,safe
safe-35509,9.230566545,0.0,1.0,Sleeping,0.0,Can you call me?,none,safe
safe-86319,9.230252181,0.0,1.0,Only urgent calls,0.0,See you soon!,none,safe
safe-17339,9.230310326,0.0,1.0,Available,0.0,"Hey, how are you?",none,safe
safe-14587,9.230901505,0.0,4.0,At work,1.0,Got the groceries.,none,safe
safe-65376,9.230685124,0.0,4.0,Available,0.0,Got the groceries.,none,safe
safe-49540,9.230340412,0.0,4.0,Only urgent calls,0.0,Take care!,none,safe
safe-33447,9.230990472,1.0,5.0,In a meeting,0.0,Can you call me?,none,safe
safe-78959,9.23030413,1.0,2.0,In a meeting,0.0,Are we still on for tomorrow?,none,safe
safe-15162,9.230103959,0.0,3.0,At work,0.0,Got the groceries.,none,safe
safe-40892,9.230254268,1.0,3.0,At the gym,1.0,"Hey, how are you?",none,safe
safe-13294,9.230699601,0.0,0.0,In a meeting,0.0,"Hey, how are you?",none,safe
safe-91451,9.230737287,0.0,0.0,At work,0.0,"Hey, how are you?",none,safe
safe-16635,9.230798845,1.0,4.0,Only urgent calls,0.0,Thanks for the update!,none,safe
safe-61868,9.230572098,1.0,3.0,At work,0.0,Thanks for the update!,none,safe
safe-76155,9.23035913,0.0,2.0,Only urgent calls,0.0,Thanks for the update!,none,safe
safe-39471,9.230694523,1.0,1.0,At the gym,1.0,Meeting is at 5 PM.,none,safe
safe-41411,9.230790552,0.0,2.0,At work,0.0,See you at the office.,none,safe
safe-38764,9.230670385,0.0,1.0,Only urgent calls,1.0,See you at the office.,none,safe
safe-69141,9.230396229,0.0,0.0,In a meeting,0.0,"Hey, how are you?",none,safe
safe-23211,9.230664423,0.0,2.0,Sleeping,0.0,Dinner tonight?,none,safe
safe-82392,9.230440324,1.0,0.0,At work,0.0,Meeting is at 5 PM.,none,safe
safe-47137,9.230948085,1.0,4.0,At the gym,1.0,Dinner tonight?,none,safe
safe-38534,9.230800672,0.0,2.0,Available,1.0,Got the groceries.,none,safe
safe-12355,9.230887234,0.0,0.0,At work,0.0,Got the groceries.,none,safe
safe-51985,9.230470348,0.0,0.0,At the gym,0.0,Thanks for the update!,none,safe
safe-38606,9.230283115,1.0,1.0,Only urgent calls,0.0,See you soon!,none,safe
safe-46339,9.230292641,0.0,3.0,Busy,0.0,Got the groceries.,none,safe
safe-26129,9.230190095,0.0,5.0,Busy,0.0,Got the groceries.,none,safe
safe-99067,9.230594448,0.0,5.0,Sleeping,0.0,"Hey, how are you?",none,safe
safe-21206,9.230701541,0.0,4.0,At work,0.0,See you soon!,none,safe
safe-66766,9.230157379,1.0,0.0,Only urgent calls,0.0,See you at the office.,none,safe
safe-48683,9.230459434,0.0,1.0,Busy,0.0,Got the groceries.,none,safe
safe-77273,9.230520754,0.0,1.0,Sleeping,1.0,Can you call me?,none,safe
safe-28068,9.23098407,0.0,4.0,In a meeting,0.0,"Hey, how are you?",none,safe
safe-26346,9.230801327,0.0,0.0,Available,1.0,Got the groceries.,none,safe
safe-35786,9.230971552,0.0,5.0,Only urgent calls,0.0,Dinner tonight?,none,safe
safe-79288,9.230771207,0.0,0.0,Busy,1.0,Got the groceries.,none,safe
safe-44722,9.23047169,0.0,4.0,Available,1.0,See you soon!,none,safe
safe-95959,9.23074507,1.0,1.0,In a meeting,0.0,See you at the office.,none,safe
safe-54083,9.230159954,0.0,1.0,In a meeting,0.0,Did you finish the report?,none,safe
safe-89304,9.230595919,1.0,1.0,At work,0.0,"Hey, how are you?",none,safe
safe-44933,9.230175305,1.0,0.0,In a meeting,1.0,Meeting is at 5 PM.,none,safe
safe-42761,9.23089662,1.0,3.0,At work,0.0,See you soon!,none,safe
safe-56453,9.230958743,1.0,1.0,At work,0.0,Got the groceries.,none,safe
safe-16778,9.230737913,0.0,0.0,Busy,0.0,Got the groceries.,none,safe
safe-78136,9.23058334,1.0,1.0,Sleeping,0.0,Thanks for the update!,none,safe
safe-30592,9.230631893,0.0,2.0,In a meeting,1.0,Are we still on for tomorrow?,none,safe
safe-82980,9.230693008,0.0,1.0,At work,0.0,Meeting is at 5 PM.,none,safe
safe-49838,9.230339678,0.0,1.0,Busy,0.0,Dinner tonight?,none,safe
safe-39853,9.230361405,0.0,3.0,At the gym,0.0,Meeting is at 5 PM.,none,safe
safe-70644,9.230617111,1.0,2.0,Busy,1.0,Can you call me?,none,safe
safe-71511,9.230349194,0.0,4.0,Available,0.0,Got the groceries.,none,safe
safe-76040,9.230887585,0.0,5.0,Only urgent calls,1.0,See you soon!,none,safe
safe-45131,9.230850146,0.0,0.0,Available,0.0,Meeting is at 5 PM.,none,safe
safe-41554,9.230130844,1.0,0.0,Only urgent calls,0.0,Take care!,none,safe
safe-71461,9.230459513,1.0,0.0,Sleeping,0.0,Can you call me?,none,safe
safe-83184,9.230874709,0.0,4.0,Sleeping,0.0,Are we still on for tomorrow?,none,safe
safe-14974,9.23018019,1.0,4.0,Sleeping,0.0,See you at the office.,none,safe
safe-21233,9.230297861,0.0,4.0,Busy,1.0,Meeting is at 5 PM.,none,safe
safe-56192,9.230210093,0.0,1.0,Available,0.0,Meeting is at 5 PM.,none,safe
safe-74085,9.23066262,0.0,0.0,At work,0.0,"Hey, how are you?",none,safe
safe-56214,9.230653489,1.0,1.0,At the gym,0.0,Can you call me?,none,safe
safe-64554,9.23081123,0.0,2.0,Only urgent calls,0.0,Got the groceries.,none,safe
safe-25415,9.230489704,1.0,3.0,At work,0.0,Happy birthday!,none,safe
safe-42723,9.230897773,0.0,5.0,Only urgent calls,0.0,See you at the office.,none,safe
safe-65660,9.230173466,0.0,3.0,Busy,0.0,Are we still on for tomorrow?,none,safe
safe-52206,9.23018152,0.0,0.0,Sleeping,0.0,See you at the office.,none,safe
safe-60475,9.230860833,0.0,1.0,Sleeping,0.0,Are we still on for tomorrow?,none,safe
safe-73515,9.230954531,1.0,1.0,In a meeting,0.0,"Hey, how are you?",none,safe
safe-50460,9.230789063,0.0,3.0,At work,0.0,Meeting is at 5 PM.,none,safe
safe-44486,9.230154112,0.0,3.0,Available,0.0,Did you finish the report?,none,safe
safe-21983,9.230148354,0.0,4.0,At the gym,1.0,Take care!,none,safe
safe-94042,9.230630032,0.0,3.0,Available,0.0,Thanks for the update!,none,safe
safe-15479,9.230942309,0.0,5.0,At the gym,0.0,Are we still on for tomorrow?,none,safe
safe-97880,9.230155988,0.0,0.0,At the gym,1.0,Are we still on for tomorrow?,none,safe
safe-15360,9.23064958,0.0,3.0,In a meeting,1.0,Take care!,none,safe
safe-49710,9.230922411,0.0,4.0,Only urgent calls,0.0,Take care!,none,safe
safe-71772,9.230135459,0.0,2.0,Sleeping,0.0,Take care!,none,safe
safe-79983,9.230181853,0.0,1.0,Only urgent calls,0.0,Meeting is at 5 PM.,none,safe
safe-83014,9.230727313,1.0,1.0,Available,0.0,Got the groceries.,none,safe
safe-39084,9.230882128,0.0,3.0,In a meeting,0.0,Dinner tonight?,none,safe
safe-55376,9.230697213,0.0,1.0,In a meeting,1.0,See you soon!,none,safe
safe-57020,9.230938569,1.0,2.0,Sleeping,0.0,Meeting is at 5 PM.,none,safe
safe-10929,9.230559871,0.0,0.0,Busy,0.0,Did you finish the report?,none,safe
safe-64961,9.230409607,1.0,4.0,Available,0.0,Take care!,none,safe
safe-20924,9.230577321,1.0,2.0,Available,0.0,Meeting is at 5 PM.,none,safe
safe-46713,9.230995321,0.0,0.0,Sleeping,0.0,Got the groceries.,none,safe
safe-89149,9.230783939,0.0,4.0,Only urgent calls,0.0,See you soon!,none,safe
safe-76824,9.230246514,1.0,3.0,At the gym,0.0,Can you call me?,none,safe
safe-70450,9.230812005,0.0,5.0,Available,0.0,Thanks for the update!,none,safe
safe-57235,9.23019745,0.0,5.0,Only urgent calls,0.0,Happy birthday!,none,safe
safe-39153,9.230405975,1.0,0.0,Only urgent calls,0.0,See you at the office.,none,safe
safe-96682,9.230425954,1.0,3.0,Available,0.0,Got the groceries.,none,safe
safe-20312,9.230697352,1.0,2.0,Available,1.0,See you at the office.,none,safe
safe-13298,9.230172709,0.0,2.0,At work,0.0,See you soon!,none,safe
safe-85945,9.230920703,0.0,3.0,At work,1.0,See you at the office.,none,safe
safe-14281,9.230174107,1.0,4.0,Sleeping,0.0,Happy birthday!,none,safe
safe-74889,9.230648123,0.0,3.0,Available,0.0,Got the groceries.,none,safe
safe-99532,9.230678869,0.0,2.0,In a meeting,0.0,Thanks for the update!,none,safe
safe-46499,9.230732279,1.0,1.0,At the gym,1.0,Got the groceries.,none,safe
safe-59537,9.230760672,0.0,4.0,Only urgent calls,0.0,See you at the office.,none,safe
safe-78927,9.230938042,1.0,5.0,At the gym,0.0,Take care!,none,safe
safe-44881,9.230273453,0.0,4.0,At the gym,1.0,Got the groceries.,none,safe
safe-71171,9.23065019,1.0,5.0,Busy,0.0,"Hey, how are you?",none,safe
safe-53382,9.230897307,0.0,2.0,Sleeping,0.0,Can you call me?,none,safe
safe-13122,9.230230088,1.0,4.0,Available,0.0,"Hey, how are you?",none,safe
safe-53529,9.2303021,1.0,3.0,Only urgent calls,0.0,Meeting is at 5 PM.,none,safe
safe-80282,9.230105906,0.0,1.0,At work,0.0,See you soon!,none,safe
safe-37557,9.230920208,1.0,3.0,Available,0.0,See you at the office.,none,safe
safe-94900,9.230562075,1.0,0.0,At work,1.0,"Hey, how are you?",none,safe
safe-76632,9.230504073,0.0,3.0,Only urgent calls,0.0,Happy birthday!,none,safe
safe-29282,9.230777144,1.0,0.0,At the gym,0.0,See you at the office.,none,safe
safe-58712,9.230290699,0.0,2.0,Only urgent calls,0.0,Meeting is at 5 PM.,none,safe
safe-47573,9.23033611,0.0,1.0,Sleeping,0.0,Meeting is at 5 PM.,none,safe
safe-47567,9.230855168,1.0,5.0,Available,0.0,Did you finish the report?,none,safe
safe-37028,9.230785447,0.0,2.0,Busy,0.0,Meeting is at 5 PM.,none,safe
safe-35350,9.23010248,1.0,3.0,In a meeting,0.0,Dinner tonight?,none,safe
safe-80819,9.230155886,1.0,1.0,Only urgent calls,0.0,See you soon!,none,safe
safe-58367,9.230884422,1.0,2.0,Only urgent calls,0.0,Happy birthday!,none,safe
safe-34768,9.230194081,1.0,1.0,Sleeping,1.0,Meeting is at 5 PM.,none,safe
safe-63129,9.23030969,0.0,2.0,Sleeping,1.0,Are we still on for tomorrow?,none,safe
safe-51852,9.230324039,0.0,5.0,In a meeting,0.0,Take care!,none,safe
safe-16764,9.230473929,0.0,2.0,Sleeping,0.0,See you at the office.,none,safe
safe-28916,9.230300001,1.0,2.0,Only urgent calls,0.0,Happy birthday!,none,safe
safe-71207,9.230542849,1.0,4.0,In a meeting,0.0,Are we still on for tomorrow?,none,safe
safe-40071,9.230407534,0.0,0.0,Sleeping,0.0,Happy birthday!,none,safe
safe-12532,9.230899148,0.0,1.0,Only urgent calls,1.0,See you at the office.,none,safe
safe-48514,9.230297141,1.0,5.0,Available,1.0,Take care!,none,safe
safe-70447,9.230313451,0.0,5.0,Sleeping,1.0,Got the groceries.,none,safe
safe-83319,9.230703225,0.0,0.0,At work,0.0,Happy birthday!,none,safe
safe-91581,9.230702661,0.0,3.0,At the gym,0.0,See you at the office.,none,safe
safe-37734,9.23037422,0.0,5.0,At the gym,0.0,Happy birthday!,none,safe
safe-59307,9.230870019,1.0,5.0,Busy,0.0,Are we still on for tomorrow?,none,safe
safe-41225,9.230515099,1.0,3.0,At work,1.0,Dinner tonight?,none,safe
safe-78642,9.230465422,0.0,0.0,In a meeting,0.0,Meeting is at 5 PM.,none,safe
safe-57573,9.230334771,0.0,4.0,Only urgent calls,0.0,See you at the office.,none,safe
safe-41999,9.230621997,1.0,4.0,In a meeting,0.0,Happy birthday!,none,safe
safe-16229,9.230847291,0.0,0.0,In a meeting,0.0,Got the groceries.,none,safe
safe-61795,9.230267856,1.0,5.0,Only urgent calls,1.0,Can you call me?,none,safe
safe-21268,9.230518368,0.0,5.0,Available,0.0,Dinner tonight?,none,safe
safe-99689,9.230590312,1.0,3.0,Busy,1.0,Are we still on for tomorrow?,none,safe
safe-43239,9.230323621,0.0,3.0,Busy,0.0,See you soon!,none,safe
safe-29097,9.23035533,0.0,0.0,At the gym,0.0,Happy birthday!,none,safe
safe-62047,9.230544168,0.0,2.0,Only urgent calls,0.0,See you at the office.,none,safe
safe-69136,9.230234966,0.0,0.0,Available,1.0,Take care!,none,safe
safe-85273,9.230355973,0.0,2.0,At the gym,0.0,Got the groceries.,none,safe
safe-33707,9.23074425,0.0,3.0,Sleeping,1.0,Take care!,none,safe
safe-34745,9.230278401,0.0,0.0,Only urgent calls,0.0,Are we still on for tomorrow?,none,safe
safe-14224,9.230214071,0.0,5.0,In a meeting,0.0,See you at the office.,none,safe
safe-13445,9.230423464,1.0,1.0,In a meeting,0.0,See you soon!,none,safe
safe-36924,9.230339343,0.0,4.0,Sleeping,1.0,Can you call me?,none,safe
safe-27637,9.230342298,1.0,0.0,Busy,1.0,Thanks for the update!,none,safe
safe-24529,9.230276214,0.0,1.0,Sleeping,0.0,Thanks for the update!,none,safe
safe-34049,9.230614238,0.0,0.0,Busy,0.0,Did you finish the report?,none,safe
safe-22289,9.23062307,0.0,1.0,In a meeting,0.0,Got the groceries.,none,safe
safe-68354,9.230430417,1.0,1.0,At the gym,0.0,See you at the office.,none,safe
safe-49236,9.230360342,1.0,5.0,Busy,0.0,Meeting is at 5 PM.,none,safe
safe-70562,9.230990056,0.0,3.0,At work,0.0,Dinner tonight?,none,safe
safe-24588,9.230693817,0.0,1.0,Sleeping,0.0,"Hey, how are you?",none,safe
safe-79253,9.230124797,0.0,4.0,Available,1.0,Meeting is at 5 PM.,none,safe
safe-42841,9.230276849,0.0,5.0,Sleeping,0.0,Happy birthday!,none,safe
safe-41854,9.230246477,1.0,2.0,At the gym,0.0,Got the groceries.,none,safe
safe-66626,9.230573111,1.0,0.0,In a meeting,0.0,Did you finish the report?,none,safe
safe-56511,9.23052275,0.0,0.0,At work,0.0,Take care!,none,safe
safe-67874,9.230335565,0.0,2.0,Busy,0.0,Take care!,none,safe
safe-94919,9.230589266,0.0,4.0,Busy,0.0,Got the groceries.,none,safe
safe-46462,9.230317824,1.0,4.0,In a meeting,0.0,Happy birthday!,none,safe
safe-23601,9.230679287,1.0,0.0,Busy,1.0,"Hey, how are you?",none,safe
safe-41837,9.230941515,0.0,2.0,Sleeping,0.0,Can you call me?,none,safe
safe-41052,9.230427364,0.0,5.0,Sleeping,0.0,See you at the office.,none,safe
safe-56328,9.230905088,1.0,4.0,In a meeting,1.0,See you at the office.,none,safe
safe-66910,9.23031512,0.0,5.0,In a meeting,0.0,Are we still on for tomorrow?,none,safe
safe-82108,9.230928768,0.0,4.0,At work,0.0,"Hey, how are you?",none,safe
safe-10480,9.230933289,0.0,1.0,Only urgent calls,0.0,"Hey, how are you?",none,safe
safe-77110,9.230704719,0.0,0.0,Busy,1.0,See you at the office.,none,safe
safe-84734,9.230662807,0.0,4.0,At the gym,0.0,Are we still on for tomorrow?,none,safe
safe-26845,9.230631389,0.0,0.0,At the gym,0.0,Got the groceries.,none,safe
safe-35110,9.230372015,1.0,3.0,In a meeting,0.0,"Hey, how are you?",none,safe
safe-10711,9.230715706,1.0,4.0,Busy,0.0,Got the groceries.,none,safe
safe-93686,9.230869558,0.0,1.0,Busy,0.0,Are we still on for tomorrow?,none,safe
safe-43640,9.23014685,0.0,1.0,Only urgent calls,0.0,Thanks for the update!,none,safe
safe-55444,9.230392549,0.0,2.0,Available,0.0,Did you finish the report?,none,safe
safe-18648,9.230734019,0.0,1.0,At the gym,0.0,Thanks for the update!,none,safe
safe-75737,9.230433412,1.0,4.0,Only urgent calls,0.0,"Hey, how are you?",none,safe
safe-18190,9.230977268,0.0,5.0,Only urgent calls,0.0,See you soon!,none,safe
safe-70285,9.230505115,0.0,2.0,At the gym,0.0,Did you finish the report?,none,safe
,,,,,,,,
,,,,,,,,
,,,,,,,,
,,,,,,,,
,,,,,,,,
,,,,,,,,
,,,,,,,,
,,,,,,,,
,,,,,,,,
,,,,,,,,
,,,,,,,,
,,,,,,,,
,,,,,,,,
,,,,,,,,
,,,,,,,,
,,,,,,,,
,,,,,,,,
,,,,,,,,
,,,,,,,,
,,,,,,,,
,,,,,,,,
,,,,,,,,
,,,,,,,,
,,,,,,,,
,,,,,,,,
,,,,,,,,
,,,,,,,,
,,,,,,,,
,,,,,,,,
,,,,,,,,
,,,,,,,,
,,,,,,,,
,,,,,,,,
,,,,,,,,
,,,,,,,,
,,,,,,,,
,,,,,,,,
,,,,,,,,
,,,,,,,,
,,,,,,,,
,,,,,,,,
,,,,,,,,
,,,,,,,,
,,,,,,,,
,,,,,,,,
,,,,,,,,
,,,,,,,,
,,,,,,,,
,,,,,,,,
,,,,,,,,
,,,,,,,,
,,,,,,,,
,,,,,,,,
,,,,,,,,
,,,,,,,,
,,,,,,,,
,,,,,,,,
,,,,,,,,
,,,,,,,,
,,,,,,,,
,,,,,,,,
,,,,,,,,
,,,,,,,,
,,,,,,,,
,,,,,,,,
,,,,,,,,
,,,,,,,,
,,,,,,,,
,,,,,,,,
,,,,,,,,
,,,,,,,,
,,,,,,,,
,,,,,,,,
,,,,,,,,
,,,,,,,,
,,,,,,,,
,,,,,,,,
,,,,,,,,
,,,,,,,,
,,,,,,,,
,,,,,,,,
,,,,,,,,
,,,,,,,,
,,,,,,,,
,,,,,,,,
,,,,,,,,
,,,,,,,,
,,,,,,,,
,,,,,,,,
,,,,,,,,
,,,,,,,,
,,,,,,,,
,,,,,,,,
,,,,,,,,
,,,,,,,,
,,,,,,,,
,,,,,,,,
,,,,,,,,
,,,,,,,,
,,,,,,,,
,,,,,,,,
,,,,,,,,
,,,,,,,,
,,,,,,,,
,,,,,,,,
,,,,,,,,
,,,,,,,,
,,,,,,,,
,,,,,,,,
,,,,,,,,
,,,,,,,,
,,,,,,,,
,,,,,,,,
,,,,,,,,
,,,,,,,,
,,,,,,,,
,,,,,,,,
,,,,,,,,
,,,,,,,,
,,,,,,,,
,,,,,,,,
,,,,,,,,
,,,,,,,,
,,,,,,,,
,,,,,,,,
,,,,,,,,
,,,,,,,,
,,,,,,,,
,,,,,,,,
,,,,,,,,
,,,,,,,,
,,,,,,,,
,,,,,,,,
,,,,,,,,
,,,,,,,,
,,,,,,,,
,,,,,,,,
,,,,,,,,
,,,,,,,,
,,,,,,,,
,,,,,,,,
,,,,,,,,
,,,,,,,,
,,,,,,,,
,,,,,,,,
,,,,,,,,
,,,,,,,,
,,,,,,,,
,,,,,,,,
,,,,,,,,
,,,,,,,,
,,,,,,,,
,,,,,,,,
,,,,,,,,
,,,,,,,,
,,,,,,,,
,,,,,,,,
,,,,,,,,
,,,,,,,,
,,,,,,,,
,,,,,,,,
,,,,,,,,
,,,,,,,,
,,,,,,,,
,,,,,,,,
,,,,,,,,
,,,,,,,,
,,,,,,,,
,,,,,,,,
,,,,,,,,
,,,,,,,,
,,,,,,,,
,,,,,,,,
,,,,,,,,
,,,,,,,,
,,,,,,,,
,,,,,,,,
,,,,,,,,
,,,,,,,,
,,,,,,,,
,,,,,,,,
,,,,,,,,
,,,,,,,,
,,,,,,,,
,,,,,,,,
,,,,,,,,
,,,,,,,,
,,,,,,,,
,,,,,,,,
,,,,,,,,
,,,,,,,,
,,,,,,,,
,,,,,,,,
,,,,,,,,
,,,,,,,,
,,,,,,,,
,,,,,,,,
,,,,,,,,
,,,,,,,,
,,,,,,,,
,,,,,,,,
,,,,,,,,
,,,,,,,,
,,,,,,,,
,,,,,,,,
,,,,,,,,
,,,,,,,,
,,,,,,,,
,,,,,,,,
,,,,,,,,
,,,,,,,,
,,,,,,,,
,,,,,,,,
,,,,,,,,
,,,,,,,,
,,,,,,,,
,,,,,,,,
,,,,,,,,
,,,,,,,,
,,,,,,,,
,,,,,,,,
,,,,,,,,
,,,,,,,,
,,,,,,,,
,,,,,,,,
,,,,,,,,
,,,,,,,,
,,,,,,,,
,,,,,,,,
,,,,,,,,
,,,,,,,,
,,,,,,,,
,,,,,,,,
,,,,,,,,
,,,,,,,,
,,,,,,,,
,,,,,,,,
,,,,,,,,
,,,,,,,,
,,,,,,,,
,,,,,,,,
,,,,,,,,
,,,,,,,,
,,,,,,,,
,,,,,,,,
,,,,,,,,
,,,,,,,,
,,,,,,,,
,,,,,,,,
,,,,,,,,
,,,,,,,,
,,,,,,,,
,,,,,,,,
,,,,,,,,
,,,,,,,,
,,,,,,,,
,,,,,,,,
,,,,,,,,
,,,,,,,,
,,,,,,,,
,,,,,,,,
,,,,,,,,
,,,,,,,,
,,,,,,,,
,,,,,,,,
,,,,,,,,
,,,,,,,,
,,,,,,,,
,,,,,,,,
,,,,,,,,
,,,,,,,,
,,,,,,,,
,,,,,,,,
,,,,,,,,
,,,,,,,,
,,,,,,,,
,,,,,,,,
,,,,,,,,
,,,,,,,,
,,,,,,,,
,,,,,,,,
,,,,,,,,
,,,,,,,,
,,,,,,,,
,,,,,,,,
,,,,,,,,
,,,,,,,,
,,,,,,,,
,,,,,,,,
,,,,,,,,
,,,,,,,,
,,,,,,,,
,,,,,,,,
,,,,,,,,
,,,,,,,,
,,,,,,,,
,,,,,,,,
,,,,,,,,
,,,,,,,,
,,,,,,,,
,,,,,,,,
,,,,,,,,
,,,,,,,,
,,,,,,,,
,,,,,,,,
,,,,,,,,
,,,,,,,,
,,,,,,,,
,,,,,,,,
,,,,,,,,
,,,,,,,,
,,,,,,,,
,,,,,,,,
,,,,,,,,
,,,,,,,,
,,,,,,,,
,,,,,,,,
,,,,,,,,
,,,,,,,,
,,,,,,,,
,,,,,,,,
,,,,,,,,
,,,,,,,,
,,,,,,,,
,,,,,,,,
,,,,,,,,
,,,,,,,,
,,,,,,,,
,,,,,,,,
,,,,,,,,
,,,,,,,,
,,,,,,,,
,,,,,,,,
,,,,,,,,
,,,,,,,,
,,,,,,,,
,,,,,,,,
,,,,,,,,
,,,,,,,,
,,,,,,,,
,,,,,,,,
,,,,,,,,
,,,,,,,,
,,,,,,,,
,,,,,,,,
,,,,,,,,
,,,,,,,,
,,,,,,,,
,,,,,,,,
,,,,,,,,
,,,,,,,,
,,,,,,,,
,,,,,,,,
,,,,,,,,
,,,,,,,,
,,,,,,,,
,,,,,,,,
,,,,,,,,
,,,,,,,,
,,,,,,,,
,,,,,,,,
,,,,,,,,
,,,,,,,,
,,,,,,,,
,,,,,,,,
,,,,,,,,
,,,,,,,,
,,,,,,,,
,,,,,,,,
,,,,,,,,
,,,,,,,,
,,,,,,,,
,,,,,,,,
,,,,,,,,
,,,,,,,,
,,,,,,,,
,,,,,,,,
,,,,,,,,
,,,,,,,,
,,,,,,,,
,,,,,,,,
,,,,,,,,
,,,,,,,,
,,,,,,,,
,,,,,,,,
,,,,,,,,
,,,,,,,,
,,,,,,,,
,,,,,,,,
,,,,,,,,
,,,,,,,,
,,,,,,,,
,,,,,,,,
,,,,,,,,
,,,,,,,,
,,,,,,,,
,,,,,,,,
,,,,,,,,
,,,,,,,,
,,,,,,,,
,,,,,,,,
,,,,,,,,
,,,,,,,,
,,,,,,,,
,,,,,,,,
,,,,,,,,
,,,,,,,,
,,,,,,,,
,,,,,,,,
,,,,,,,,
,,,,,,,,
,,,,,,,,
,,,,,,,,
,,,,,,,,
,,,,,,,,
,,,,,,,,
,,,,,,,,
,,,,,,,,
,,,,,,,,
,,,,,,,,
,,,,,,,,
,,,,,,,,
,,,,,,,,
,,,,,,,,
,,,,,,,,
,,,,,,,,
,,,,,,,,
,,,,,,,,
,,,,,,,,
,,,,,,,,
,,,,,,,,
,,,,,,,,
,,,,,,,,
,,,,,,,,
,,,,,,,,
,,,,,,,,
,,,,,,,,
,,,,,,,,
,,,,,,,,
,,,,,,,,
,,,,,,,,
,,,,,,,,
,,,,,,,,
,,,,,,,,
,,,,,,,,
,,,,,,,,
,,,,,,,,
,,,,,,,,
,,,,,,,,
,,,,,,,,
,,,,,,,,
,,,,,,,,
,,,,,,,,
,,,,,,,,
,,,,,,,,
,,,,,,,,
,,,,,,,,
,,,,,,,,
,,,,,,,,
,,,,,,,,
,,,,,,,,
,,,,,,,,
,,,,,,,,
,,,,,,,,
,,,,,,,,
,,,,,,,,
,,,,,,,,
,,,,,,,,
,,,,,,,,
,,,,,,,,
,,,,,,,,
,,,,,,,,
,,,,,,,,
,,,,,,,,
,,,,,,,,
,,,,,,,,
,,,,,,,,
,,,,,,,,
,,,,,,,,
,,,,,,,,
,,,,,,,,
,,,,,,,,
,,,,,,,,
,,,,,,,,
,,,,,,,,
,,,,,,,,
,,,,,,,,
,,,,,,,,
,,,,,,,,
,,,,,,,,
,,,,,,,,
,,,,,,,,
,,,,,,,,
,,,,,,,,
,,,,,,,,
,,,,,,,,
,,,,,,,,
,,,,,,,,
,,,,,,,,
,,,,,,,,
,,,,,,,,
,,,,,,,,
,,,,,,,,
,,,,,,,,
,,,,,,,,
,,,,,,,,
,,,,,,,,
,,,,,,,,
,,,,,,,,
,,,,,,,,
,,,,,,,,
,,,,,,,,
,,,,,,,,
,,,,,,,,
,,,,,,,,
,,,,,,,,
,,,,,,,,
,,,,,,,,
,,,,,,,,
,,,,,,,,
,,,,,,,,
,,,,,,,,
,,,,,,,,
,,,,,,,,
,,,,,,,,
,,,,,,,,
,,,,,,,,
,,,,,,,,
,,,,,,,,
,,,,,,,,
,,,,,,,,
,,,,,,,,
,,,,,,,,
,,,,,,,,
,,,,,,,,
,,,,,,,,
,,,,,,,,
,,,,,,,,
,,,,,,,,
,,,,,,,,
,,,,,,,,
,,,,,,,,
,,,,,,,,
,,,,,,,,
,,,,,,,,
,,,,,,,,
,,,,,,,,
,,,,,,,,
,,,,,,,,
,,,,,,,,
,,,,,,,,
,,,,,,,,
,,,,,,,,
,,,,,,,,
,,,,,,,,
,,,,,,,,
,,,,,,,,
,,,,,,,,
,,,,,,,,
,,,,,,,,
,,,,,,,,
,,,,,,,,
,,,,,,,,
,,,,,,,,
,,,,,,,,
,,,,,,,,
,,,,,,,,
,,,,,,,,
,,,,,,,,
,,,,,,,,
,,,,,,,,
,,,,,,,,
,,,,,,,,
,,,,,,,,
,,,,,,,,
,,,,,,,,
,,,,,,,,
,,,,,,,,
,,,,,,,,
,,,,,,,,
,,,,,,,,
,,,,,,,,
,,,,,,,,
,,,,,,,,
,,,,,,,,
,,,,,,,,
,,,,,,,,
,,,,,,,,
,,,,,,,,
,,,,,,,,
,,,,,,,,
,,,,,,,,
,,,,,,,,
,,,,,,,,
,,,,,,,,
,,,,,,,,
,,,,,,,,
,,,,,,,,
,,,,,,,,
,,,,,,,,
,,,,,,,,
,,,,,,,,
,,,,,,,,
,,,,,,,,
,,,,,,,,
,,,,,,,,
,,,,,,,,
,,,,,,,,
,,,,,,,,
,,,,,,,,
,,,,,,,,
,,,,,,,,
,,,,,,,,
,,,,,,,,
,,,,,,,,
,,,,,,,,
,,,,,,,,
,,,,,,,,
,,,,,,,,
,,,,,,,,
,,,,,,,,
,,,,,,,,
,,,,,,,,
,,,,,,,,
,,,,,,,,
,,,,,,,,
,,,,,,,,
,,,,,,,,
,,,,,,,,
,,,,,,,,
,,,,,,,,
,,,,,,,,
,,,,,,,,
,,,,,,,,
,,,,,,,,
,,,,,,,,
,,,,,,,,
,,,,,,,,
,,,,,,,,
,,,,,,,,
,,,,,,,,
,,,,,,,,
,,,,,,,,
,,,,,,,,
,,,,,,,,
,,,,,,,,
,,,,,,,,
,,,,,,,,
,,,,,,,,
,,,,,,,,
,,,,,,,,
,,,,,,,,
,,,,,,,,
,,,,,,,,
,,,,,,,,
,,,,,,,,
,,,,,,,,
,,,,,,,,
,,,,,,,,
,,,,,,,,
,,,,,,,,
,,,,,,,,
,,,,,,,,
,,,,,,,,
,,,,,,,,
,,,,,,,,
,,,,,,,,
,,,,,,,,
,,,,,,,,
,,,,,,,,
,,,,,,,,
,,,,,,,,
,,,,,,,,
,,,,,,,,
,,,,,,,,
,,,,,,,,
,,,,,,,,
,,,,,,,,
,,,,,,,,
,,,,,,,,
,,,,,,,,
,,,,,,,,
,,,,,,,,
,,,,,,,,
,,,,,,,,
