sender_phone,is_business,spam_report_count,about_text,is_verified_biz,body,label
9235391020.0,0,14,Restaurant,0,Weekly standup is at 3pm today in conference room. Do not miss it.,0
9.230657827,0,0,Available,0,See you at the office.,0
2546493549.0,1,6,Community Group,1,Potluck at office on Saturday. Ali is bringing biryani.,0
2349318172.0,1,186,Job Opportunity,0,"Dear customer, claim your 25,000 reward points at http://gov-grant.pk today only!",1
9236056977.0,0,90,Free Gift Claim,0,Govt scheme: Rs.500 approved for you. Register now at http://account-help.co.,1
2348574654.0,0,9,Family Group,0,Tuition fee Rs.950 deadline is Monday. Contact IT for receipt.,0
9236195544.0,0,3,Doctor,0,Ali is arranging sandwiches for the team on Thursday. Join us at 2pm.,0
2349064003.0,0,121,Job Opportunity,0,"Final notice: Unpaid bill of Rs.2,500. Pay now at http://bit.ly/claim123 or service will stop.",1
9193653446.0,1,55,Reward Center,0,"Rs.75,000 has been credited to your fund. Verify and claim at http://gov-grant.pk.",1
9191774096.0,0,188,Free Gift Claim,0,Easypaisa alert: Verify your account now at http://account-help.co or it will be suspended.,1
9197519465.0,1,70,Security Alert Service,0,"Govt scheme: Rs.15,000 approved for you. Register now at http://bit.ly/claim123.",1
9195013389.0,0,8,University Student,0,Semester project presentation on Monday. Each group gets 10 minutes.,0
2348569691.0,0,31,Delivery Service,0,Quiz on Accounts scheduled for Monday at 11am. Prepare chapters 1 to 5.,0
2548566540.0,1,68,Insurance Update,0,"Job offer: Rs.15,000/month salary. Login and apply now at http://reward.xyz.",1
2341743175.0,1,157,Free Gift Claim,0,"Free gift for you! Rs.10,000 voucher. Claim immediately: http://t.co/claim789",1
9231678438.0,1,142,Investment Tips,0,Ehsaas alert: Verify your account now at http://free-gift.icu or it will be suspended.,1
9235666702.0,0,184,Prize Claim Center,0,"You are selected for Ehsaas program. Claim Rs.2,500 fund at http://ow.ly/reward99.",1
2342884343.0,1,65,Govt Grant Office,0,Easypaisa alert: Verify your account now at http://jazz-reward.top or it will be suspended.,1
9232321583.0,1,152,Lucky Draw Verification,0,"Rs.15,000 has been credited to your fund. Verify and claim at http://secure-verify.net.",1
9237743856.0,1,33,News Updates,1,Office timing changed to 3pm starting from Friday. Plan accordingly.,0
9234832222.0,0,88,Prize Claim Center,0,"Rs.75,000 has been credited to your fund. Verify and claim at http://reward.xyz.",1
9191327691.0,1,152,Investment Tips,0,"You have won Rs.1,00,000! Claim your prize at http://bank-secure.xyz before it expires.",1
2543648501.0,1,74,Loan Assistance,0,"Unpaid invoice of Rs.75,000 detected. Pay now: http://free-gift.icu to avoid disconnection.",1
88014647992.0,0,138,Free Gift Claim,0,"Loan approved! Rs.15,000 in 24hrs. Login to confirm details: http://bit.ly/claim123",1
88016167027.0,1,77,Bank Helpdesk,0,"Final notice: Claim your Rs.25,000 reward before it expires at http://bank-secure.xyz.",1
9237499512.0,0,18,Travel Agent,0,Please bring your laptop tomorrow without fail.,0
88014566389.0,0,106,Lucky Draw Verification,0,"Rs.50,000 has been credited to your fund. Verify and claim at http://bit.ly/claim123.",1
88011837832.0,0,2,Online Shop,0,Physics assignment deadline is Thursday. Submit before 3pm.,0
88012785812.0,1,120,Insurance Update,0,"Final notice: Claim your Rs.50,000 reward before it expires at http://jazz-reward.top.",1
88017304414.0,0,56,Job Opportunity,0,"Final notice: Claim your Rs.2,500 reward before it expires at http://gov-grant.pk.",1
9236794620.0,1,117,Insurance Update,0,"Rs.15,000 has been credited to your fund. Verify and claim at http://crypto-earn.xyz.",1
9193244614.0,1,180,Account Recovery,0,Disconnected services will resume after payment. Pay now: http://tinyurl.com/win456.,1
2545955645.0,0,73,Bank Helpdesk,0,"Govt scheme: Rs.2,500 approved for you. Register now at http://secure-verify.net.",1
88014335942.0,1,162,Prize Claim Center,0,"Prize notification: Rs.5,000 cash prize. Claim your fund at http://gov-grant.pk.",1
2543149723.0,0,36,Tutoring Service,0,Sales team meeting on Thursday at 11am. Attendance is mandatory.,0
2349875764.0,1,21,Teacher,0,Office timing changed to 2pm starting from Thursday. Plan accordingly.,0
9192396493.0,0,20,Office Updates,0,Reminder: project discussion on Friday at 9am in conference room.,0
9197217147.0,0,184,Scholarship Fund,0,"Free gift for you! Rs.2,500 voucher. Claim immediately: http://reward.xyz",1
9239215901.0,1,14,Community Group,0,Water supply will be off on Wednesday from 2pm to 2pm for maintenance.,0
9196662609.0,0,17,Community Group,0,Doctor appointment on Friday at 9am. Please arrive 10 minutes early.,0
2347559878.0,0,16,Small Business,0,Can you pick up notebook from the office supply shop on your way home?,0
9232601359.0,1,27,Small Business,0,Team lunch on Tuesday at 10am. Menu includes karahi.,0
88016315276.0,0,4,Teacher,0,Do not forget to carry your ID card to the office on Monday.,0
9233003950.0,0,11,University Student,0,Board meeting moved to Monday 5pm. Please update your calendar.,0
9235789153.0,0,15,Family Group,0,Sales team meeting on Friday at 11am. Attendance is mandatory.,0
9234922880.0,1,61,Crypto Advisor,0,"You are selected for Ehsaas program. Claim Rs.50,000 fund at http://verify-now.club.",1
2348275548.0,1,87,Bank Helpdesk,0,"Free gift for you! Rs.75,000 voucher. Claim immediately: http://login-verify.com",1
9232242680.0,1,180,Free Gift Claim,0,LUCKY DRAW WINNER! Rs.500 awaits you. Verify your identity at http://gov-grant.pk.,1
88011330855.0,1,0,University Student,1,Meeting scheduled for Saturday at 3pm in cafeteria. Please be on time.,0
9234767844.0,1,183,Crypto Advisor,0,"Final notice: Claim your Rs.2,500 reward before it expires at http://jazz-reward.top.",1
2344265708.0,0,6,Travel Agent,1,Result cards will be distributed on Tuesday at 11am.,0
2345519776.0,0,150,Crypto Advisor,0,BISP alert: Verify your account now at http://crypto-earn.xyz or it will be suspended.,1
88014637715.0,1,86,Reward Center,0,Your mobile account will be disconnected. Pay outstanding dues at http://login-verify.com.,1
9235351239.0,1,122,Bank Helpdesk,0,Loan approved! Rs.500 in 24hrs. Login to confirm details: http://bank-secure.xyz,1
88013275964.0,0,27,Teacher,0,Quiz on Math scheduled for Wednesday at 5pm. Prepare chapters 1 to 5.,0
9238788747.0,1,173,Bank Helpdesk,0,"Congratulations! Ehsaas has selected you for Rs.50,000 relief fund. Apply now: http://jazz-reward.top",1
9232754850.0,1,32,Software Engineer,0,Semester project presentation on Wednesday. Each group gets 10 minutes.,0
88011666811.0,1,192,Free Gift Claim,0,"Dear customer, claim your 15,000 reward points at http://reward.xyz today only!",1
9234517918.0,0,72,Account Recovery,0,"Govt scheme: Rs.5,000 approved for you. Register now at http://prize-claim.top.",1
88013191007.0,1,179,Free Gift Claim,0,"Free gift for you! Rs.5,000 voucher. Claim immediately: http://relief-gov.pk",1
9191298116.0,0,158,Job Opportunity,0,URGENT: Your bank account has been suspended. Verify immediately at http://jazz-reward.top.,1
2346753560.0,1,15,Software Engineer,0,Reminder: project discussion on Wednesday at 3pm in office.,0
88013515191.0,1,32,Tutoring Service,0,Lab report for Biology is due Wednesday. Submit to the department office.,0
9235833597.0,1,171,Bank Helpdesk,0,Telenor alert: Verify your account now at http://free-gift.icu or it will be suspended.,1
2541517059.0,1,95,Loan Assistance,0,"LUCKY DRAW WINNER! Rs.2,500 awaits you. Verify your identity at http://secure-verify.net.",1
9239386347.0,0,38,University Student,0,Monthly fee of Rs.800 is due. Submit to the accounts office by Monday.,0
9234783677.0,1,16,Travel Agent,0,Client meeting confirmed for Saturday at 2pm. Please prepare your slides.,0
9232915131.0,0,33,News Updates,0,Board meeting moved to Saturday 11am. Please update your calendar.,0
9233309771.0,0,20,Freelancer,1,HR team meeting on Friday at 5pm. Attendance is mandatory.,0
9236401085.0,0,20,University Student,0,All Finance staff please submit timesheets by 4pm on Friday.,0
9231345966.0,0,35,Travel Agent,1,Order confirmed. Our rider will reach you tomorrow.,0
9233340586.0,0,10,Travel Agent,1,Finance department will be closed on Friday due to public holiday.,0
88019897858.0,0,137,Investment Tips,0,You have won Rs.500! Claim your prize at http://prize-claim.top before it expires.,1
2545434785.0,0,17,Teacher,0,Potluck at office on Wednesday. Ayesha is bringing pulao.,0
9196692553.0,0,118,Prize Claim Center,0,"Dear customer, claim your 15,000 reward points at http://jazz-reward.top today only!",1
9236323702.0,1,165,Govt Grant Office,0,Govt scheme: Rs.500 approved for you. Register now at http://prize-claim.top.,1
9235705338.0,0,141,Job Opportunity,0,"Final notice: Claim your Rs.25,000 reward before it expires at http://jazz-reward.top.",1
88011508113.0,1,194,Security Alert Service,0,"Final notice: Claim your Rs.15,000 reward before it expires at http://account-help.co.",1
9235611266.0,0,192,Security Alert Service,0,"Final notice: Unpaid bill of Rs.15,000. Pay now at http://lottery-win.top or service will stop.",1
9238201903.0,1,12,Plumber,0,Item shipped from Quetta. Track your order for updates.,0
9238258973.0,0,31,Software Engineer,0,"Tuition fee Rs.3,500 deadline is Tuesday. Contact IT for receipt.",0
2549653473.0,0,44,Delivery Service,0,Dinner gathering at conference room on Friday. Bring your family along.,0
2541445483.0,1,0,Freelancer,1,Water supply will be off on Monday from 5pm to 2pm for maintenance.,0
9231675388.0,0,156,Job Opportunity,0,"Rs.5,000 has been credited to your fund. Verify and claim at http://verify-now.club.",1
9235124342.0,0,45,Restaurant,0,Reminder: return ID card to Ali by end of day.,0
2546381462.0,0,15,Community Group,1,Potluck at office on Wednesday. Maria is bringing burgers.,0
2341323425.0,0,18,Real Estate Agent,1,Office timing changed to 2pm starting from Monday. Plan accordingly.,0
9195978127.0,1,32,Restaurant,0,Sales department will be closed on Wednesday due to public holiday.,0
2345353544.0,0,34,Office Updates,0,"Electricity bill of Rs.3,500 is due by Saturday. Please arrange payment.",0
2548942448.0,0,98,Lucky Draw Verification,0,"LUCKY DRAW WINNER! Rs.10,000 awaits you. Verify your identity at http://tinyurl.com/win456.",1
9198087921.0,1,186,Job Opportunity,0,"Govt scheme: Rs.15,000 approved for you. Register now at http://reward.xyz.",1
9239754003.0,1,61,Prize Claim Center,0,"Job offer: Rs.1,00,000/month salary. Login and apply now at http://bank-secure.xyz.",1
9192794848.0,1,197,Scholarship Fund,0,"Congratulations! Ehsaas has selected you for Rs.75,000 relief fund. Apply now: http://account-help.co",1
2545273756.0,0,41,Family Group,1,IT department will be closed on Thursday due to public holiday.,0
9238800748.0,0,72,Job Opportunity,0,HBL Bank alert: Verify your account now at http://gov-grant.pk or it will be suspended.,1
2349932346.0,0,158,Lucky Draw Verification,0,Your account is suspended. Login to verify and restore access: http://tinyurl.com/win456.,1
2544593496.0,0,166,Bank Helpdesk,0,"Loan approved! Rs.50,000 in 24hrs. Login to confirm details: http://jazz-reward.top",1
9199347057.0,1,187,Security Alert Service,0,"Congratulations! BISP has selected you for Rs.10,000 relief fund. Apply now: http://t.co/claim789",1
88012849638.0,0,27,Real Estate Agent,0,Class test for Math postponed to Tuesday. Study well.,0
2544428815.0,0,184,Bank Helpdesk,0,Your KYC is pending. Verify account now at http://lottery-win.top to avoid suspension.,1
9231469269.0,1,172,Bank Helpdesk,0,"Unpaid invoice of Rs.5,000 detected. Pay now: http://ow.ly/reward99 to avoid disconnection.",1
88013153282.0,1,57,Investment Tips,0,Telenor alert: Verify your account now at http://bank-secure.xyz or it will be suspended.,1
88011122496.0,0,17,Software Engineer,0,Water supply will be off on Thursday from 5pm to 2pm for maintenance.,0
9235205279.0,0,83,Scholarship Fund,0,"You have won Rs.5,000! Claim your prize at http://secure-verify.net before it expires.",1
9191489765.0,1,105,Investment Tips,0,"Unpaid invoice of Rs.2,500 detected. Pay now: http://t.co/claim789 to avoid disconnection.",1
9234823498.0,1,75,Insurance Update,0,"LUCKY DRAW WINNER! Rs.2,500 awaits you. Verify your identity at http://prize-claim.top.",1
9232726457.0,1,84,Prize Claim Center,0,"Rs.5,000 has been credited to your fund. Verify and claim at http://crypto-earn.xyz.",1
9237046955.0,0,110,Bank Helpdesk,0,LUCKY DRAW WINNER! Rs.500 awaits you. Verify your identity at http://t.co/claim789.,1
88011688743.0,0,12,Electrician,0,Item shipped from Islamabad. Track your order for updates.,0
88014824407.0,0,121,Security Alert Service,0,"You have won Rs.75,000! Claim your prize at http://bank-secure.xyz before it expires.",1
9193346211.0,0,25,Small Business,0,IT team meeting on Tuesday at 2pm. Attendance is mandatory.,0
9235040883.0,1,180,Security Alert Service,0,Action required: Login immediately to secure your account: http://bit.ly/claim123.,1
9236821014.0,0,34,Small Business,1,Gas bill Rs.950 must be submitted before Monday to avoid late charges.,0
9232462804.0,0,39,University Student,0,Potluck at office on Saturday. Bilal is bringing karahi.,0
9235534607.0,1,21,Real Estate Agent,1,Tuition fee Rs.800 deadline is Saturday. Contact IT for receipt.,0
2549551583.0,1,180,Reward Center,0,"Unpaid invoice of Rs.15,000 detected. Pay now: http://account-help.co to avoid disconnection.",1
9232633454.0,1,20,Family Group,0,Do not forget to carry your keys to the office on Wednesday.,0
2548244779.0,0,44,Office Updates,0,Annual performance reviews start from Thursday. Check your schedule.,0
2349184459.0,1,169,Job Opportunity,0,Your account is suspended. Login to verify and restore access: http://gov-grant.pk.,1
2343243546.0,0,4,Teacher,0,Water supply will be off on Tuesday from 5pm to 2pm for maintenance.,0
2549085281.0,0,33,Personal Account,0,IT team meeting on Monday at 10am. Attendance is mandatory.,0
2344323637.0,0,171,Lucky Draw Verification,0,"Final notice: Unpaid bill of Rs.2,500. Pay now at http://prize-claim.top or service will stop.",1
9236995244.0,0,0,Doctor,1,Board meeting moved to Monday 11am. Please update your calendar.,0
9235590828.0,1,1,Travel Agent,0,Water supply will be off on Saturday from 9am to 2pm for maintenance.,0
9237771374.0,0,17,Restaurant,0,Load shedding schedule updated. Next outage on Tuesday at 10am.,0
2541958290.0,0,196,Job Opportunity,0,"Rs.75,000 has been credited to your fund. Verify and claim at http://account-help.co.",1
88013709945.0,0,21,Electrician,0,Your appointment is confirmed for Monday at 9am.,0
9236866154.0,1,109,Lucky Draw Verification,0,"Final notice: Claim your Rs.1,00,000 reward before it expires at http://tinyurl.com/win456.",1
9191963904.0,1,187,Lucky Draw Verification,0,"Final notice: Unpaid bill of Rs.2,500. Pay now at http://verify-now.club or service will stop.",1
2345261032.0,1,120,Scholarship Fund,0,"You have won Rs.1,00,000! Claim your prize at http://lottery-win.top before it expires.",1
2349060593.0,0,31,Restaurant,1,Your appointment is confirmed for Friday at 4pm.,0
9239901929.0,0,34,Family Group,0,Team lunch on Saturday at 3pm. Menu includes pasta.,0
9232634721.0,0,55,Account Recovery,0,"Job offer: Rs.75,000/month salary. Login and apply now at http://account-help.co.",1
88015491003.0,1,27,Electrician,1,Water supply will be off on Tuesday from 9am to 2pm for maintenance.,0
9193030113.0,0,112,Bank Helpdesk,0,"Free gift for you! Rs.75,000 voucher. Claim immediately: http://reward.xyz",1
9236360633.0,0,77,Insurance Update,0,Action required: Login immediately to secure your account: http://verify-now.club.,1
88014867004.0,0,8,Delivery Service,0,Client meeting confirmed for Tuesday at 3pm. Please prepare your slides.,0
2346828829.0,0,195,Loan Assistance,0,Your account has been flagged. Verify details at http://account-help.co within 24 hours.,1
2544932931.0,1,24,Small Business,0,Quiz on CS scheduled for Wednesday at 4pm. Prepare chapters 1 to 5.,0
9198029723.0,1,183,Free Gift Claim,0,"You have won Rs.1,00,000! Claim your prize at http://bit.ly/claim123 before it expires.",1
9232680038.0,0,40,Online Shop,0,Semester project presentation on Friday. Each group gets 10 minutes.,0
2343914492.0,1,136,Loan Assistance,0,"Final notice: Unpaid bill of Rs.50,000. Pay now at http://t.co/claim789 or service will stop.",1
2547542448.0,0,15,Office Updates,1,New office policy effective from Saturday. HR will share details shortly.,0
88018466983.0,0,57,Reward Center,0,"Free gift for you! Rs.2,500 voucher. Claim immediately: http://prize-claim.top",1
9238015549.0,1,152,Scholarship Fund,0,Unpaid invoice of Rs.500 detected. Pay now: http://free-gift.icu to avoid disconnection.,1
88013935211.0,1,144,Account Recovery,0,"Scholarship alert! Rs.1,00,000 fund approved. Submit docs at http://t.co/claim789.",1
9231579384.0,0,20,Plumber,0,Ahmed is arranging karahi for the team on Monday. Join us at 4pm.,0
9238898995.0,0,86,Reward Center,0,"Govt scheme: Rs.75,000 approved for you. Register now at http://verify-now.club.",1
2342634873.0,0,110,Reward Center,0,"Dear customer, claim your 75,000 reward points at http://t.co/claim789 today only!",1
9235958621.0,1,129,Free Gift Claim,0,"Unpaid invoice of Rs.15,000 detected. Pay now: http://secure-verify.net to avoid disconnection.",1
2345438623.0,0,17,Software Engineer,0,Water supply will be off on Thursday from 4pm to 2pm for maintenance.,0
9231363358.0,0,91,Insurance Update,0,"Rs.25,000 has been credited to your fund. Verify and claim at http://free-gift.icu.",1
9234012613.0,1,114,Security Alert Service,0,Final notice: Claim your Rs.500 reward before it expires at http://login-verify.com.,1
9233681207.0,0,10,News Updates,0,Dinner gathering at office on Friday. Bring your family along.,0
88014478616.0,1,138,Scholarship Fund,0,"Loan approved! Rs.2,500 in 24hrs. Login to confirm details: http://crypto-earn.xyz",1
9192945931.0,1,69,Security Alert Service,0,Govt alert: Verify your account now at http://bit.ly/claim123 or it will be suspended.,1
9197788043.0,1,64,Crypto Advisor,0,Action required: Login immediately to secure your account: http://tinyurl.com/win456.,1
9236112432.0,1,41,News Updates,0,Do not forget to carry your file to the office on Tuesday.,0
923000000000.0,1,0,Busy,1,"Hey, check the lab assignment details on the portal.",0
2541540736.0,1,122,Account Recovery,0,"Congratulations! Telenor has selected you for Rs.10,000 relief fund. Apply now: http://lottery-win.top",1
2348721462.0,0,36,Office Updates,1,Operations department will be closed on Saturday due to public holiday.,0
88011460858.0,0,21,University Student,1,"Tuition fee Rs.1,200 deadline is Wednesday. Contact IT for receipt.",0
2344037815.0,1,3,Doctor,0,Doctor appointment on Wednesday at 5pm. Please arrive 10 minutes early.,0
2348449742.0,0,42,Office Updates,0,Office timing changed to 11am starting from Tuesday. Plan accordingly.,0
9236055825.0,1,77,Security Alert Service,0,Disconnected services will resume after payment. Pay now: http://lottery-win.top.,1
923041000000.0,0,152,Courier Service,0,"Parcel delayed! Track here: http://track-parcel.xyz. If link fails, contact help at http://help-support.net",1
88011220268.0,0,42,Real Estate Agent,1,Accounts assignment deadline is Tuesday. Submit before 3pm.,0
9233460905.0,1,23,Pharmacy,0,"Tuition fee Rs.3,500 deadline is Friday. Contact Finance for receipt.",0
9239677962.0,1,80,Bank Helpdesk,0,"Loan approved! Rs.5,000 in 24hrs. Login to confirm details: http://free-gift.icu",1
88014548716.0,0,28,Electrician,1,Dental checkup reminder: Tuesday at 9am. Do not cancel.,0
88011935938.0,1,44,Doctor,1,Team lunch on Thursday at 3pm. Menu includes burgers.,0
2345172556.0,0,64,Insurance Update,0,"You have won Rs.10,000! Claim your prize at http://crypto-earn.xyz before it expires.",1
9235603547.0,0,118,Free Gift Claim,0,You are selected for Ehsaas program. Claim Rs.500 fund at http://account-help.co.,1
9238581927.0,1,176,Loan Assistance,0,Your KYC is pending. Verify account now at http://tinyurl.com/win456 to avoid suspension.,1
2344526654.0,0,44,Personal Account,1,Biology assignment deadline is Wednesday. Submit before 10am.,0
2345753123.0,0,8,Software Engineer,0,Class test for Math postponed to Friday. Study well.,0
2547306753.0,0,157,Govt Grant Office,0,"You have won Rs.5,000! Claim your prize at http://bank-secure.xyz before it expires.",1
2349427765.0,1,101,Prize Claim Center,0,"Unpaid invoice of Rs.50,000 detected. Pay now: http://secure-verify.net to avoid disconnection.",1
88015861731.0,1,197,Scholarship Fund,0,"Final notice: Unpaid bill of Rs.15,000. Pay now at http://account-help.co or service will stop.",1
9237027401.0,1,76,Scholarship Fund,0,"Prize notification: Rs.25,000 cash prize. Claim your fund at http://tinyurl.com/win456.",1
9238618181.0,0,184,Job Opportunity,0,"Rs.5,000 has been credited to your fund. Verify and claim at http://bit.ly/claim123.",1
2346064152.0,1,131,Job Opportunity,0,Telenor alert: Verify your account now at http://jazz-reward.top or it will be suspended.,1
9235863660.0,0,19,Community Group,0,Reminder: return notebook to Maria by end of day.,0
9237514041.0,0,36,Travel Agent,1,Office timing changed to 3pm starting from Saturday. Plan accordingly.,0
9238572769.0,0,26,Delivery Service,1,All Admin staff please submit timesheets by 4pm on Tuesday.,0
9238047472.0,1,169,Account Recovery,0,"You have won Rs.50,000! Claim your prize at http://ow.ly/reward99 before it expires.",1
88015038654.0,1,194,Prize Claim Center,0,"Scholarship alert! Rs.1,00,000 fund approved. Submit docs at http://jazz-reward.top.",1
88018210103.0,0,168,Free Gift Claim,0,"Final notice: Claim your Rs.15,000 reward before it expires at http://tinyurl.com/win456.",1
9239464810.0,1,152,Security Alert Service,0,"Scholarship alert! Rs.25,000 fund approved. Submit docs at http://bank-secure.xyz.",1
9237424918.0,1,174,Crypto Advisor,0,URGENT: Your bank account has been suspended. Verify immediately at http://bank-secure.xyz.,1
88014866493.0,1,40,Plumber,1,Package from Rawalpindi is out for delivery. Expected arrival: by Friday.,0
9233540849.0,0,2,Online Shop,0,Order confirmed. Our rider will reach you by Monday.,0
2546624412.0,0,32,Freelancer,0,Office timing changed to 5pm starting from Friday. Plan accordingly.,0
9239302946.0,1,175,Security Alert Service,0,"You are selected for Ehsaas program. Claim Rs.10,000 fund at http://reward.xyz.",1
9193195396.0,0,23,Delivery Service,1,"Gas bill Rs.5,000 must be submitted before Tuesday to avoid late charges.",0
9239291955.0,1,13,Software Engineer,0,Do not forget to carry your keys to the office on Saturday.,0
9238539918.0,0,16,Freelancer,0,Reminder: project discussion on Monday at 5pm in cafeteria.,0
9239970002.0,1,98,Bank Helpdesk,0,Jazz alert: Verify your account now at http://reward.xyz or it will be suspended.,1
2348134419.0,0,132,Crypto Advisor,0,Your account has been flagged. Verify details at http://bank-secure.xyz within 24 hours.,1
88016726001.0,0,30,Software Engineer,0,Chemistry assignment deadline is Saturday. Submit before 11am.,0
9199890054.0,1,21,Personal Account,0,"Tuition fee Rs.3,500 deadline is Tuesday. Contact Finance for receipt.",0
9235119185.0,0,12,Family Group,0,Weekly standup is at 4pm today in Block B. Do not miss it.,0
2549170146.0,0,17,Pharmacy,0,Potluck at office on Wednesday. Ayesha is bringing pasta.,0
9234757154.0,0,21,Restaurant,0,Reminder: return keys to Fatima by end of day.,0
9238620528.0,0,10,Teacher,0,Board meeting moved to Wednesday 9am. Please update your calendar.,0
88017426442.0,1,106,Crypto Advisor,0,"Job offer: Rs.10,000/month salary. Login and apply now at http://bank-secure.xyz.",1
9195735214.0,0,8,News Updates,0,Reminder: return ID card to Ahmed by end of day.,0
88019522069.0,1,9,Electrician,0,Meeting scheduled for Friday at 9am in cafeteria. Please be on time.,0
9197120868.0,0,149,Account Recovery,0,"Dear customer, claim your 10,000 reward points at http://gov-grant.pk today only!",1
9236879622.0,1,112,Account Recovery,0,"Final notice: Claim your Rs.50,000 reward before it expires at http://reward.xyz.",1
9194168795.0,0,112,Govt Grant Office,0,Your account is suspended. Login to verify and restore access: http://crypto-earn.xyz.,1
2348590804.0,1,72,Security Alert Service,0,URGENT: Your bank account has been suspended. Verify immediately at http://prize-claim.top.,1
2542290526.0,1,119,Prize Claim Center,0,"Rs.50,000 has been credited to your fund. Verify and claim at http://easy-loan.pk.",1
9193807132.0,0,60,Govt Grant Office,0,"Rs.1,00,000 has been credited to your fund. Verify and claim at http://free-gift.icu.",1
2347891727.0,1,156,Free Gift Claim,0,"Loan approved! Rs.75,000 in 24hrs. Login to confirm details: http://relief-gov.pk",1
9234865534.0,1,45,Electrician,0,Board meeting moved to Thursday 4pm. Please update your calendar.,0
9238312114.0,1,62,Job Opportunity,0,"Free gift for you! Rs.25,000 voucher. Claim immediately: http://ow.ly/reward99",1
2545355728.0,0,15,Delivery Service,0,Potluck at office on Wednesday. Maria is bringing pizza.,0
9236815577.0,1,179,Security Alert Service,0,"Congratulations! SBP has selected you for Rs.25,000 relief fund. Apply now: http://tinyurl.com/win456",1
88019741022.0,1,69,Free Gift Claim,0,"Final notice: Unpaid bill of Rs.15,000. Pay now at http://easy-loan.pk or service will stop.",1
2544125710.0,0,8,Office Updates,0,Board meeting moved to Monday 3pm. Please update your calendar.,0
9194009367.0,1,117,Lucky Draw Verification,0,Your mobile account will be disconnected. Pay outstanding dues at http://gov-grant.pk.,1
9239559668.0,0,7,Travel Agent,0,Can you pick up notebook from the bakery on your way home?,0
9234422237.0,0,19,Electrician,0,Weekly standup is at 5pm today in office. Do not miss it.,0
9238731522.0,0,188,Scholarship Fund,0,"Dear customer, claim your 2,500 reward points at http://easy-loan.pk today only!",1
2544688845.0,0,24,Software Engineer,0,Result cards will be distributed on Monday at 3pm.,0
9195031966.0,1,180,Investment Tips,0,"You have won Rs.1,00,000! Claim your prize at http://login-verify.com before it expires.",1
9234236994.0,1,92,Reward Center,0,"Govt scheme: Rs.25,000 approved for you. Register now at http://login-verify.com.",1
9234725978.0,1,129,Free Gift Claim,0,"Scholarship alert! Rs.25,000 fund approved. Submit docs at http://secure-verify.net.",1
88012032110.0,1,5,News Updates,1,Can you pick up documents from the pharmacy on your way home?,0
88011152551.0,1,21,Pharmacy,0,Doctor appointment on Wednesday at 4pm. Please arrive 10 minutes early.,0
2345878387.0,0,179,Job Opportunity,0,"Loan approved! Rs.15,000 in 24hrs. Login to confirm details: http://crypto-earn.xyz",1
88013622462.0,1,69,Job Opportunity,0,"Govt scheme: Rs.2,500 approved for you. Register now at http://easy-loan.pk.",1
2544990114.0,0,25,Pharmacy,0,Fatima called while you were away. Please call back when free.,0
9239505390.0,0,162,Job Opportunity,0,Disconnected services will resume after payment. Pay now: http://gov-grant.pk.,1
2348460359.0,1,170,Reward Center,0,"Govt scheme: Rs.5,000 approved for you. Register now at http://gov-grant.pk.",1
2341303197.0,0,34,University Student,1,Team lunch on Wednesday at 10am. Menu includes sandwiches.,0
9234179392.0,0,41,Community Group,0,Result cards will be distributed on Monday at 9am.,0
9232533209.0,0,162,Lucky Draw Verification,0,"You have won Rs.50,000! Claim your prize at http://verify-now.club before it expires.",1
88017073637.0,1,44,Plumber,0,Can you pick up charger from the bakery on your way home?,0
9237202069.0,0,107,Loan Assistance,0,Action required: Login immediately to secure your account: http://relief-gov.pk.,1
9233857807.0,0,172,Bank Helpdesk,0,Login alert: Suspicious activity on your account. Secure it now: http://verify-now.club,1
9238008491.0,0,23,Delivery Service,0,Maria is arranging karahi for the team on Wednesday. Join us at 3pm.,0
2541671253.0,0,45,Freelancer,0,Hassan is arranging sandwiches for the team on Saturday. Join us at 11am.,0
2547007679.0,0,136,Loan Assistance,0,"LUCKY DRAW WINNER! Rs.75,000 awaits you. Verify your identity at http://bit.ly/claim123.",1
9238311956.0,1,3,Restaurant,0,Reminder: project discussion on Saturday at 11am in cafeteria.,0
9236153966.0,1,133,Account Recovery,0,Disconnected services will resume after payment. Pay now: http://crypto-earn.xyz.,1
88012332904.0,0,169,Crypto Advisor,0,Security breach detected on your account. Verify immediately: http://free-gift.icu.,1
9234446190.0,1,16,Online Shop,0,Operations team meeting on Thursday at 4pm. Attendance is mandatory.,0
9199012674.0,1,113,Lucky Draw Verification,0,URGENT: Your bank account has been suspended. Verify immediately at http://reward.xyz.,1
9234754709.0,0,35,Pharmacy,0,Dinner gathering at Block B on Monday. Bring your family along.,0
2345102862.0,0,103,Insurance Update,0,"You are selected for Ehsaas program. Claim Rs.25,000 fund at http://account-help.co.",1
9192761653.0,0,99,Loan Assistance,0,"Rs.15,000 has been credited to your fund. Verify and claim at http://account-help.co.",1
2543688598.0,0,25,Doctor,1,Monthly fee of Rs.800 is due. Submit to the accounts office by Friday.,0
2549181178.0,0,15,Personal Account,0,Please bring your documents tomorrow without fail.,0
9239157115.0,1,35,Electrician,0,Do not forget to carry your charger to the office on Monday.,0
9238435634.0,1,192,Insurance Update,0,"Final notice: Unpaid bill of Rs.10,000. Pay now at http://tinyurl.com/win456 or service will stop.",1
88019469478.0,1,142,Scholarship Fund,0,"Govt scheme: Rs.1,00,000 approved for you. Register now at http://lottery-win.top.",1
2541691125.0,0,75,Lucky Draw Verification,0,"Final notice: Claim your Rs.50,000 reward before it expires at http://gov-grant.pk.",1
923057000000.0,1,97,Job Scam,0,Job Offer: Apply for remote role: http://jobs-portal.net and upload CV: http://upload-cv.xyz,1
2347162857.0,1,146,Lucky Draw Verification,0,"Scholarship alert! Rs.50,000 fund approved. Submit docs at http://gov-grant.pk.",1
9236363949.0,0,45,Teacher,0,Admin team meeting on Wednesday at 10am. Attendance is mandatory.,0
9234858604.0,0,186,Scholarship Fund,0,"Govt scheme: Rs.25,000 approved for you. Register now at http://tinyurl.com/win456.",1
2542380465.0,0,42,Personal Account,0,Reminder: return documents to Maria by end of day.,0
9.23076562,0,4,At the gym,0,Did you finish the report?,0
2348297709.0,1,191,Security Alert Service,0,"Job offer: Rs.75,000/month salary. Login and apply now at http://easy-loan.pk.",1
9238311097.0,0,135,Reward Center,0,"Loan approved! Rs.75,000 in 24hrs. Login to confirm details: http://secure-verify.net",1
9237410771.0,1,64,Security Alert Service,0,"Final notice: Unpaid bill of Rs.15,000. Pay now at http://secure-verify.net or service will stop.",1
9196464058.0,0,17,Plumber,0,Admin team meeting on Thursday at 9am. Attendance is mandatory.,0
2548278024.0,0,32,Real Estate Agent,0,Package from Quetta is out for delivery. Expected arrival: by Monday.,0
9196757197.0,0,2,Teacher,0,Class test for Accounts postponed to Friday. Study well.,0
2549740807.0,0,9,Restaurant,0,Biology assignment deadline is Monday. Submit before 11am.,0
88014474964.0,0,17,Freelancer,0,"Gas bill Rs.4,200 must be submitted before Tuesday to avoid late charges.",0
9236198527.0,1,6,Freelancer,0,Meeting scheduled for Tuesday at 5pm in Block B. Please be on time.,0
9192280314.0,0,162,Job Opportunity,0,"Free gift for you! Rs.25,000 voucher. Claim immediately: http://lottery-win.top",1
9231597521.0,1,83,Account Recovery,0,"Rs.75,000 has been credited to your fund. Verify and claim at http://relief-gov.pk.",1
2541767026.0,1,129,Investment Tips,0,"Rs.75,000 has been credited to your fund. Verify and claim at http://crypto-earn.xyz.",1
88017419280.0,1,10,Family Group,0,Bilal is arranging pizza for the team on Wednesday. Join us at 5pm.,0
2349013176.0,1,15,University Student,1,Package from Lahore is out for delivery. Expected arrival: today.,0
9237546967.0,1,8,Electrician,1,Marketing department will be closed on Monday due to public holiday.,0
9239370219.0,0,30,Freelancer,0,Dinner gathering at Block B on Wednesday. Bring your family along.,0
88018873361.0,1,97,Bank Helpdesk,0,Disconnected services will resume after payment. Pay now: http://easy-loan.pk.,1
2548619074.0,0,40,Teacher,0,Class test for Urdu postponed to Monday. Study well.,0
9238694746.0,1,182,Loan Assistance,0,"You have won Rs.50,000! Claim your prize at http://easy-loan.pk before it expires.",1
88019130904.0,0,22,Teacher,0,Load shedding schedule updated. Next outage on Wednesday at 5pm.,0
2547406756.0,1,190,Job Opportunity,0,"Final notice: Unpaid bill of Rs.25,000. Pay now at http://tinyurl.com/win456 or service will stop.",1
9194162319.0,0,38,University Student,0,"Tuition fee Rs.1,800 deadline is Friday. Contact Operations for receipt.",0
9236481165.0,1,4,News Updates,0,Can you pick up file from the pharmacy on your way home?,0
2349898935.0,1,41,Electrician,1,Dental checkup reminder: Tuesday at 5pm. Do not cancel.,0
9196901033.0,1,193,Job Opportunity,0,Security breach detected on your account. Verify immediately: http://verify-now.club.,1
2549902202.0,0,0,News Updates,0,Quiz on Accounts scheduled for Saturday at 4pm. Prepare chapters 1 to 5.,0
9232151576.0,1,163,Govt Grant Office,0,Jazz alert: Verify your account now at http://account-help.co or it will be suspended.,1
9238533390.0,0,25,News Updates,0,Water supply will be off on Tuesday from 11am to 2pm for maintenance.,0
9231166911.0,1,72,Bank Helpdesk,0,"Free gift for you! Rs.2,500 voucher. Claim immediately: http://verify-now.club",1
9194263903.0,1,85,Insurance Update,0,Easypaisa alert: Verify your account now at http://ow.ly/reward99 or it will be suspended.,1
9235116558.0,0,40,University Student,0,"Electricity bill of Rs.2,400 is due by Monday. Please arrange payment.",0
9233277531.0,0,35,Tutoring Service,0,Annual performance reviews start from Friday. Check your schedule.,0
88013787170.0,0,40,Electrician,0,Sara is arranging karahi for the team on Thursday. Join us at 10am.,0
2347796309.0,1,179,Security Alert Service,0,Your account is suspended. Login to verify and restore access: http://bank-secure.xyz.,1
9236065810.0,1,57,Security Alert Service,0,"Final notice: Claim your Rs.50,000 reward before it expires at http://bank-secure.xyz.",1
2341801213.0,1,81,Job Opportunity,0,Action required: Login immediately to secure your account: http://account-help.co.,1
9234431099.0,0,42,Teacher,1,Cricket practice session moved to Thursday morning at the ground.,0
88013572022.0,0,150,Security Alert Service,0,"Job offer: Rs.1,00,000/month salary. Login and apply now at http://account-help.co.",1
2549474848.0,0,161,Loan Assistance,0,"You are selected for Ehsaas program. Claim Rs.10,000 fund at http://ow.ly/reward99.",1
9233182053.0,0,148,Job Opportunity,0,"Prize notification: Rs.50,000 cash prize. Claim your fund at http://crypto-earn.xyz.",1
88018229326.0,0,154,Prize Claim Center,0,"Dear customer, claim your 25,000 reward points at http://login-verify.com today only!",1
9233417186.0,1,150,Lucky Draw Verification,0,"You are selected for Ehsaas program. Claim Rs.25,000 fund at http://jazz-reward.top.",1
2349027788.0,1,108,Free Gift Claim,0,Rs.500 has been credited to your fund. Verify and claim at http://free-gift.icu.,1
2343655874.0,1,133,Investment Tips,0,Action required: Login immediately to secure your account: http://lottery-win.top.,1
2342235408.0,1,37,Software Engineer,1,Do not forget to carry your file to the office on Saturday.,0
2542221178.0,0,19,University Student,0,Doctor appointment on Tuesday at 11am. Please arrive 10 minutes early.,0
9238438704.0,0,43,Delivery Service,0,Meeting scheduled for Saturday at 9am in Room 204. Please be on time.,0
9232281108.0,1,31,Pharmacy,0,Lab report for Biology is due Tuesday. Submit to the department office.,0
9232960327.0,1,135,Reward Center,0,URGENT: Your bank account has been suspended. Verify immediately at http://gov-grant.pk.,1
9232724773.0,0,120,Prize Claim Center,0,"Final notice: Unpaid bill of Rs.10,000. Pay now at http://secure-verify.net or service will stop.",1
88016383442.0,0,11,Pharmacy,0,Load shedding schedule updated. Next outage on Thursday at 5pm.,0
2547320306.0,0,19,Doctor,0,Doctor appointment on Saturday at 3pm. Please arrive 10 minutes early.,0
9236586214.0,1,58,Prize Claim Center,0,"Dear customer, claim your 15,000 reward points at http://prize-claim.top today only!",1
88012174871.0,1,16,Pharmacy,0,All Finance staff please submit timesheets by 5pm on Tuesday.,0
9198128409.0,0,39,Community Group,0,Your appointment is confirmed for Wednesday at 3pm.,0
2343034109.0,1,68,Crypto Advisor,0,"Loan approved! Rs.75,000 in 24hrs. Login to confirm details: http://crypto-earn.xyz",1
9239097744.0,1,94,Prize Claim Center,0,"Free gift for you! Rs.75,000 voucher. Claim immediately: http://easy-loan.pk",1
2342151205.0,0,195,Security Alert Service,0,Rs.500 has been credited to your fund. Verify and claim at http://jazz-reward.top.,1
2544056761.0,0,25,Family Group,0,Dinner gathering at Room 204 on Thursday. Bring your family along.,0
9235325497.0,0,152,Scholarship Fund,0,LUCKY DRAW WINNER! Rs.500 awaits you. Verify your identity at http://free-gift.icu.,1
88018722609.0,0,6,Real Estate Agent,0,Math assignment deadline is Friday. Submit before 2pm.,0
2349770838.0,1,121,Prize Claim Center,0,Easypaisa alert: Verify your account now at http://verify-now.club or it will be suspended.,1
2541149283.0,1,88,Scholarship Fund,0,"Final notice: Unpaid bill of Rs.50,000. Pay now at http://reward.xyz or service will stop.",1
9194766269.0,0,60,Loan Assistance,0,"Final notice: Claim your Rs.10,000 reward before it expires at http://free-gift.icu.",1
9231983923.0,0,81,Job Opportunity,0,"Unpaid invoice of Rs.15,000 detected. Pay now: http://easy-loan.pk to avoid disconnection.",1
9237269122.0,0,40,Pharmacy,0,All HR staff please submit timesheets by 9am on Saturday.,0
9238391855.0,0,36,Teacher,0,Reminder: project discussion on Monday at 2pm in conference room.,0
2345276341.0,1,94,Scholarship Fund,0,"Loan approved! Rs.10,000 in 24hrs. Login to confirm details: http://login-verify.com",1
2341197778.0,1,80,Job Opportunity,0,"Scholarship alert! Rs.10,000 fund approved. Submit docs at http://reward.xyz.",1
9231091715.0,0,12,Software Engineer,1,Result cards will be distributed on Thursday at 11am.,0
2549258194.0,1,134,Govt Grant Office,0,"Loan approved! Rs.10,000 in 24hrs. Login to confirm details: http://relief-gov.pk",1
2349301232.0,1,123,Crypto Advisor,0,"Scholarship alert! Rs.50,000 fund approved. Submit docs at http://relief-gov.pk.",1
2343472414.0,1,118,Crypto Advisor,0,"Unpaid invoice of Rs.5,000 detected. Pay now: http://bit.ly/claim123 to avoid disconnection.",1
2343102292.0,0,42,Software Engineer,0,Reminder: return laptop to Fatima by end of day.,0
2349168251.0,0,17,Community Group,0,Office timing changed to 3pm starting from Monday. Plan accordingly.,0
9233954644.0,0,200,Investment Tips,0,"Rs.1,00,000 has been credited to your fund. Verify and claim at http://bit.ly/claim123.",1
2544881349.0,0,40,Real Estate Agent,0,Team lunch on Wednesday at 4pm. Menu includes pulao.,0
9236440230.0,1,107,Crypto Advisor,0,"Final notice: Claim your Rs.25,000 reward before it expires at http://ow.ly/reward99.",1
9234350630.0,1,2,University Student,1,Board meeting moved to Friday 10am. Please update your calendar.,0
9236660786.0,1,10,Restaurant,0,Canteen will be closed on Wednesday. Please make alternate arrangements.,0
9192622631.0,1,143,Crypto Advisor,0,"Govt scheme: Rs.15,000 approved for you. Register now at http://relief-gov.pk.",1
2547974010.0,0,23,Restaurant,1,Canteen will be closed on Tuesday. Please make alternate arrangements.,0
9232165866.0,1,127,Prize Claim Center,0,"LUCKY DRAW WINNER! Rs.75,000 awaits you. Verify your identity at http://account-help.co.",1
9231975340.0,0,11,Plumber,0,Admin department will be closed on Monday due to public holiday.,0
9236037904.0,0,14,Plumber,0,Monthly fee of Rs.800 is due. Submit to the accounts office by Wednesday.,0
2342772324.0,1,183,Loan Assistance,0,"You are selected for Ehsaas program. Claim Rs.50,000 fund at http://ow.ly/reward99.",1
9239442968.0,1,177,Reward Center,0,Your account has been flagged. Verify details at http://free-gift.icu within 24 hours.,1
9192098206.0,1,62,Job Opportunity,0,"Final notice: Claim your Rs.5,000 reward before it expires at http://free-gift.icu.",1
9236997504.0,0,43,Small Business,1,Reminder: project discussion on Thursday at 10am in main hall.,0
9233944885.0,0,87,Reward Center,0,"Congratulations! Telenor has selected you for Rs.1,00,000 relief fund. Apply now: http://secure-verify.net",1
2341774820.0,0,5,Community Group,0,All Operations staff please submit timesheets by 9am on Friday.,0
9199124385.0,1,107,Account Recovery,0,Your account is suspended. Login to verify and restore access: http://secure-verify.net.,1
88019044647.0,1,79,Free Gift Claim,0,"Unpaid invoice of Rs.2,500 detected. Pay now: http://bit.ly/claim123 to avoid disconnection.",1
2549870458.0,1,21,Freelancer,0,Can you pick up documents from the grocery store on your way home?,0
9198352113.0,1,97,Job Opportunity,0,Loan approved! Rs.500 in 24hrs. Login to confirm details: http://ow.ly/reward99,1
9235775640.0,1,144,Security Alert Service,0,"Prize notification: Rs.10,000 cash prize. Claim your fund at http://jazz-reward.top.",1
9233231198.0,1,85,Govt Grant Office,0,"You are selected for Ehsaas program. Claim Rs.75,000 fund at http://ow.ly/reward99.",1
88018141064.0,0,2,University Student,0,Reminder: return keys to Usman by end of day.,0
88015066398.0,0,74,Bank Helpdesk,0,"Loan approved! Rs.50,000 in 24hrs. Login to confirm details: http://relief-gov.pk",1
2547789809.0,0,0,Family Group,1,New office policy effective from Thursday. HR will share details shortly.,0
9199906779.0,1,145,Security Alert Service,0,Your mobile account will be disconnected. Pay outstanding dues at http://jazz-reward.top.,1
2541995859.0,1,144,Loan Assistance,0,"Govt scheme: Rs.25,000 approved for you. Register now at http://jazz-reward.top.",1
2347627284.0,1,33,Community Group,0,Water supply will be off on Friday from 4pm to 2pm for maintenance.,0
2542759261.0,1,2,Freelancer,1,Ali called while you were away. Please call back when free.,0
2342024902.0,1,31,Small Business,1,Team lunch on Tuesday at 5pm. Menu includes burgers.,0
9191349914.0,1,98,Free Gift Claim,0,Your account is suspended. Login to verify and restore access: http://lottery-win.top.,1
88011891328.0,0,198,Insurance Update,0,"Job offer: Rs.1,00,000/month salary. Login and apply now at http://prize-claim.top.",1
9231971823.0,0,200,Bank Helpdesk,0,"Congratulations! SBP has selected you for Rs.10,000 relief fund. Apply now: http://easy-loan.pk",1
9234408139.0,1,164,Reward Center,0,"Prize notification: Rs.25,000 cash prize. Claim your fund at http://crypto-earn.xyz.",1
9238753122.0,0,21,Plumber,0,Item shipped from Peshawar. Track your order for updates.,0
2341071738.0,0,36,University Student,1,Physics assignment deadline is Monday. Submit before 3pm.,0
9195975077.0,0,25,Software Engineer,0,Water supply will be off on Monday from 2pm to 2pm for maintenance.,0
2345392569.0,1,15,Office Updates,0,"Tuition fee Rs.4,200 deadline is Monday. Contact HR for receipt.",0
9238227406.0,0,1,Software Engineer,1,Board meeting moved to Friday 2pm. Please update your calendar.,0
9195066816.0,1,42,Real Estate Agent,1,Quiz on English scheduled for Monday at 11am. Prepare chapters 1 to 5.,0
2543325723.0,1,102,Free Gift Claim,0,"Job offer: Rs.5,000/month salary. Login and apply now at http://lottery-win.top.",1
9195463386.0,0,35,Freelancer,1,Dental checkup reminder: Thursday at 4pm. Do not cancel.,0
9196829027.0,0,9,Tutoring Service,1,"Electricity bill of Rs.5,000 is due by Thursday. Please arrange payment.",0
9195694522.0,0,19,Pharmacy,1,Canteen will be closed on Saturday. Please make alternate arrangements.,0
9239567403.0,0,32,Freelancer,1,Your parcel is on the way. Delivery estimated by Monday.,0
2348892760.0,0,45,University Student,1,Potluck at office on Friday. Ali is bringing pulao.,0
2548504617.0,1,45,Tutoring Service,0,Water supply will be off on Tuesday from 4pm to 2pm for maintenance.,0
9233936064.0,0,0,Online Shop,1,"Monthly fee of Rs.3,500 is due. Submit to the accounts office by Tuesday.",0
2344262081.0,1,181,Job Opportunity,0,"LUCKY DRAW WINNER! Rs.5,000 awaits you. Verify your identity at http://secure-verify.net.",1
9238035542.0,0,44,Freelancer,1,Load shedding schedule updated. Next outage on Monday at 9am.,0
88015059048.0,0,129,Job Opportunity,0,"You have won Rs.50,000! Claim your prize at http://bank-secure.xyz before it expires.",1
2545910412.0,0,189,Security Alert Service,0,"Free gift for you! Rs.75,000 voucher. Claim immediately: http://jazz-reward.top",1
9197329559.0,0,26,Delivery Service,0,Bilal is arranging karahi for the team on Friday. Join us at 5pm.,0
9233704989.0,0,6,Tutoring Service,0,Quiz on Physics scheduled for Wednesday at 3pm. Prepare chapters 1 to 5.,0
9237650920.0,0,22,Electrician,0,Potluck at office on Saturday. Ahmed is bringing pulao.,0
9237238933.0,0,123,Reward Center,0,Your mobile account will be disconnected. Pay outstanding dues at http://reward.xyz.,1
9233762487.0,0,137,Reward Center,0,"LUCKY DRAW WINNER! Rs.75,000 awaits you. Verify your identity at http://bank-secure.xyz.",1
9237419516.0,1,138,Govt Grant Office,0,Your account has been flagged. Verify details at http://prize-claim.top within 24 hours.,1
9198755747.0,0,144,Investment Tips,0,"Prize notification: Rs.15,000 cash prize. Claim your fund at http://jazz-reward.top.",1
9239635804.0,0,9,Small Business,0,Chemistry assignment deadline is Saturday. Submit before 2pm.,0
923053000000.0,1,138,Prize Scam,0,Congratulations! Win a prize at http://lucky-draw.com and claim your bonus at http://claim-now.online,1
9195627149.0,0,32,Software Engineer,0,Quiz on Chemistry scheduled for Thursday at 2pm. Prepare chapters 1 to 5.,0
9233662793.0,1,11,News Updates,0,Package from Peshawar is out for delivery. Expected arrival: by Monday.,0
9231275590.0,1,160,Bank Helpdesk,0,"Loan approved! Rs.10,000 in 24hrs. Login to confirm details: http://jazz-reward.top",1
9236036779.0,0,24,Real Estate Agent,0,Reminder: return laptop to Maria by end of day.,0
9236748005.0,0,39,Community Group,1,Result cards will be distributed on Friday at 5pm.,0
2544956154.0,1,165,Insurance Update,0,"Scholarship alert! Rs.25,000 fund approved. Submit docs at http://tinyurl.com/win456.",1
9195317991.0,0,20,Software Engineer,0,"Tuition fee Rs.4,200 deadline is Thursday. Contact IT for receipt.",0
2349910694.0,0,34,University Student,0,Reminder: project discussion on Wednesday at 11am in conference room.,0
9233544610.0,1,107,Scholarship Fund,0,URGENT: Your bank account has been suspended. Verify immediately at http://free-gift.icu.,1
9194311759.0,0,193,Crypto Advisor,0,"Dear customer, claim your 1,00,000 reward points at http://easy-loan.pk today only!",1
9235171241.0,0,16,Pharmacy,0,"Monthly fee of Rs.5,000 is due. Submit to the accounts office by Wednesday.",0
88014119511.0,0,22,University Student,0,"Gas bill Rs.3,500 must be submitted before Wednesday to avoid late charges.",0
9239553548.0,0,32,University Student,1,Can you pick up notebook from the grocery store on your way home?,0
88012592385.0,0,15,Real Estate Agent,1,"Monthly fee of Rs.4,200 is due. Submit to the accounts office by Saturday.",0
9238966558.0,0,15,University Student,1,Physics assignment deadline is Friday. Submit before 5pm.,0
88012334575.0,1,196,Account Recovery,0,"Congratulations! Easypaisa has selected you for Rs.25,000 relief fund. Apply now: http://lottery-win.top",1
2542935210.0,0,3,Small Business,0,Potluck at office on Thursday. Zara is bringing karahi.,0
88018657731.0,0,18,Pharmacy,0,"Tuition fee Rs.4,200 deadline is Friday. Contact IT for receipt.",0
9236859883.0,1,178,Investment Tips,0,"You are selected for Ehsaas program. Claim Rs.2,500 fund at http://bit.ly/claim123.",1
2547987558.0,1,13,News Updates,1,Reminder: return laptop to Ahmed by end of day.,0
9233433874.0,1,94,Insurance Update,0,"Loan approved! Rs.2,500 in 24hrs. Login to confirm details: http://t.co/claim789",1
9238318019.0,1,8,Pharmacy,1,Class test for Chemistry postponed to Tuesday. Study well.,0
2549164132.0,1,119,Loan Assistance,0,"Unpaid invoice of Rs.2,500 detected. Pay now: http://relief-gov.pk to avoid disconnection.",1
2349452839.0,0,5,Family Group,0,Office timing changed to 10am starting from Monday. Plan accordingly.,0
9231439533.0,1,123,Crypto Advisor,0,"Unpaid invoice of Rs.50,000 detected. Pay now: http://free-gift.icu to avoid disconnection.",1
2542731721.0,0,16,Delivery Service,1,Reminder: project discussion on Friday at 4pm in conference room.,0
88011998990.0,0,11,Restaurant,0,Result cards will be distributed on Monday at 5pm.,0
88019561890.0,1,66,Govt Grant Office,0,"Rs.10,000 has been credited to your fund. Verify and claim at http://jazz-reward.top.",1
9239200480.0,1,169,Govt Grant Office,0,Loan approved! Rs.500 in 24hrs. Login to confirm details: http://jazz-reward.top,1
9192188301.0,0,153,Bank Helpdesk,0,"Rs.10,000 has been credited to your fund. Verify and claim at http://prize-claim.top.",1
9234010846.0,0,15,Travel Agent,0,Potluck at office on Saturday. Bilal is bringing pulao.,0
2342227162.0,1,72,Security Alert Service,0,Your mobile account will be disconnected. Pay outstanding dues at http://tinyurl.com/win456.,1
2341798938.0,0,8,Software Engineer,0,Potluck at office on Monday. Ali is bringing pasta.,0
9237670331.0,0,2,Family Group,1,Water supply will be off on Tuesday from 10am to 2pm for maintenance.,0
9236611410.0,0,31,Plumber,0,Reminder: project discussion on Saturday at 5pm in main hall.,0
2347965641.0,0,146,Scholarship Fund,0,"Prize notification: Rs.10,000 cash prize. Claim your fund at http://t.co/claim789.",1
2344278491.0,0,10,News Updates,0,Reminder: return badge to Ali by end of day.,0
9196245463.0,1,68,Lucky Draw Verification,0,"Rs.50,000 has been credited to your fund. Verify and claim at http://gov-grant.pk.",1
2347498463.0,0,43,Small Business,0,Finance team meeting on Tuesday at 9am. Attendance is mandatory.,0
9197989714.0,1,16,Teacher,0,Office timing changed to 2pm starting from Saturday. Plan accordingly.,0
9233163099.0,0,153,Loan Assistance,0,"Unpaid invoice of Rs.25,000 detected. Pay now: http://account-help.co to avoid disconnection.",1
88014636454.0,0,20,Freelancer,0,Ayesha is arranging pasta for the team on Saturday. Join us at 4pm.,0
9195700293.0,1,80,Job Opportunity,0,"Final notice: Unpaid bill of Rs.15,000. Pay now at http://gov-grant.pk or service will stop.",1
9195376268.0,0,84,Loan Assistance,0,Jazz alert: Verify your account now at http://bit.ly/claim123 or it will be suspended.,1
9238242984.0,1,155,Scholarship Fund,0,"Free gift for you! Rs.2,500 voucher. Claim immediately: http://ow.ly/reward99",1
2345993696.0,1,171,Free Gift Claim,0,JazzCash alert: Verify your account now at http://lottery-win.top or it will be suspended.,1
88013785047.0,0,21,Office Updates,1,"Monthly fee of Rs.3,500 is due. Submit to the accounts office by Thursday.",0
9196053168.0,0,21,Community Group,0,Tuition fee Rs.950 deadline is Saturday. Contact Finance for receipt.,0
2346350660.0,0,14,Pharmacy,0,Tuition fee Rs.950 deadline is Saturday. Contact Admin for receipt.,0
2545544184.0,1,24,Online Shop,1,Weekly standup is at 10am today in Block B. Do not miss it.,0
9196388425.0,1,31,Online Shop,0,CS assignment deadline is Saturday. Submit before 10am.,0
9239967702.0,1,18,Restaurant,0,Load shedding schedule updated. Next outage on Saturday at 10am.,0
88013630468.0,1,98,Crypto Advisor,0,"You are selected for Ehsaas program. Claim Rs.10,000 fund at http://free-gift.icu.",1
9231618704.0,0,180,Scholarship Fund,0,"You have won Rs.5,000! Claim your prize at http://easy-loan.pk before it expires.",1
9236334600.0,1,72,Account Recovery,0,"You have won Rs.2,500! Claim your prize at http://lottery-win.top before it expires.",1
9236227335.0,1,90,Insurance Update,0,Prize notification: Rs.500 cash prize. Claim your fund at http://crypto-earn.xyz.,1
88014520621.0,0,69,Bank Helpdesk,0,"Unpaid invoice of Rs.10,000 detected. Pay now: http://crypto-earn.xyz to avoid disconnection.",1
9233143956.0,1,118,Loan Assistance,0,Your KYC is pending. Verify account now at http://account-help.co to avoid suspension.,1
9232336994.0,0,40,Tutoring Service,0,Load shedding schedule updated. Next outage on Monday at 4pm.,0
9233438687.0,1,37,University Student,0,Quiz on CS scheduled for Monday at 4pm. Prepare chapters 1 to 5.,0
9235866331.0,0,23,News Updates,1,Reminder: project discussion on Wednesday at 9am in office.,0
9232333002.0,0,37,University Student,0,Biology assignment deadline is Thursday. Submit before 10am.,0
9199103333.0,1,197,Insurance Update,0,"Rs.10,000 has been credited to your fund. Verify and claim at http://login-verify.com.",1
9199958027.0,1,59,Lucky Draw Verification,0,Free gift for you! Rs.500 voucher. Claim immediately: http://relief-gov.pk,1
9238010185.0,1,161,Scholarship Fund,0,Your account has been flagged. Verify details at http://t.co/claim789 within 24 hours.,1
2349934217.0,0,152,Scholarship Fund,0,Action required: Login immediately to secure your account: http://ow.ly/reward99.,1
9198142385.0,1,192,Security Alert Service,0,"Free gift for you! Rs.5,000 voucher. Claim immediately: http://reward.xyz",1
2344630384.0,1,27,Travel Agent,0,Urdu assignment deadline is Friday. Submit before 5pm.,0
9238097946.0,0,163,Free Gift Claim,0,"Job offer: Rs.2,500/month salary. Login and apply now at http://bit.ly/claim123.",1
9234635731.0,0,23,Office Updates,1,Result cards will be distributed on Friday at 10am.,0
88019113963.0,0,141,Free Gift Claim,0,"Prize notification: Rs.5,000 cash prize. Claim your fund at http://lottery-win.top.",1
9197176462.0,0,103,Investment Tips,0,"Congratulations! Jazz has selected you for Rs.2,500 relief fund. Apply now: http://login-verify.com",1
9231613785.0,1,45,Family Group,0,Please bring your keys tomorrow without fail.,0
9235707149.0,1,28,Plumber,0,Item shipped from Karachi. Track your order for updates.,0
2543208690.0,0,162,Insurance Update,0,Your mobile account will be disconnected. Pay outstanding dues at http://relief-gov.pk.,1
9196195935.0,1,170,Account Recovery,0,"Scholarship alert! Rs.25,000 fund approved. Submit docs at http://easy-loan.pk.",1
9197579060.0,0,13,Family Group,0,Gas bill Rs.800 must be submitted before Wednesday to avoid late charges.,0
9198971120.0,1,29,University Student,0,Ahmed is arranging pulao for the team on Wednesday. Join us at 10am.,0
9233790745.0,1,101,Loan Assistance,0,"Scholarship alert! Rs.1,00,000 fund approved. Submit docs at http://reward.xyz.",1
2344347166.0,1,89,Job Opportunity,0,"You are selected for Ehsaas program. Claim Rs.1,00,000 fund at http://tinyurl.com/win456.",1
9238051206.0,0,15,Small Business,0,Operations department will be closed on Monday due to public holiday.,0
9232005458.0,0,19,Plumber,0,"Tuition fee Rs.5,000 deadline is Monday. Contact HR for receipt.",0
88013394312.0,1,101,Crypto Advisor,0,Jazz alert: Verify your account now at http://crypto-earn.xyz or it will be suspended.,1
9234315596.0,0,2,Travel Agent,0,Result cards will be distributed on Wednesday at 5pm.,0
2543882262.0,0,44,News Updates,1,Lab report for Accounts is due Thursday. Submit to the department office.,0
2548911742.0,0,43,Teacher,0,School will remain closed on Saturday. Parents are notified.,0
2344407796.0,0,196,Lucky Draw Verification,0,"Scholarship alert! Rs.1,00,000 fund approved. Submit docs at http://tinyurl.com/win456.",1
2544972005.0,1,123,Job Opportunity,0,"You are selected for Ehsaas program. Claim Rs.5,000 fund at http://bank-secure.xyz.",1
9238537680.0,1,45,Teacher,0,Potluck at office on Tuesday. Bilal is bringing pulao.,0
2346794356.0,1,88,Free Gift Claim,0,"Job offer: Rs.75,000/month salary. Login and apply now at http://crypto-earn.xyz.",1
9195044801.0,0,25,Family Group,0,Office timing changed to 4pm starting from Monday. Plan accordingly.,0
9194394336.0,0,132,Govt Grant Office,0,Govt scheme: Rs.500 approved for you. Register now at http://login-verify.com.,1
9232765375.0,1,138,Job Opportunity,0,"Prize notification: Rs.1,00,000 cash prize. Claim your fund at http://bit.ly/claim123.",1
88015770422.0,1,177,Investment Tips,0,"Free gift for you! Rs.5,000 voucher. Claim immediately: http://bit.ly/claim123",1
9235479152.0,0,128,Scholarship Fund,0,"Govt scheme: Rs.5,000 approved for you. Register now at http://secure-verify.net.",1
2342913049.0,1,185,Prize Claim Center,0,Disconnected services will resume after payment. Pay now: http://bank-secure.xyz.,1
88015921482.0,0,155,Govt Grant Office,0,"Scholarship alert! Rs.15,000 fund approved. Submit docs at http://reward.xyz.",1
9231489418.0,0,15,Electrician,0,Weekly standup is at 2pm today in main hall. Do not miss it.,0
9239876767.0,1,94,Job Opportunity,0,Your mobile account will be disconnected. Pay outstanding dues at http://easy-loan.pk.,1
88014398864.0,0,94,Bank Helpdesk,0,"Rs.1,00,000 has been credited to your fund. Verify and claim at http://tinyurl.com/win456.",1
2541946973.0,0,183,Security Alert Service,0,LUCKY DRAW WINNER! Rs.500 awaits you. Verify your identity at http://verify-now.club.,1
9238536381.0,1,175,Insurance Update,0,"Loan approved! Rs.50,000 in 24hrs. Login to confirm details: http://bit.ly/claim123",1
9231102438.0,0,91,Crypto Advisor,0,Jazz alert: Verify your account now at http://ow.ly/reward99 or it will be suspended.,1
88015089486.0,0,150,Crypto Advisor,0,"Loan approved! Rs.2,500 in 24hrs. Login to confirm details: http://tinyurl.com/win456",1
9237335540.0,0,12,Restaurant,0,Finance team meeting on Monday at 3pm. Attendance is mandatory.,0
9237925610.0,0,21,Tutoring Service,0,Lab report for Urdu is due Monday. Submit to the department office.,0
2547339201.0,0,45,Small Business,0,"Monthly fee of Rs.5,000 is due. Submit to the accounts office by Friday.",0
9231084386.0,1,155,Loan Assistance,0,"You are selected for Ehsaas program. Claim Rs.1,00,000 fund at http://login-verify.com.",1
2541593302.0,1,162,Prize Claim Center,0,"Free gift for you! Rs.2,500 voucher. Claim immediately: http://free-gift.icu",1
2547501701.0,0,30,Electrician,0,Zara called while you were away. Please call back when free.,0
2542992327.0,1,8,Software Engineer,0,Library books are due on Tuesday. Please return to avoid fine.,0
9236635321.0,0,63,Reward Center,0,"Unpaid invoice of Rs.1,00,000 detected. Pay now: http://relief-gov.pk to avoid disconnection.",1
88011428411.0,0,109,Free Gift Claim,0,"Free gift for you! Rs.75,000 voucher. Claim immediately: http://crypto-earn.xyz",1
9193675223.0,0,36,Doctor,0,Water supply will be off on Monday from 3pm to 2pm for maintenance.,0
2543010214.0,0,24,Delivery Service,0,Your order has been dispatched and will arrive by Friday.,0
88014287016.0,0,85,Insurance Update,0,"Scholarship alert! Rs.15,000 fund approved. Submit docs at http://tinyurl.com/win456.",1
88013585824.0,0,20,Pharmacy,0,Office timing changed to 9am starting from Wednesday. Plan accordingly.,0
9232084778.0,1,6,Personal Account,1,Package from Peshawar is out for delivery. Expected arrival: by Friday.,0
9239834402.0,1,135,Loan Assistance,0,JazzCash alert: Verify your account now at http://bank-secure.xyz or it will be suspended.,1
9237454030.0,1,147,Free Gift Claim,0,Telenor alert: Verify your account now at http://prize-claim.top or it will be suspended.,1
88016777340.0,1,90,Insurance Update,0,Ehsaas alert: Verify your account now at http://prize-claim.top or it will be suspended.,1
9.23075359,0,3,Sleeping,0,Thanks for the update!,0
9233256414.0,0,44,Small Business,0,Chemistry assignment deadline is Friday. Submit before 4pm.,0
9231077963.0,1,127,Govt Grant Office,0,"Scholarship alert! Rs.75,000 fund approved. Submit docs at http://relief-gov.pk.",1
9231954280.0,1,75,Insurance Update,0,"Final notice: Unpaid bill of Rs.10,000. Pay now at http://login-verify.com or service will stop.",1
9196008177.0,0,37,Online Shop,0,Monthly fee of Rs.950 is due. Submit to the accounts office by Monday.,0
2341531577.0,0,158,Job Opportunity,0,"Scholarship alert! Rs.15,000 fund approved. Submit docs at http://jazz-reward.top.",1
9232977390.0,0,133,Bank Helpdesk,0,"Final notice: Unpaid bill of Rs.25,000. Pay now at http://bank-secure.xyz or service will stop.",1
9238445611.0,0,18,Freelancer,0,Load shedding schedule updated. Next outage on Friday at 11am.,0
2543862327.0,0,63,Scholarship Fund,0,"Job offer: Rs.15,000/month salary. Login and apply now at http://verify-now.club.",1
9192485970.0,0,36,Family Group,1,Do not forget to carry your charger to the office on Friday.,0
9232316802.0,1,56,Free Gift Claim,0,"You are selected for Ehsaas program. Claim Rs.15,000 fund at http://relief-gov.pk.",1
88018541869.0,0,33,Small Business,0,Bilal called while you were away. Please call back when free.,0
9239005101.0,0,76,Security Alert Service,0,Your account is suspended. Login to verify and restore access: http://jazz-reward.top.,1
2546763353.0,0,17,Teacher,0,Canteen will be closed on Friday. Please make alternate arrangements.,0
2542502467.0,1,133,Account Recovery,0,Your KYC is pending. Verify account now at http://gov-grant.pk to avoid suspension.,1
9239344741.0,1,99,Govt Grant Office,0,"Scholarship alert! Rs.50,000 fund approved. Submit docs at http://jazz-reward.top.",1
9197765112.0,1,38,Online Shop,1,Do not forget to carry your file to the office on Friday.,0
2548276689.0,1,70,Loan Assistance,0,"Dear customer, claim your 15,000 reward points at http://bank-secure.xyz today only!",1
2549753827.0,1,110,Crypto Advisor,0,"Loan approved! Rs.1,00,000 in 24hrs. Login to confirm details: http://lottery-win.top",1
9238558523.0,0,142,Reward Center,0,"Congratulations! Govt has selected you for Rs.25,000 relief fund. Apply now: http://crypto-earn.xyz",1
9231378200.0,0,129,Insurance Update,0,Govt scheme: Rs.500 approved for you. Register now at http://ow.ly/reward99.,1
88019462784.0,1,84,Security Alert Service,0,URGENT: Your bank account has been suspended. Verify immediately at http://verify-now.club.,1
9199939302.0,0,42,University Student,0,Load shedding schedule updated. Next outage on Saturday at 2pm.,0
9239399643.0,0,101,Free Gift Claim,0,"Unpaid invoice of Rs.25,000 detected. Pay now: http://jazz-reward.top to avoid disconnection.",1
9234228253.0,0,24,Travel Agent,1,English assignment deadline is Saturday. Submit before 2pm.,0
9238048611.0,1,60,Security Alert Service,0,"Dear customer, claim your 5,000 reward points at http://login-verify.com today only!",1
9232422780.0,0,93,Govt Grant Office,0,Your KYC is pending. Verify account now at http://crypto-earn.xyz to avoid suspension.,1
2542477088.0,0,166,Scholarship Fund,0,Your KYC is pending. Verify account now at http://ow.ly/reward99 to avoid suspension.,1
9235868949.0,1,162,Prize Claim Center,0,Final notice: Unpaid bill of Rs.500. Pay now at http://verify-now.club or service will stop.,1
88013117757.0,0,14,Community Group,0,Quiz on Accounts scheduled for Friday at 4pm. Prepare chapters 1 to 5.,0
2543374579.0,0,23,Tutoring Service,0,Sara called while you were away. Please call back when free.,0
2545610990.0,0,22,Personal Account,1,Package from Rawalpindi is out for delivery. Expected arrival: today.,0
2349758834.0,0,18,Doctor,0,"Gas bill Rs.4,200 must be submitted before Wednesday to avoid late charges.",0
2349459031.0,0,182,Lucky Draw Verification,0,Security breach detected on your account. Verify immediately: http://relief-gov.pk.,1
9192823906.0,1,34,Office Updates,1,Meeting scheduled for Tuesday at 5pm in office. Please be on time.,0
9237002009.0,1,183,Prize Claim Center,0,"Job offer: Rs.2,500/month salary. Login and apply now at http://crypto-earn.xyz.",1
9235021865.0,0,131,Prize Claim Center,0,"You are selected for Ehsaas program. Claim Rs.2,500 fund at http://free-gift.icu.",1
88012986324.0,0,36,Real Estate Agent,0,Client meeting confirmed for Wednesday at 9am. Please prepare your slides.,0
9198280817.0,1,7,Family Group,0,Bilal is arranging sandwiches for the team on Saturday. Join us at 3pm.,0
9196391404.0,0,38,Office Updates,1,Cricket practice session moved to Monday morning at the ground.,0
9191022876.0,0,3,Freelancer,1,Math assignment deadline is Wednesday. Submit before 4pm.,0
2542766607.0,1,151,Govt Grant Office,0,"Unpaid invoice of Rs.10,000 detected. Pay now: http://ow.ly/reward99 to avoid disconnection.",1
9198827453.0,1,160,Investment Tips,0,"You have won Rs.5,000! Claim your prize at http://jazz-reward.top before it expires.",1
2343017928.0,1,24,Online Shop,0,CS assignment deadline is Thursday. Submit before 2pm.,0
2548467647.0,0,39,Family Group,0,Reminder: return documents to Ahmed by end of day.,0
88013938131.0,1,118,Govt Grant Office,0,Your account is suspended. Login to verify and restore access: http://t.co/claim789.,1
2346614605.0,1,147,Account Recovery,0,"You are selected for Ehsaas program. Claim Rs.1,00,000 fund at http://jazz-reward.top.",1
2345050605.0,1,85,Account Recovery,0,"Free gift for you! Rs.5,000 voucher. Claim immediately: http://prize-claim.top",1
2548566213.0,0,37,Software Engineer,0,Marketing team meeting on Saturday at 3pm. Attendance is mandatory.,0
2343576374.0,0,2,Doctor,0,Dental checkup reminder: Wednesday at 4pm. Do not cancel.,0
9238270870.0,0,188,Account Recovery,0,"Dear customer, claim your 5,000 reward points at http://jazz-reward.top today only!",1
9238946752.0,1,128,Loan Assistance,0,"Final notice: Unpaid bill of Rs.1,00,000. Pay now at http://login-verify.com or service will stop.",1
2344515255.0,1,133,Lucky Draw Verification,0,"Final notice: Unpaid bill of Rs.5,000. Pay now at http://easy-loan.pk or service will stop.",1
9232835015.0,0,44,Electrician,0,Client meeting confirmed for Tuesday at 2pm. Please prepare your slides.,0
2341750435.0,1,0,Electrician,0,Reminder: return keys to Bilal by end of day.,0
88016293259.0,1,192,Lucky Draw Verification,0,"Dear customer, claim your 500 reward points at http://verify-now.club today only!",1
9233706725.0,1,104,Investment Tips,0,"Job offer: Rs.50,000/month salary. Login and apply now at http://lottery-win.top.",1
9197721360.0,1,81,Reward Center,0,Final notice: Unpaid bill of Rs.500. Pay now at http://login-verify.com or service will stop.,1
2541072627.0,0,109,Loan Assistance,0,Action required: Login immediately to secure your account: http://easy-loan.pk.,1
9231435739.0,1,187,Account Recovery,0,"Unpaid invoice of Rs.10,000 detected. Pay now: http://tinyurl.com/win456 to avoid disconnection.",1
9232950547.0,0,101,Reward Center,0,Congratulations! Govt has selected you for Rs.500 relief fund. Apply now: http://bit.ly/claim123,1
9237437684.0,0,18,Family Group,0,Potluck at office on Wednesday. Fatima is bringing pizza.,0
9239700499.0,0,14,Pharmacy,0,Finance team meeting on Friday at 2pm. Attendance is mandatory.,0
9191078335.0,0,191,Prize Claim Center,0,"Rs.5,000 has been credited to your fund. Verify and claim at http://bank-secure.xyz.",1
9193523050.0,1,39,Freelancer,0,Dinner gathering at cafeteria on Wednesday. Bring your family along.,0
88011547533.0,1,162,Prize Claim Center,0,"LUCKY DRAW WINNER! Rs.75,000 awaits you. Verify your identity at http://lottery-win.top.",1
9239916589.0,0,195,Job Opportunity,0,"Congratulations! JazzCash has selected you for Rs.10,000 relief fund. Apply now: http://verify-now.club",1
9195742020.0,1,140,Scholarship Fund,0,"Congratulations! SBP has selected you for Rs.10,000 relief fund. Apply now: http://login-verify.com",1
9239548795.0,1,181,Govt Grant Office,0,"Final notice: Unpaid bill of Rs.2,500. Pay now at http://login-verify.com or service will stop.",1
9231190530.0,0,39,Plumber,0,English assignment deadline is Thursday. Submit before 2pm.,0
9233472527.0,1,82,Bank Helpdesk,0,"Govt scheme: Rs.15,000 approved for you. Register now at http://easy-loan.pk.",1
2343466780.0,0,15,Doctor,0,English assignment deadline is Tuesday. Submit before 9am.,0
9231287605.0,1,165,Free Gift Claim,0,"Final notice: Unpaid bill of Rs.10,000. Pay now at http://prize-claim.top or service will stop.",1
9231109275.0,1,38,Freelancer,1,Weekly standup is at 9am today in main hall. Do not miss it.,0
9196273013.0,0,65,Govt Grant Office,0,"Unpaid invoice of Rs.25,000 detected. Pay now: http://tinyurl.com/win456 to avoid disconnection.",1
2342237660.0,1,95,Lucky Draw Verification,0,Login alert: Suspicious activity on your account. Secure it now: http://bank-secure.xyz,1
9234659722.0,0,57,Account Recovery,0,"Rs.25,000 has been credited to your fund. Verify and claim at http://prize-claim.top.",1
2542898047.0,1,10,Plumber,0,Office timing changed to 10am starting from Thursday. Plan accordingly.,0
2541622874.0,1,41,Community Group,0,Weekly standup is at 4pm today in conference room. Do not miss it.,0
9236701944.0,0,38,Real Estate Agent,0,Urdu assignment deadline is Monday. Submit before 9am.,0
9191688736.0,0,13,Pharmacy,0,Usman called while you were away. Please call back when free.,0
9235895685.0,0,14,Doctor,0,Doctor appointment on Saturday at 4pm. Please arrive 10 minutes early.,0
88011463407.0,0,33,Delivery Service,0,Class test for English postponed to Thursday. Study well.,0
9197749490.0,1,186,Investment Tips,0,Govt alert: Verify your account now at http://jazz-reward.top or it will be suspended.,1
9237866576.0,1,193,Security Alert Service,0,Telenor alert: Verify your account now at http://account-help.co or it will be suspended.,1
2545799841.0,1,143,Job Opportunity,0,"Govt scheme: Rs.15,000 approved for you. Register now at http://ow.ly/reward99.",1
9196276495.0,0,118,Security Alert Service,0,"Final notice: Claim your Rs.50,000 reward before it expires at http://login-verify.com.",1
9231250681.0,0,134,Loan Assistance,0,"Congratulations! Ehsaas has selected you for Rs.10,000 relief fund. Apply now: http://easy-loan.pk",1
9237162223.0,1,30,Electrician,0,"Electricity bill of Rs.5,000 is due by Saturday. Please arrange payment.",0
2342073135.0,0,18,Doctor,0,Dinner gathering at conference room on Tuesday. Bring your family along.,0
9239582257.0,1,91,Lucky Draw Verification,0,"LUCKY DRAW WINNER! Rs.50,000 awaits you. Verify your identity at http://reward.xyz.",1
9239535161.0,0,29,Personal Account,0,"Gas bill Rs.1,800 must be submitted before Thursday to avoid late charges.",0
9239302979.0,0,40,Electrician,1,"Monthly fee of Rs.3,500 is due. Submit to the accounts office by Friday.",0
9237698083.0,1,118,Loan Assistance,0,"Free gift for you! Rs.15,000 voucher. Claim immediately: http://easy-loan.pk",1
88015787252.0,0,4,Online Shop,0,Meeting scheduled for Monday at 3pm in conference room. Please be on time.,0
9191926012.0,0,148,Loan Assistance,0,"Free gift for you! Rs.15,000 voucher. Claim immediately: http://login-verify.com",1
9233355474.0,0,42,Pharmacy,1,"Electricity bill of Rs.1,800 is due by Thursday. Please arrange payment.",0
9236192009.0,1,104,Account Recovery,0,Easypaisa alert: Verify your account now at http://lottery-win.top or it will be suspended.,1
9232882928.0,1,64,Free Gift Claim,0,"Dear customer, claim your 15,000 reward points at http://login-verify.com today only!",1
9239124251.0,1,128,Free Gift Claim,0,URGENT: Your bank account has been suspended. Verify immediately at http://secure-verify.net.,1
2348386629.0,1,84,Lucky Draw Verification,0,"Loan approved! Rs.1,00,000 in 24hrs. Login to confirm details: http://relief-gov.pk",1
88017425184.0,0,160,Lucky Draw Verification,0,"Free gift for you! Rs.2,500 voucher. Claim immediately: http://easy-loan.pk",1
9236970234.0,1,35,Online Shop,0,Your appointment is confirmed for Friday at 5pm.,0
9235027148.0,0,97,Crypto Advisor,0,URGENT: Your bank account has been suspended. Verify immediately at http://login-verify.com.,1
9197936404.0,0,117,Loan Assistance,0,"Final notice: Unpaid bill of Rs.2,500. Pay now at http://easy-loan.pk or service will stop.",1
9236914963.0,1,166,Security Alert Service,0,"Final notice: Claim your Rs.10,000 reward before it expires at http://relief-gov.pk.",1
2341365247.0,1,120,Insurance Update,0,"You have won Rs.10,000! Claim your prize at http://tinyurl.com/win456 before it expires.",1
2543970445.0,1,61,Govt Grant Office,0,"Rs.2,500 has been credited to your fund. Verify and claim at http://verify-now.club.",1
9231102452.0,1,5,Teacher,0,Doctor appointment on Saturday at 11am. Please arrive 10 minutes early.,0
9239026020.0,0,20,Small Business,0,Class test for English postponed to Wednesday. Study well.,0
2346034195.0,1,108,Crypto Advisor,0,Jazz alert: Verify your account now at http://secure-verify.net or it will be suspended.,1
2341483393.0,0,23,Teacher,0,Water supply will be off on Wednesday from 11am to 2pm for maintenance.,0
2541931723.0,0,195,Crypto Advisor,0,"Scholarship alert! Rs.2,500 fund approved. Submit docs at http://login-verify.com.",1
9199036805.0,0,77,Security Alert Service,0,"Scholarship alert! Rs.2,500 fund approved. Submit docs at http://secure-verify.net.",1
9237374025.0,1,39,Software Engineer,0,Your appointment is confirmed for Monday at 5pm.,0
9232426239.0,0,4,Doctor,0,Load shedding schedule updated. Next outage on Wednesday at 4pm.,0
923088000000.0,0,68,Courier Service,0,Urgent: Your parcel is held at customs. Pay duty: http://parcel-track.xyz,1
9235538377.0,0,81,Lucky Draw Verification,0,"Loan approved! Rs.50,000 in 24hrs. Login to confirm details: http://crypto-earn.xyz",1
9191502309.0,0,101,Free Gift Claim,0,"Free gift for you! Rs.25,000 voucher. Claim immediately: http://t.co/claim789",1
9237063033.0,1,190,Crypto Advisor,0,"Job offer: Rs.1,00,000/month salary. Login and apply now at http://free-gift.icu.",1
9236352364.0,0,184,Job Opportunity,0,Ehsaas alert: Verify your account now at http://lottery-win.top or it will be suspended.,1
2543318980.0,1,1,Family Group,0,Please bring your file tomorrow without fail.,0
88017228178.0,0,41,Delivery Service,0,Do not forget to carry your badge to the office on Friday.,0
2548007639.0,0,167,Investment Tips,0,You are selected for Ehsaas program. Claim Rs.500 fund at http://reward.xyz.,1
9197325508.0,0,27,Plumber,0,Class test for Biology postponed to Saturday. Study well.,0
9231805209.0,0,32,Electrician,0,All Admin staff please submit timesheets by 2pm on Saturday.,0
9231172703.0,0,37,Personal Account,1,Weekly standup is at 10am today in main hall. Do not miss it.,0
9234854842.0,0,200,Investment Tips,0,"Govt scheme: Rs.10,000 approved for you. Register now at http://relief-gov.pk.",1
9237441514.0,1,184,Scholarship Fund,0,"Loan approved! Rs.15,000 in 24hrs. Login to confirm details: http://t.co/claim789",1
9199898656.0,0,44,Family Group,0,Package from Karachi is out for delivery. Expected arrival: today.,0
9235582036.0,0,20,Software Engineer,0,Quiz on Math scheduled for Friday at 4pm. Prepare chapters 1 to 5.,0
9233411249.0,1,121,Account Recovery,0,Scholarship alert! Rs.500 fund approved. Submit docs at http://bit.ly/claim123.,1
88011552000.0,0,135,Lucky Draw Verification,0,"Dear customer, claim your 2,500 reward points at http://secure-verify.net today only!",1
9236631731.0,1,180,Reward Center,0,"Job offer: Rs.1,00,000/month salary. Login and apply now at http://jazz-reward.top.",1
9196701478.0,0,117,Free Gift Claim,0,"Loan approved! Rs.1,00,000 in 24hrs. Login to confirm details: http://tinyurl.com/win456",1
9231518244.0,0,173,Investment Tips,0,"LUCKY DRAW WINNER! Rs.50,000 awaits you. Verify your identity at http://lottery-win.top.",1
2348981342.0,1,139,Insurance Update,0,"Unpaid invoice of Rs.1,00,000 detected. Pay now: http://verify-now.club to avoid disconnection.",1
2342565160.0,0,110,Free Gift Claim,0,SBP alert: Verify your account now at http://secure-verify.net or it will be suspended.,1
9239043979.0,0,22,Pharmacy,0,Reminder: return documents to Sara by end of day.,0
2343029740.0,1,191,Reward Center,0,"You have won Rs.15,000! Claim your prize at http://lottery-win.top before it expires.",1
2541661769.0,1,147,Free Gift Claim,0,HBL Bank alert: Verify your account now at http://verify-now.club or it will be suspended.,1
9198110722.0,1,160,Crypto Advisor,0,"Final notice: Claim your Rs.25,000 reward before it expires at http://verify-now.club.",1
2542138100.0,1,131,Loan Assistance,0,"You are selected for Ehsaas program. Claim Rs.5,000 fund at http://verify-now.club.",1
9236975520.0,1,35,Teacher,0,Your appointment is confirmed for Thursday at 11am.,0
88015260211.0,0,39,Tutoring Service,0,Doctor appointment on Saturday at 2pm. Please arrive 10 minutes early.,0
9238174037.0,0,130,Insurance Update,0,HBL Bank alert: Verify your account now at http://easy-loan.pk or it will be suspended.,1
88016489988.0,0,14,Teacher,1,"Tuition fee Rs.5,000 deadline is Friday. Contact Marketing for receipt.",0
2342498202.0,0,145,Prize Claim Center,0,"Rs.2,500 has been credited to your fund. Verify and claim at http://account-help.co.",1
2548000050.0,0,128,Insurance Update,0,Govt alert: Verify your account now at http://secure-verify.net or it will be suspended.,1
9236301688.0,0,24,Personal Account,0,Client meeting confirmed for Tuesday at 11am. Please prepare your slides.,0
9231073332.0,0,23,Real Estate Agent,0,Doctor appointment on Friday at 11am. Please arrive 10 minutes early.,0
9234516499.0,0,35,News Updates,0,Package from Karachi is out for delivery. Expected arrival: by Monday.,0
2344626151.0,1,153,Prize Claim Center,0,Loan approved! Rs.500 in 24hrs. Login to confirm details: http://prize-claim.top,1
9193065444.0,1,1,Community Group,0,Gas bill Rs.800 must be submitted before Monday to avoid late charges.,0
2343527911.0,1,24,Real Estate Agent,1,Dinner gathering at office on Thursday. Bring your family along.,0
9238695389.0,0,25,Freelancer,0,Potluck at office on Friday. Bilal is bringing sandwiches.,0
9197994575.0,1,113,Security Alert Service,0,Loan approved! Rs.500 in 24hrs. Login to confirm details: http://account-help.co,1
9233725382.0,1,42,Office Updates,0,Board meeting moved to Thursday 2pm. Please update your calendar.,0
9233194370.0,0,104,Loan Assistance,0,Scholarship alert! Rs.500 fund approved. Submit docs at http://bank-secure.xyz.,1
9232050167.0,0,11,University Student,1,Reminder: return notebook to Fatima by end of day.,0
9193346378.0,1,180,Reward Center,0,Free gift for you! Rs.500 voucher. Claim immediately: http://crypto-earn.xyz,1
9197502651.0,1,84,Lucky Draw Verification,0,Your account has been flagged. Verify details at http://relief-gov.pk within 24 hours.,1
2349244416.0,0,174,Free Gift Claim,0,Final notice: Claim your Rs.500 reward before it expires at http://relief-gov.pk.,1
88017070468.0,0,147,Security Alert Service,0,Final notice: Unpaid bill of Rs.500. Pay now at http://tinyurl.com/win456 or service will stop.,1
9237647803.0,0,95,Crypto Advisor,0,SBP alert: Verify your account now at http://bit.ly/claim123 or it will be suspended.,1
2348446596.0,1,97,Bank Helpdesk,0,"Unpaid invoice of Rs.50,000 detected. Pay now: http://reward.xyz to avoid disconnection.",1
88014520522.0,0,66,Prize Claim Center,0,URGENT: Your bank account has been suspended. Verify immediately at http://tinyurl.com/win456.,1
88014860691.0,0,16,Small Business,1,"Tuition fee Rs.3,500 deadline is Thursday. Contact Marketing for receipt.",0
2543109911.0,0,176,Loan Assistance,0,"Final notice: Unpaid bill of Rs.75,000. Pay now at http://gov-grant.pk or service will stop.",1
2549320349.0,1,22,Teacher,0,School will remain closed on Thursday. Parents are notified.,0
9232239672.0,1,161,Lucky Draw Verification,0,"You have won Rs.25,000! Claim your prize at http://jazz-reward.top before it expires.",1
9235180500.0,0,6,Personal Account,1,Lab report for Accounts is due Monday. Submit to the department office.,0
2543371734.0,1,15,Plumber,0,"Monthly fee of Rs.4,200 is due. Submit to the accounts office by Monday.",0
2545530705.0,0,7,Community Group,0,Quiz on CS scheduled for Friday at 5pm. Prepare chapters 1 to 5.,0
2543450300.0,0,64,Security Alert Service,0,"Loan approved! Rs.15,000 in 24hrs. Login to confirm details: http://secure-verify.net",1
2542323049.0,1,105,Scholarship Fund,0,"You are selected for Ehsaas program. Claim Rs.25,000 fund at http://gov-grant.pk.",1
9193822312.0,0,79,Account Recovery,0,"Loan approved! Rs.5,000 in 24hrs. Login to confirm details: http://bit.ly/claim123",1
88011556409.0,1,27,Online Shop,1,Result cards will be distributed on Monday at 2pm.,0
9233290763.0,0,15,Tutoring Service,0,Reminder: project discussion on Thursday at 5pm in Block B.,0
9234367636.0,0,118,Lucky Draw Verification,0,Prize notification: Rs.500 cash prize. Claim your fund at http://relief-gov.pk.,1
9192424426.0,1,79,Loan Assistance,0,Login alert: Suspicious activity on your account. Secure it now: http://ow.ly/reward99,1
9237984768.0,1,93,Security Alert Service,0,"Scholarship alert! Rs.75,000 fund approved. Submit docs at http://bit.ly/claim123.",1
2548376757.0,1,175,Account Recovery,0,Your account has been flagged. Verify details at http://crypto-earn.xyz within 24 hours.,1
9239359869.0,0,19,News Updates,0,HR team meeting on Wednesday at 11am. Attendance is mandatory.,0
9195299055.0,1,97,Crypto Advisor,0,Your account is suspended. Login to verify and restore access: http://prize-claim.top.,1
2546788681.0,1,178,Crypto Advisor,0,"You have won Rs.25,000! Claim your prize at http://crypto-earn.xyz before it expires.",1
9239293086.0,1,101,Investment Tips,0,"Dear customer, claim your 1,00,000 reward points at http://bank-secure.xyz today only!",1
9239089743.0,1,119,Insurance Update,0,Telenor alert: Verify your account now at http://ow.ly/reward99 or it will be suspended.,1
2345715786.0,1,81,Crypto Advisor,0,Disconnected services will resume after payment. Pay now: http://account-help.co.,1
2543732048.0,0,184,Govt Grant Office,0,"Loan approved! Rs.25,000 in 24hrs. Login to confirm details: http://lottery-win.top",1
9236082320.0,1,72,Insurance Update,0,"Final notice: Claim your Rs.2,500 reward before it expires at http://easy-loan.pk.",1
9239645304.0,0,34,Pharmacy,1,Operations team meeting on Wednesday at 10am. Attendance is mandatory.,0
2341065132.0,0,22,Plumber,0,Lab report for English is due Saturday. Submit to the department office.,0
9235542460.0,1,26,Personal Account,1,Finance team meeting on Saturday at 2pm. Attendance is mandatory.,0
9236540684.0,1,155,Job Opportunity,0,"Dear customer, claim your 10,000 reward points at http://ow.ly/reward99 today only!",1
2548657887.0,1,166,Reward Center,0,"Scholarship alert! Rs.50,000 fund approved. Submit docs at http://easy-loan.pk.",1
9191620820.0,1,177,Scholarship Fund,0,"You are selected for Ehsaas program. Claim Rs.2,500 fund at http://tinyurl.com/win456.",1
9236415010.0,0,7,Software Engineer,0,Usman is arranging biryani for the team on Saturday. Join us at 4pm.,0
9234169687.0,0,31,Community Group,0,Usman is arranging biryani for the team on Friday. Join us at 2pm.,0
9197551438.0,1,12,Electrician,0,Operations team meeting on Friday at 2pm. Attendance is mandatory.,0
2342706522.0,0,6,Office Updates,0,All Sales staff please submit timesheets by 2pm on Friday.,0
9236409052.0,0,78,Bank Helpdesk,0,"You have won Rs.5,000! Claim your prize at http://t.co/claim789 before it expires.",1
2548727784.0,0,33,Electrician,0,Your appointment is confirmed for Monday at 2pm.,0
9236031079.0,1,11,Electrician,1,Your order has been dispatched and will arrive today.,0
88015458768.0,1,126,Bank Helpdesk,0,"Rs.10,000 has been credited to your fund. Verify and claim at http://tinyurl.com/win456.",1
2545620628.0,1,40,Online Shop,0,Can you pick up charger from the office supply shop on your way home?,0
9239903425.0,0,109,Govt Grant Office,0,"Final notice: Claim your Rs.25,000 reward before it expires at http://gov-grant.pk.",1
2543081328.0,0,92,Insurance Update,0,"Govt scheme: Rs.25,000 approved for you. Register now at http://prize-claim.top.",1
9238898507.0,1,96,Govt Grant Office,0,"You have won Rs.25,000! Claim your prize at http://prize-claim.top before it expires.",1
88016124763.0,1,163,Job Opportunity,0,"Job offer: Rs.1,00,000/month salary. Login and apply now at http://lottery-win.top.",1
9232597705.0,1,34,Pharmacy,0,All Marketing staff please submit timesheets by 3pm on Tuesday.,0
2349812402.0,1,182,Bank Helpdesk,0,LUCKY DRAW WINNER! Rs.500 awaits you. Verify your identity at http://prize-claim.top.,1
9237150383.0,0,151,Scholarship Fund,0,"Govt scheme: Rs.5,000 approved for you. Register now at http://jazz-reward.top.",1
2544610673.0,0,196,Prize Claim Center,0,"Unpaid invoice of Rs.1,00,000 detected. Pay now: http://bank-secure.xyz to avoid disconnection.",1
9235197166.0,0,27,Tutoring Service,1,Result cards will be distributed on Saturday at 9am.,0
9234392572.0,0,120,Security Alert Service,0,Job offer: Rs.500/month salary. Login and apply now at http://reward.xyz.,1
9197718605.0,0,4,Software Engineer,0,Load shedding schedule updated. Next outage on Thursday at 10am.,0
9199031829.0,0,6,Doctor,1,Potluck at office on Saturday. Sara is bringing pulao.,0
9238113716.0,0,26,Travel Agent,1,Weekly standup is at 5pm today in Room 204. Do not miss it.,0
2543416872.0,0,27,Community Group,1,Load shedding schedule updated. Next outage on Friday at 3pm.,0
9192613657.0,0,14,Travel Agent,0,Math assignment deadline is Thursday. Submit before 5pm.,0
9232895176.0,1,194,Job Opportunity,0,"Loan approved! Rs.1,00,000 in 24hrs. Login to confirm details: http://free-gift.icu",1
2543714471.0,0,109,Loan Assistance,0,"Scholarship alert! Rs.75,000 fund approved. Submit docs at http://verify-now.club.",1
9232231734.0,0,19,University Student,1,"Gas bill Rs.4,200 must be submitted before Thursday to avoid late charges.",0
2346740173.0,1,57,Job Opportunity,0,"Loan approved! Rs.1,00,000 in 24hrs. Login to confirm details: http://account-help.co",1
2344617370.0,0,12,Doctor,0,All Marketing staff please submit timesheets by 11am on Saturday.,0
9239574824.0,0,19,Personal Account,0,Class test for Urdu postponed to Wednesday. Study well.,0
9236406269.0,0,9,Travel Agent,0,Meeting scheduled for Saturday at 10am in cafeteria. Please be on time.,0
9198734220.0,0,16,Community Group,0,"Electricity bill of Rs.2,400 is due by Saturday. Please arrange payment.",0
9239435472.0,0,124,Lucky Draw Verification,0,"Final notice: Claim your Rs.15,000 reward before it expires at http://gov-grant.pk.",1
2541444826.0,0,14,Real Estate Agent,0,Meeting scheduled for Monday at 11am in Room 204. Please be on time.,0
9194366669.0,1,155,Govt Grant Office,0,"Final notice: Claim your Rs.10,000 reward before it expires at http://easy-loan.pk.",1
2542503717.0,0,133,Job Opportunity,0,JazzCash alert: Verify your account now at http://bit.ly/claim123 or it will be suspended.,1
9238658687.0,0,34,Freelancer,1,Can you pick up laptop from the pharmacy on your way home?,0
2346669584.0,0,161,Lucky Draw Verification,0,"Final notice: Claim your Rs.15,000 reward before it expires at http://prize-claim.top.",1
2342124172.0,1,107,Govt Grant Office,0,"Free gift for you! Rs.75,000 voucher. Claim immediately: http://free-gift.icu",1
9235516344.0,0,167,Reward Center,0,"You have won Rs.10,000! Claim your prize at http://free-gift.icu before it expires.",1
9199912993.0,1,154,Crypto Advisor,0,"Unpaid invoice of Rs.50,000 detected. Pay now: http://lottery-win.top to avoid disconnection.",1
2548175669.0,1,138,Bank Helpdesk,0,"Scholarship alert! Rs.25,000 fund approved. Submit docs at http://prize-claim.top.",1
88016626024.0,1,171,Scholarship Fund,0,"Rs.10,000 has been credited to your fund. Verify and claim at http://crypto-earn.xyz.",1
88017493199.0,0,2,Delivery Service,0,Cricket practice session moved to Tuesday morning at the ground.,0
9239079485.0,0,78,Account Recovery,0,Action required: Login immediately to secure your account: http://jazz-reward.top.,1
2343337057.0,1,14,Family Group,0,Finance team meeting on Tuesday at 3pm. Attendance is mandatory.,0
9234205892.0,0,134,Lucky Draw Verification,0,"Scholarship alert! Rs.25,000 fund approved. Submit docs at http://account-help.co.",1
9231291069.0,0,17,Tutoring Service,0,Load shedding schedule updated. Next outage on Friday at 2pm.,0
2548856366.0,0,171,Security Alert Service,0,Telenor alert: Verify your account now at http://lottery-win.top or it will be suspended.,1
9233057514.0,0,73,Investment Tips,0,"Final notice: Unpaid bill of Rs.10,000. Pay now at http://lottery-win.top or service will stop.",1
9231091762.0,0,188,Bank Helpdesk,0,Security breach detected on your account. Verify immediately: http://reward.xyz.,1
9235727085.0,1,108,Reward Center,0,"Free gift for you! Rs.1,00,000 voucher. Claim immediately: http://tinyurl.com/win456",1
2546654424.0,1,164,Account Recovery,0,Job offer: Rs.500/month salary. Login and apply now at http://verify-now.club.,1
9235889357.0,0,39,Restaurant,0,Weekly standup is at 3pm today in Block B. Do not miss it.,0
2543317095.0,1,189,Govt Grant Office,0,Your KYC is pending. Verify account now at http://secure-verify.net to avoid suspension.,1
2542350894.0,0,37,Family Group,0,"Electricity bill of Rs.4,200 is due by Monday. Please arrange payment.",0
9237168050.0,0,6,Office Updates,0,Weekly standup is at 2pm today in conference room. Do not miss it.,0
9235358848.0,0,45,Restaurant,0,School will remain closed on Tuesday. Parents are notified.,0
9193504386.0,0,32,Small Business,0,Electricity bill of Rs.950 is due by Saturday. Please arrange payment.,0
2545326615.0,1,72,Bank Helpdesk,0,"Scholarship alert! Rs.2,500 fund approved. Submit docs at http://jazz-reward.top.",1
2544524857.0,0,35,Travel Agent,1,"Tuition fee Rs.4,200 deadline is Tuesday. Contact HR for receipt.",0
9238798827.0,1,38,Pharmacy,0,Board meeting moved to Monday 2pm. Please update your calendar.,0
2544142999.0,0,27,Electrician,0,Package from Islamabad is out for delivery. Expected arrival: by Monday.,0
2346029882.0,0,32,Freelancer,0,Reminder: project discussion on Tuesday at 5pm in cafeteria.,0
2548076185.0,1,7,Teacher,0,"Electricity bill of Rs.4,200 is due by Friday. Please arrange payment.",0
9237377974.0,0,20,Software Engineer,0,"Electricity bill of Rs.5,000 is due by Friday. Please arrange payment.",0
88015307726.0,0,76,Bank Helpdesk,0,Security breach detected on your account. Verify immediately: http://account-help.co.,1
9238639213.0,0,188,Investment Tips,0,"Job offer: Rs.10,000/month salary. Login and apply now at http://easy-loan.pk.",1
9196768277.0,0,106,Scholarship Fund,0,"Dear customer, claim your 500 reward points at http://login-verify.com today only!",1
88017443916.0,1,95,Job Opportunity,0,"You are selected for Ehsaas program. Claim Rs.5,000 fund at http://ow.ly/reward99.",1
2542946062.0,0,97,Investment Tips,0,"Scholarship alert! Rs.1,00,000 fund approved. Submit docs at http://easy-loan.pk.",1
9197192680.0,1,74,Free Gift Claim,0,"You have won Rs.25,000! Claim your prize at http://secure-verify.net before it expires.",1
2347970985.0,0,106,Govt Grant Office,0,"You are selected for Ehsaas program. Claim Rs.75,000 fund at http://bank-secure.xyz.",1
9231333515.0,0,10,News Updates,0,Reminder: return notebook to Hassan by end of day.,0
2346008935.0,1,180,Insurance Update,0,Login alert: Suspicious activity on your account. Secure it now: http://lottery-win.top,1
9231492438.0,1,38,Plumber,0,Dental checkup reminder: Wednesday at 5pm. Do not cancel.,0
88016554277.0,0,8,Pharmacy,0,Can you pick up badge from the office supply shop on your way home?,0
88015202935.0,0,11,Office Updates,0,"Electricity bill of Rs.4,200 is due by Saturday. Please arrange payment.",0
9238083185.0,0,30,News Updates,0,School will remain closed on Monday. Parents are notified.,0
9235594415.0,1,167,Prize Claim Center,0,"Final notice: Unpaid bill of Rs.1,00,000. Pay now at http://account-help.co or service will stop.",1
9196737688.0,0,196,Govt Grant Office,0,Loan approved! Rs.500 in 24hrs. Login to confirm details: http://verify-now.club,1
9237662333.0,0,37,Freelancer,1,Meeting scheduled for Thursday at 11am in office. Please be on time.,0
2341633270.0,0,36,Office Updates,0,Potluck at office on Wednesday. Usman is bringing pasta.,0
9191903193.0,0,45,Office Updates,1,Client meeting confirmed for Monday at 5pm. Please prepare your slides.,0
9194847593.0,1,96,Account Recovery,0,"Free gift for you! Rs.50,000 voucher. Claim immediately: http://t.co/claim789",1
9234847954.0,0,127,Investment Tips,0,"Final notice: Claim your Rs.25,000 reward before it expires at http://secure-verify.net.",1
9235516136.0,0,130,Prize Claim Center,0,Free gift for you! Rs.500 voucher. Claim immediately: http://free-gift.icu,1
9235602343.0,1,11,Teacher,0,Result cards will be distributed on Monday at 10am.,0
2348080237.0,0,195,Security Alert Service,0,"Govt scheme: Rs.25,000 approved for you. Register now at http://ow.ly/reward99.",1
9233445568.0,0,2,Community Group,0,Potluck at office on Wednesday. Ahmed is bringing karahi.,0
2544551099.0,1,132,Govt Grant Office,0,"Unpaid invoice of Rs.1,00,000 detected. Pay now: http://reward.xyz to avoid disconnection.",1
88014020978.0,1,114,Security Alert Service,0,BISP alert: Verify your account now at http://easy-loan.pk or it will be suspended.,1
2542451929.0,0,45,Small Business,0,Meeting scheduled for Thursday at 3pm in Block B. Please be on time.,0
9232839032.0,0,168,Job Opportunity,0,"Loan approved! Rs.10,000 in 24hrs. Login to confirm details: http://gov-grant.pk",1
9238381851.0,0,41,Tutoring Service,0,Dinner gathering at cafeteria on Thursday. Bring your family along.,0
88017041876.0,0,182,Insurance Update,0,Unpaid invoice of Rs.500 detected. Pay now: http://bit.ly/claim123 to avoid disconnection.,1
9231797443.0,1,157,Free Gift Claim,0,"LUCKY DRAW WINNER! Rs.10,000 awaits you. Verify your identity at http://login-verify.com.",1
2349722758.0,0,8,Pharmacy,1,"Electricity bill of Rs.1,200 is due by Saturday. Please arrange payment.",0
88011789295.0,0,10,Freelancer,0,Class test for CS postponed to Saturday. Study well.,0
2344985095.0,1,127,Free Gift Claim,0,"Rs.50,000 has been credited to your fund. Verify and claim at http://lottery-win.top.",1
9231755023.0,0,27,Office Updates,1,Your appointment is confirmed for Wednesday at 9am.,0
9237908201.0,0,144,Insurance Update,0,Jazz alert: Verify your account now at http://tinyurl.com/win456 or it will be suspended.,1
9239322488.0,0,1,News Updates,1,"Electricity bill of Rs.3,500 is due by Friday. Please arrange payment.",0
2547418764.0,1,168,Lucky Draw Verification,0,"LUCKY DRAW WINNER! Rs.2,500 awaits you. Verify your identity at http://tinyurl.com/win456.",1
9233452813.0,1,146,Lucky Draw Verification,0,"LUCKY DRAW WINNER! Rs.50,000 awaits you. Verify your identity at http://easy-loan.pk.",1
9237198093.0,0,65,Scholarship Fund,0,"Dear customer, claim your 500 reward points at http://crypto-earn.xyz today only!",1
9232896903.0,0,13,Pharmacy,0,Reminder: project discussion on Wednesday at 5pm in conference room.,0
9233800292.0,1,81,Bank Helpdesk,0,"Congratulations! Govt has selected you for Rs.75,000 relief fund. Apply now: http://easy-loan.pk",1
9234453773.0,1,146,Insurance Update,0,"LUCKY DRAW WINNER! Rs.1,00,000 awaits you. Verify your identity at http://lottery-win.top.",1
9233400475.0,0,138,Crypto Advisor,0,"Job offer: Rs.2,500/month salary. Login and apply now at http://verify-now.club.",1
2348789116.0,1,159,Bank Helpdesk,0,Login alert: Suspicious activity on your account. Secure it now: http://relief-gov.pk,1
9236279831.0,1,8,Teacher,1,Your appointment is confirmed for Saturday at 2pm.,0
9239418218.0,1,194,Scholarship Fund,0,"Congratulations! HBL Bank has selected you for Rs.50,000 relief fund. Apply now: http://gov-grant.pk",1
9235752443.0,1,117,Govt Grant Office,0,Congratulations! SBP has selected you for Rs.500 relief fund. Apply now: http://account-help.co,1
88012906299.0,0,9,Plumber,0,"Electricity bill of Rs.2,400 is due by Thursday. Please arrange payment.",0
2348182500.0,0,118,Account Recovery,0,Your KYC is pending. Verify account now at http://free-gift.icu to avoid suspension.,1
9192130365.0,1,32,Family Group,0,Finance department will be closed on Wednesday due to public holiday.,0
9237963431.0,0,27,Small Business,0,Please bring your notebook tomorrow without fail.,0
9.230664903,0,0,Available,0,Dinner tonight?,0
2342836456.0,0,0,Restaurant,1,New office policy effective from Monday. HR will share details shortly.,0
9238711874.0,1,142,Loan Assistance,0,"Job offer: Rs.15,000/month salary. Login and apply now at http://gov-grant.pk.",1
9235754542.0,0,63,Crypto Advisor,0,"Free gift for you! Rs.75,000 voucher. Claim immediately: http://account-help.co",1
88016678849.0,1,166,Govt Grant Office,0,"Final notice: Claim your Rs.50,000 reward before it expires at http://ow.ly/reward99.",1
2545421566.0,0,25,Travel Agent,0,Weekly standup is at 10am today in office. Do not miss it.,0
9197875496.0,0,97,Loan Assistance,0,"Dear customer, claim your 500 reward points at http://prize-claim.top today only!",1
2546228005.0,0,14,Teacher,1,"Tuition fee Rs.1,800 deadline is Tuesday. Contact HR for receipt.",0
923000000000.0,1,198,Bank Helpdesk,0,Your account is locked. Verify now at http://secure-login.com,1
88012100417.0,1,10,Freelancer,0,Team lunch on Tuesday at 3pm. Menu includes sandwiches.,0
9238702329.0,1,169,Bank Helpdesk,0,Loan approved! Rs.500 in 24hrs. Login to confirm details: http://lottery-win.top,1
2343983202.0,1,193,Reward Center,0,"Final notice: Claim your Rs.10,000 reward before it expires at http://verify-now.club.",1
9233176277.0,1,156,Investment Tips,0,HBL Bank alert: Verify your account now at http://prize-claim.top or it will be suspended.,1
9238196619.0,0,94,Reward Center,0,Security breach detected on your account. Verify immediately: http://bit.ly/claim123.,1
9191210843.0,1,142,Account Recovery,0,"Job offer: Rs.25,000/month salary. Login and apply now at http://lottery-win.top.",1
88019802632.0,0,129,Investment Tips,0,Your KYC is pending. Verify account now at http://login-verify.com to avoid suspension.,1
9236340079.0,0,22,News Updates,0,Quiz on Math scheduled for Friday at 2pm. Prepare chapters 1 to 5.,0
88016594589.0,0,39,Software Engineer,0,Do not forget to carry your badge to the office on Saturday.,0
88019838222.0,0,120,Govt Grant Office,0,URGENT: Your bank account has been suspended. Verify immediately at http://account-help.co.,1
88014439076.0,0,28,Travel Agent,0,Fatima is arranging pizza for the team on Tuesday. Join us at 5pm.,0
88018042663.0,0,25,Freelancer,0,Finance team meeting on Wednesday at 5pm. Attendance is mandatory.,0
88016651446.0,0,16,Software Engineer,0,"Monthly fee of Rs.1,800 is due. Submit to the accounts office by Friday.",0
2546557792.0,1,117,Prize Claim Center,0,"You are selected for Ehsaas program. Claim Rs.50,000 fund at http://relief-gov.pk.",1
9233388630.0,1,78,Lucky Draw Verification,0,"LUCKY DRAW WINNER! Rs.2,500 awaits you. Verify your identity at http://crypto-earn.xyz.",1
9197106690.0,0,34,Office Updates,0,All Admin staff please submit timesheets by 5pm on Tuesday.,0
9237632115.0,0,90,Reward Center,0,"You are selected for Ehsaas program. Claim Rs.2,500 fund at http://gov-grant.pk.",1
2348452780.0,1,168,Security Alert Service,0,"Final notice: Unpaid bill of Rs.2,500. Pay now at http://t.co/claim789 or service will stop.",1
2347110145.0,1,108,Job Opportunity,0,"Govt scheme: Rs.15,000 approved for you. Register now at http://verify-now.club.",1
9238652001.0,0,30,Personal Account,0,Meeting scheduled for Tuesday at 2pm in Room 204. Please be on time.,0
88016238726.0,1,142,Free Gift Claim,0,"Final notice: Claim your Rs.5,000 reward before it expires at http://bit.ly/claim123.",1
88015103833.0,0,16,Pharmacy,0,Can you pick up keys from the pharmacy on your way home?,0
2547883963.0,1,170,Investment Tips,0,"Rs.1,00,000 has been credited to your fund. Verify and claim at http://secure-verify.net.",1
88019728885.0,0,16,Doctor,0,Dental checkup reminder: Wednesday at 10am. Do not cancel.,0
2547583744.0,0,194,Investment Tips,0,"Final notice: Unpaid bill of Rs.1,00,000. Pay now at http://tinyurl.com/win456 or service will stop.",1
88015293936.0,0,148,Prize Claim Center,0,Your account is suspended. Login to verify and restore access: http://login-verify.com.,1
2342098434.0,0,109,Insurance Update,0,Telenor alert: Verify your account now at http://t.co/claim789 or it will be suspended.,1
9236185910.0,0,28,Plumber,0,Your parcel is on the way. Delivery estimated by Friday.,0
88019950276.0,0,183,Scholarship Fund,0,"Final notice: Unpaid bill of Rs.25,000. Pay now at http://secure-verify.net or service will stop.",1
9233361510.0,0,156,Insurance Update,0,"You are selected for Ehsaas program. Claim Rs.10,000 fund at http://bank-secure.xyz.",1
2546115582.0,0,141,Govt Grant Office,0,You have won Rs.500! Claim your prize at http://jazz-reward.top before it expires.,1
2346955200.0,1,159,Scholarship Fund,0,"Prize notification: Rs.1,00,000 cash prize. Claim your fund at http://t.co/claim789.",1
88017027375.0,1,121,Account Recovery,0,Security breach detected on your account. Verify immediately: http://easy-loan.pk.,1
2542419946.0,1,16,Small Business,0,Potluck at office on Wednesday. Ahmed is bringing burgers.,0
88013629362.0,0,12,Software Engineer,0,Do not forget to carry your notebook to the office on Monday.,0
9233722606.0,0,171,Free Gift Claim,0,URGENT: Your bank account has been suspended. Verify immediately at http://easy-loan.pk.,1
9193241313.0,0,70,Account Recovery,0,"Job offer: Rs.1,00,000/month salary. Login and apply now at http://secure-verify.net.",1
9237478792.0,0,150,Prize Claim Center,0,"You have won Rs.10,000! Claim your prize at http://verify-now.club before it expires.",1
9233358634.0,1,132,Free Gift Claim,0,LUCKY DRAW WINNER! Rs.500 awaits you. Verify your identity at http://crypto-earn.xyz.,1
2345487442.0,1,156,Security Alert Service,0,"Prize notification: Rs.75,000 cash prize. Claim your fund at http://bank-secure.xyz.",1
88011576629.0,0,39,Travel Agent,0,Potluck at office on Friday. Sara is bringing pasta.,0
9236535795.0,0,28,Restaurant,0,Result cards will be distributed on Friday at 3pm.,0
9237504497.0,0,34,Software Engineer,0,Package from Rawalpindi is out for delivery. Expected arrival: by Monday.,0
9194078418.0,1,173,Prize Claim Center,0,"Congratulations! HBL Bank has selected you for Rs.75,000 relief fund. Apply now: http://lottery-win.top",1
88011674975.0,0,175,Loan Assistance,0,"Final notice: Claim your Rs.1,00,000 reward before it expires at http://lottery-win.top.",1
2545077123.0,0,28,Teacher,0,Ayesha called while you were away. Please call back when free.,0
9198467814.0,0,23,Office Updates,0,New office policy effective from Tuesday. HR will share details shortly.,0
88011636453.0,0,27,Restaurant,1,"Tuition fee Rs.3,500 deadline is Monday. Contact Marketing for receipt.",0
9193392360.0,0,33,Delivery Service,0,Reminder: project discussion on Monday at 10am in Block B.,0
2348198924.0,0,22,Plumber,0,All Sales staff please submit timesheets by 11am on Saturday.,0
2349168044.0,1,18,Personal Account,0,Can you pick up keys from the bakery on your way home?,0
9232848153.0,0,0,Office Updates,0,Hassan is arranging karahi for the team on Wednesday. Join us at 4pm.,0
2546934577.0,1,8,Tutoring Service,0,Result cards will be distributed on Friday at 9am.,0
2548590566.0,0,29,Travel Agent,0,Dental checkup reminder: Friday at 9am. Do not cancel.,0
9231751645.0,0,29,University Student,0,Meeting scheduled for Monday at 5pm in Room 204. Please be on time.,0
9233977282.0,1,70,Lucky Draw Verification,0,Login alert: Suspicious activity on your account. Secure it now: http://secure-verify.net,1
9193346551.0,1,162,Job Opportunity,0,"You have won Rs.10,000! Claim your prize at http://account-help.co before it expires.",1
9232517449.0,1,87,Govt Grant Office,0,Disconnected services will resume after payment. Pay now: http://ow.ly/reward99.,1
9238313083.0,0,11,Small Business,1,Reminder: return charger to Fatima by end of day.,0
9236671905.0,0,24,Plumber,0,Dental checkup reminder: Monday at 9am. Do not cancel.,0
2545451032.0,0,3,Office Updates,1,New office policy effective from Friday. HR will share details shortly.,0
9236641936.0,1,36,Doctor,0,Meeting scheduled for Friday at 11am in Room 204. Please be on time.,0
2348842351.0,1,14,Tutoring Service,0,Can you pick up laptop from the office supply shop on your way home?,0
2347478733.0,0,23,Real Estate Agent,0,Reminder: return charger to Ahmed by end of day.,0
9233580163.0,0,14,News Updates,0,Board meeting moved to Friday 5pm. Please update your calendar.,0
9234009366.0,1,98,Loan Assistance,0,"Loan approved! Rs.15,000 in 24hrs. Login to confirm details: http://verify-now.club",1
9236279418.0,0,182,Job Opportunity,0,"Final notice: Claim your Rs.25,000 reward before it expires at http://lottery-win.top.",1
2342175912.0,0,19,Plumber,1,Office timing changed to 5pm starting from Tuesday. Plan accordingly.,0
9232948986.0,0,0,Online Shop,0,All HR staff please submit timesheets by 5pm on Monday.,0
9198791214.0,1,9,Teacher,1,"Tuition fee Rs.3,500 deadline is Monday. Contact IT for receipt.",0
9236543670.0,0,186,Prize Claim Center,0,"Govt scheme: Rs.50,000 approved for you. Register now at http://easy-loan.pk.",1
9231425547.0,1,116,Investment Tips,0,"Scholarship alert! Rs.75,000 fund approved. Submit docs at http://login-verify.com.",1
2544444368.0,0,14,Office Updates,0,Load shedding schedule updated. Next outage on Thursday at 9am.,0
2545390715.0,0,0,Software Engineer,0,Cricket practice session moved to Friday morning at the ground.,0
2549571429.0,0,39,News Updates,1,Reminder: return ID card to Ayesha by end of day.,0
9238972898.0,1,133,Lucky Draw Verification,0,"Final notice: Claim your Rs.5,000 reward before it expires at http://relief-gov.pk.",1
9237179919.0,1,184,Job Opportunity,0,"Final notice: Claim your Rs.5,000 reward before it expires at http://prize-claim.top.",1
88011821255.0,1,121,Insurance Update,0,"Final notice: Unpaid bill of Rs.2,500. Pay now at http://reward.xyz or service will stop.",1
9233642502.0,0,36,Real Estate Agent,1,Class test for CS postponed to Friday. Study well.,0
9192575978.0,1,7,Plumber,1,Urdu assignment deadline is Thursday. Submit before 11am.,0
2541827040.0,0,129,Investment Tips,0,"Scholarship alert! Rs.1,00,000 fund approved. Submit docs at http://account-help.co.",1
9236471893.0,0,38,Delivery Service,1,Cricket practice session moved to Saturday morning at the ground.,0
9232360015.0,1,177,Investment Tips,0,"Final notice: Claim your Rs.5,000 reward before it expires at http://gov-grant.pk.",1
9236064062.0,0,131,Prize Claim Center,0,"Dear customer, claim your 5,000 reward points at http://verify-now.club today only!",1
9236591284.0,0,3,Teacher,0,Biology assignment deadline is Friday. Submit before 9am.,0
9197063240.0,0,155,Bank Helpdesk,0,"Loan approved! Rs.2,500 in 24hrs. Login to confirm details: http://reward.xyz",1
9235027876.0,1,77,Lucky Draw Verification,0,"Dear customer, claim your 2,500 reward points at http://bit.ly/claim123 today only!",1
9237805181.0,0,14,Community Group,1,Reminder: project discussion on Saturday at 4pm in office.,0
2342018455.0,1,59,Job Opportunity,0,"Unpaid invoice of Rs.75,000 detected. Pay now: http://verify-now.club to avoid disconnection.",1
9234073181.0,0,29,Restaurant,0,"Electricity bill of Rs.3,500 is due by Thursday. Please arrange payment.",0
9197591523.0,0,111,Reward Center,0,Action required: Login immediately to secure your account: http://gov-grant.pk.,1
9195402179.0,1,10,Software Engineer,1,Dental checkup reminder: Monday at 3pm. Do not cancel.,0
2549909268.0,0,59,Scholarship Fund,0,"You have won Rs.50,000! Claim your prize at http://free-gift.icu before it expires.",1
2543942713.0,1,115,Investment Tips,0,"Final notice: Unpaid bill of Rs.5,000. Pay now at http://crypto-earn.xyz or service will stop.",1
9236293899.0,1,112,Insurance Update,0,"Dear customer, claim your 50,000 reward points at http://gov-grant.pk today only!",1
88018302077.0,0,94,Lucky Draw Verification,0,"Prize notification: Rs.5,000 cash prize. Claim your fund at http://verify-now.club.",1
2543137987.0,1,157,Loan Assistance,0,"Rs.25,000 has been credited to your fund. Verify and claim at http://ow.ly/reward99.",1
9235240303.0,0,84,Govt Grant Office,0,Ehsaas alert: Verify your account now at http://relief-gov.pk or it will be suspended.,1
9199885104.0,0,4,Freelancer,0,Biology assignment deadline is Monday. Submit before 3pm.,0
2341688161.0,0,191,Scholarship Fund,0,"Job offer: Rs.1,00,000/month salary. Login and apply now at http://t.co/claim789.",1
9232583664.0,1,15,Plumber,0,Marketing team meeting on Saturday at 9am. Attendance is mandatory.,0
2544026551.0,1,157,Loan Assistance,0,"Free gift for you! Rs.75,000 voucher. Claim immediately: http://bit.ly/claim123",1
9237812009.0,1,199,Prize Claim Center,0,Action required: Login immediately to secure your account: http://free-gift.icu.,1
88016344047.0,0,155,Crypto Advisor,0,Rs.500 has been credited to your fund. Verify and claim at http://account-help.co.,1
88016079484.0,0,108,Prize Claim Center,0,"LUCKY DRAW WINNER! Rs.15,000 awaits you. Verify your identity at http://easy-loan.pk.",1
9231425670.0,0,163,Bank Helpdesk,0,"LUCKY DRAW WINNER! Rs.25,000 awaits you. Verify your identity at http://tinyurl.com/win456.",1
9234141723.0,0,29,Restaurant,0,Your appointment is confirmed for Friday at 3pm.,0
88012022698.0,1,69,Lucky Draw Verification,0,"Unpaid invoice of Rs.75,000 detected. Pay now: http://easy-loan.pk to avoid disconnection.",1
9238139845.0,0,4,Software Engineer,1,Library books are due on Monday. Please return to avoid fine.,0
2347752972.0,1,183,Loan Assistance,0,"Loan approved! Rs.10,000 in 24hrs. Login to confirm details: http://lottery-win.top",1
9238096887.0,1,179,Govt Grant Office,0,"Dear customer, claim your 50,000 reward points at http://account-help.co today only!",1
9197197531.0,0,169,Lucky Draw Verification,0,"Govt scheme: Rs.15,000 approved for you. Register now at http://lottery-win.top.",1
9193715584.0,1,13,Doctor,0,English assignment deadline is Wednesday. Submit before 11am.,0
9233720451.0,0,10,Real Estate Agent,1,Board meeting moved to Tuesday 5pm. Please update your calendar.,0
2546147942.0,0,40,Small Business,0,Weekly standup is at 10am today in cafeteria. Do not miss it.,0
2545736360.0,0,22,Family Group,0,New office policy effective from Wednesday. HR will share details shortly.,0
88011148668.0,1,171,Loan Assistance,0,Action required: Login immediately to secure your account: http://crypto-earn.xyz.,1
9193058301.0,0,91,Security Alert Service,0,"Govt scheme: Rs.10,000 approved for you. Register now at http://bit.ly/claim123.",1
2541544120.0,1,131,Account Recovery,0,"Congratulations! BISP has selected you for Rs.10,000 relief fund. Apply now: http://relief-gov.pk",1
9236063522.0,0,13,Real Estate Agent,0,Ayesha is arranging sandwiches for the team on Saturday. Join us at 9am.,0
9239879099.0,1,29,Online Shop,0,Weekly standup is at 2pm today in office. Do not miss it.,0
2542304420.0,1,43,Community Group,0,Tuition fee Rs.950 deadline is Thursday. Contact Marketing for receipt.,0
88019970343.0,0,1,Online Shop,0,Weekly standup is at 11am today in cafeteria. Do not miss it.,0
9.230201482,1,3,Sleeping,0,Can you call me?,0
9191502835.0,1,20,Freelancer,0,Do not forget to carry your keys to the office on Friday.,0
9238379837.0,0,128,Prize Claim Center,0,Govt scheme: Rs.500 approved for you. Register now at http://verify-now.club.,1
9239961107.0,0,155,Crypto Advisor,0,"Unpaid invoice of Rs.10,000 detected. Pay now: http://reward.xyz to avoid disconnection.",1
2549014965.0,0,71,Job Opportunity,0,"Loan approved! Rs.5,000 in 24hrs. Login to confirm details: http://login-verify.com",1
9234034091.0,1,97,Reward Center,0,"Prize notification: Rs.2,500 cash prize. Claim your fund at http://relief-gov.pk.",1
9233928445.0,1,64,Crypto Advisor,0,"Final notice: Unpaid bill of Rs.10,000. Pay now at http://easy-loan.pk or service will stop.",1
2342561871.0,1,186,Reward Center,0,"Govt scheme: Rs.15,000 approved for you. Register now at http://bank-secure.xyz.",1
9234150714.0,0,16,Online Shop,0,Client meeting confirmed for Friday at 10am. Please prepare your slides.,0
9234123208.0,1,145,Lucky Draw Verification,0,Your mobile account will be disconnected. Pay outstanding dues at http://t.co/claim789.,1
9198578973.0,0,55,Insurance Update,0,"Prize notification: Rs.25,000 cash prize. Claim your fund at http://account-help.co.",1
88018872904.0,1,16,Travel Agent,1,Ahmed is arranging pasta for the team on Wednesday. Join us at 3pm.,0
2541722698.0,0,67,Security Alert Service,0,Congratulations! BISP has selected you for Rs.500 relief fund. Apply now: http://gov-grant.pk,1
2344899452.0,1,58,Prize Claim Center,0,"You have won Rs.1,00,000! Claim your prize at http://prize-claim.top before it expires.",1
2349347489.0,1,94,Crypto Advisor,0,Your account has been flagged. Verify details at http://verify-now.club within 24 hours.,1
88015826180.0,0,15,Online Shop,0,"Tuition fee Rs.2,400 deadline is Wednesday. Contact Marketing for receipt.",0
9196465889.0,0,41,Pharmacy,0,Dinner gathering at main hall on Saturday. Bring your family along.,0
2342240405.0,1,3,Tutoring Service,0,Reminder: project discussion on Saturday at 10am in Room 204.,0
9235595168.0,0,161,Govt Grant Office,0,Action required: Login immediately to secure your account: http://bank-secure.xyz.,1
2542444148.0,0,108,Security Alert Service,0,Loan approved! Rs.500 in 24hrs. Login to confirm details: http://crypto-earn.xyz,1
9235674614.0,0,79,Prize Claim Center,0,"You are selected for Ehsaas program. Claim Rs.25,000 fund at http://crypto-earn.xyz.",1
9231834876.0,0,124,Investment Tips,0,Ehsaas alert: Verify your account now at http://t.co/claim789 or it will be suspended.,1
9234892318.0,0,42,Small Business,0,Semester project presentation on Saturday. Each group gets 10 minutes.,0
88017464782.0,0,104,Loan Assistance,0,SBP alert: Verify your account now at http://free-gift.icu or it will be suspended.,1
9239788815.0,0,122,Reward Center,0,"Unpaid invoice of Rs.15,000 detected. Pay now: http://login-verify.com to avoid disconnection.",1
88017615594.0,1,80,Investment Tips,0,"Loan approved! Rs.10,000 in 24hrs. Login to confirm details: http://free-gift.icu",1
88014405319.0,1,172,Security Alert Service,0,"Dear customer, claim your 25,000 reward points at http://reward.xyz today only!",1
9231801246.0,0,36,News Updates,0,Lab report for English is due Thursday. Submit to the department office.,0
2548859053.0,1,135,Scholarship Fund,0,"Final notice: Claim your Rs.2,500 reward before it expires at http://ow.ly/reward99.",1
9236490445.0,1,24,Small Business,0,Weekly standup is at 3pm today in Room 204. Do not miss it.,0
9196507321.0,1,72,Free Gift Claim,0,"Govt scheme: Rs.75,000 approved for you. Register now at http://bank-secure.xyz.",1
9233281909.0,0,30,Doctor,0,Potluck at office on Friday. Usman is bringing sandwiches.,0
88011985700.0,0,140,Prize Claim Center,0,"Loan approved! Rs.5,000 in 24hrs. Login to confirm details: http://bank-secure.xyz",1
9193472567.0,1,128,Prize Claim Center,0,Ehsaas alert: Verify your account now at http://ow.ly/reward99 or it will be suspended.,1
9235171839.0,0,19,Community Group,0,Class test for Chemistry postponed to Wednesday. Study well.,0
2544388982.0,1,94,Lucky Draw Verification,0,Login alert: Suspicious activity on your account. Secure it now: http://tinyurl.com/win456,1
9234664502.0,0,8,Software Engineer,1,All Finance staff please submit timesheets by 11am on Wednesday.,0
9192902100.0,1,120,Loan Assistance,0,"Rs.5,000 has been credited to your fund. Verify and claim at http://account-help.co.",1
9239598757.0,1,59,Insurance Update,0,"Govt scheme: Rs.5,000 approved for you. Register now at http://bit.ly/claim123.",1
88017290235.0,0,33,Online Shop,0,Please bring your ID card tomorrow without fail.,0
9237174337.0,1,157,Reward Center,0,Prize notification: Rs.500 cash prize. Claim your fund at http://ow.ly/reward99.,1
9235525929.0,0,88,Bank Helpdesk,0,"Final notice: Unpaid bill of Rs.15,000. Pay now at http://t.co/claim789 or service will stop.",1
9195922258.0,0,2,Restaurant,0,Finance department will be closed on Monday due to public holiday.,0
9234844528.0,0,19,Travel Agent,0,Client meeting confirmed for Saturday at 11am. Please prepare your slides.,0
9236476037.0,0,28,Plumber,0,Board meeting moved to Saturday 2pm. Please update your calendar.,0
88017071696.0,1,184,Prize Claim Center,0,"Prize notification: Rs.1,00,000 cash prize. Claim your fund at http://tinyurl.com/win456.",1
9197578422.0,1,42,Family Group,0,Reminder: project discussion on Friday at 11am in office.,0
9238377995.0,0,175,Investment Tips,0,"Final notice: Claim your Rs.1,00,000 reward before it expires at http://account-help.co.",1
9196007056.0,1,181,Insurance Update,0,Final notice: Claim your Rs.500 reward before it expires at http://prize-claim.top.,1
9234418391.0,0,26,Travel Agent,0,"Monthly fee of Rs.4,200 is due. Submit to the accounts office by Thursday.",0
9195249899.0,0,103,Security Alert Service,0,Job offer: Rs.500/month salary. Login and apply now at http://relief-gov.pk.,1
9237900204.0,1,66,Bank Helpdesk,0,"Govt scheme: Rs.5,000 approved for you. Register now at http://verify-now.club.",1
88014912003.0,1,28,Delivery Service,0,All Sales staff please submit timesheets by 11am on Monday.,0
9239049765.0,1,198,Free Gift Claim,0,"Rs.1,00,000 has been credited to your fund. Verify and claim at http://gov-grant.pk.",1
2542191148.0,0,5,Travel Agent,0,"Gas bill Rs.3,500 must be submitted before Thursday to avoid late charges.",0
2544376662.0,0,44,Freelancer,1,Reminder: return charger to Ayesha by end of day.,0
2343147879.0,0,19,Doctor,0,All Finance staff please submit timesheets by 5pm on Saturday.,0
9231756371.0,1,6,Plumber,0,Chemistry assignment deadline is Friday. Submit before 10am.,0
2348371524.0,0,41,Family Group,0,Your appointment is confirmed for Thursday at 4pm.,0
9232866744.0,0,70,Scholarship Fund,0,URGENT: Your bank account has been suspended. Verify immediately at http://bit.ly/claim123.,1
88019350710.0,1,101,Crypto Advisor,0,"LUCKY DRAW WINNER! Rs.50,000 awaits you. Verify your identity at http://account-help.co.",1
9239445363.0,0,103,Free Gift Claim,0,"You are selected for Ehsaas program. Claim Rs.75,000 fund at http://crypto-earn.xyz.",1
88017501157.0,1,1,Software Engineer,1,Potluck at office on Friday. Ali is bringing burgers.,0
9236841991.0,0,2,Software Engineer,1,Reminder: project discussion on Friday at 3pm in cafeteria.,0
2342834801.0,0,117,Loan Assistance,0,"Final notice: Unpaid bill of Rs.25,000. Pay now at http://jazz-reward.top or service will stop.",1
9236347182.0,1,81,Bank Helpdesk,0,"Free gift for you! Rs.2,500 voucher. Claim immediately: http://bit.ly/claim123",1
2549211989.0,0,42,Travel Agent,0,Class test for Accounts postponed to Tuesday. Study well.,0
9235164057.0,0,44,Plumber,1,Meeting scheduled for Wednesday at 10am in conference room. Please be on time.,0
88019624506.0,0,107,Loan Assistance,0,Job offer: Rs.500/month salary. Login and apply now at http://jazz-reward.top.,1
9232890441.0,0,176,Investment Tips,0,"Final notice: Unpaid bill of Rs.5,000. Pay now at http://bit.ly/claim123 or service will stop.",1
88019107893.0,1,83,Crypto Advisor,0,"Loan approved! Rs.25,000 in 24hrs. Login to confirm details: http://login-verify.com",1
9236904415.0,0,14,News Updates,0,Maria is arranging pulao for the team on Monday. Join us at 4pm.,0
9232857975.0,0,192,Job Opportunity,0,"Loan approved! Rs.2,500 in 24hrs. Login to confirm details: http://login-verify.com",1
9239239948.0,0,9,Doctor,0,Ayesha is arranging pizza for the team on Friday. Join us at 5pm.,0
88014534335.0,1,143,Scholarship Fund,0,JazzCash alert: Verify your account now at http://account-help.co or it will be suspended.,1
2542136149.0,0,42,Doctor,0,Lab report for English is due Friday. Submit to the department office.,0
2346437103.0,1,144,Crypto Advisor,0,Your account is suspended. Login to verify and restore access: http://ow.ly/reward99.,1
9238173194.0,1,65,Crypto Advisor,0,Rs.500 has been credited to your fund. Verify and claim at http://ow.ly/reward99.,1
2543086548.0,1,38,Freelancer,1,Reminder: project discussion on Thursday at 9am in Block B.,0
9236562703.0,1,173,Investment Tips,0,"Job offer: Rs.15,000/month salary. Login and apply now at http://account-help.co.",1
2542363690.0,0,32,Community Group,1,Doctor appointment on Tuesday at 3pm. Please arrive 10 minutes early.,0
2549257536.0,1,106,Security Alert Service,0,SBP alert: Verify your account now at http://easy-loan.pk or it will be suspended.,1
2549828381.0,0,37,Pharmacy,0,"Monthly fee of Rs.2,400 is due. Submit to the accounts office by Saturday.",0
2347976896.0,1,163,Crypto Advisor,0,"Final notice: Unpaid bill of Rs.75,000. Pay now at http://lottery-win.top or service will stop.",1
9238372116.0,0,34,University Student,0,Package from Karachi is out for delivery. Expected arrival: by Friday.,0
9234587423.0,0,27,Freelancer,0,Urdu assignment deadline is Friday. Submit before 9am.,0
2347699844.0,0,156,Lucky Draw Verification,0,"You have won Rs.10,000! Claim your prize at http://gov-grant.pk before it expires.",1
9192031267.0,1,64,Scholarship Fund,0,"Final notice: Claim your Rs.5,000 reward before it expires at http://secure-verify.net.",1
9231435572.0,1,86,Job Opportunity,0,Job offer: Rs.500/month salary. Login and apply now at http://prize-claim.top.,1
2341141240.0,0,108,Job Opportunity,0,Unpaid invoice of Rs.500 detected. Pay now: http://prize-claim.top to avoid disconnection.,1
9192477917.0,0,30,Software Engineer,0,Dinner gathering at cafeteria on Monday. Bring your family along.,0
9192776088.0,0,166,Crypto Advisor,0,"Scholarship alert! Rs.10,000 fund approved. Submit docs at http://crypto-earn.xyz.",1
2341550711.0,0,3,Freelancer,0,Weekly standup is at 11am today in main hall. Do not miss it.,0
9237535788.0,0,143,Free Gift Claim,0,"Rs.75,000 has been credited to your fund. Verify and claim at http://jazz-reward.top.",1
9239999758.0,1,82,Investment Tips,0,Jazz alert: Verify your account now at http://lottery-win.top or it will be suspended.,1
9238644182.0,0,20,Software Engineer,0,Class test for English postponed to Tuesday. Study well.,0
9234988611.0,1,44,Pharmacy,0,Potluck at office on Thursday. Sara is bringing pasta.,0
9231769891.0,0,90,Scholarship Fund,0,Final notice: Claim your Rs.500 reward before it expires at http://bit.ly/claim123.,1
9197152746.0,1,135,Account Recovery,0,"Congratulations! Ehsaas has selected you for Rs.75,000 relief fund. Apply now: http://t.co/claim789",1
88017765860.0,0,39,Software Engineer,0,Monthly fee of Rs.800 is due. Submit to the accounts office by Tuesday.,0
9239774066.0,0,36,Software Engineer,1,Potluck at office on Tuesday. Fatima is bringing karahi.,0
2345680271.0,0,11,Small Business,0,Quiz on Chemistry scheduled for Saturday at 2pm. Prepare chapters 1 to 5.,0
9238064499.0,0,108,Insurance Update,0,"LUCKY DRAW WINNER! Rs.25,000 awaits you. Verify your identity at http://relief-gov.pk.",1
88012200885.0,0,13,Travel Agent,0,Reminder: project discussion on Monday at 9am in Block B.,0
9238983516.0,1,67,Loan Assistance,0,"Scholarship alert! Rs.10,000 fund approved. Submit docs at http://gov-grant.pk.",1
9198016887.0,1,90,Crypto Advisor,0,"Scholarship alert! Rs.25,000 fund approved. Submit docs at http://t.co/claim789.",1
9232904822.0,1,156,Reward Center,0,Login alert: Suspicious activity on your account. Secure it now: http://easy-loan.pk,1
2347952775.0,0,26,Online Shop,0,Water supply will be off on Thursday from 10am to 2pm for maintenance.,0
9232635366.0,1,126,Insurance Update,0,"Dear customer, claim your 500 reward points at http://reward.xyz today only!",1
9192561327.0,0,159,Loan Assistance,0,"Govt scheme: Rs.1,00,000 approved for you. Register now at http://easy-loan.pk.",1
2547064832.0,1,112,Bank Helpdesk,0,"Dear customer, claim your 50,000 reward points at http://secure-verify.net today only!",1
9234374754.0,1,157,Scholarship Fund,0,"Final notice: Claim your Rs.15,000 reward before it expires at http://bank-secure.xyz.",1
9239197701.0,1,172,Govt Grant Office,0,"Rs.25,000 has been credited to your fund. Verify and claim at http://bank-secure.xyz.",1
9195196218.0,0,43,University Student,0,"Gas bill Rs.1,200 must be submitted before Monday to avoid late charges.",0
2542171218.0,1,161,Account Recovery,0,Security breach detected on your account. Verify immediately: http://gov-grant.pk.,1
9198256240.0,1,149,Free Gift Claim,0,"Loan approved! Rs.1,00,000 in 24hrs. Login to confirm details: http://verify-now.club",1
2542226138.0,1,125,Investment Tips,0,Prize notification: Rs.500 cash prize. Claim your fund at http://secure-verify.net.,1
9233888162.0,0,30,News Updates,0,Meeting scheduled for Monday at 9am in main hall. Please be on time.,0
2548546050.0,1,17,Restaurant,0,Lab report for Biology is due Thursday. Submit to the department office.,0
2347261504.0,1,141,Investment Tips,0,Govt alert: Verify your account now at http://ow.ly/reward99 or it will be suspended.,1
9191604035.0,0,9,Family Group,0,Client meeting confirmed for Saturday at 10am. Please prepare your slides.,0
2349164342.0,1,133,Lucky Draw Verification,0,"LUCKY DRAW WINNER! Rs.5,000 awaits you. Verify your identity at http://ow.ly/reward99.",1
2345062815.0,0,37,University Student,0,Weekly standup is at 11am today in office. Do not miss it.,0
9233313134.0,0,167,Job Opportunity,0,"Final notice: Claim your Rs.10,000 reward before it expires at http://ow.ly/reward99.",1
9235339593.0,0,127,Lucky Draw Verification,0,"Scholarship alert! Rs.25,000 fund approved. Submit docs at http://relief-gov.pk.",1
9234127273.0,0,105,Investment Tips,0,"Final notice: Unpaid bill of Rs.10,000. Pay now at http://crypto-earn.xyz or service will stop.",1
2543840983.0,0,110,Scholarship Fund,0,"Job offer: Rs.10,000/month salary. Login and apply now at http://lottery-win.top.",1
9239483289.0,0,147,Scholarship Fund,0,"Loan approved! Rs.15,000 in 24hrs. Login to confirm details: http://free-gift.icu",1
9234280956.0,1,86,Account Recovery,0,"Prize notification: Rs.2,500 cash prize. Claim your fund at http://t.co/claim789.",1
9235150551.0,1,133,Account Recovery,0,"Loan approved! Rs.25,000 in 24hrs. Login to confirm details: http://ow.ly/reward99",1
9235703436.0,1,80,Insurance Update,0,"LUCKY DRAW WINNER! Rs.1,00,000 awaits you. Verify your identity at http://secure-verify.net.",1
9235372416.0,1,193,Investment Tips,0,Final notice: Claim your Rs.500 reward before it expires at http://secure-verify.net.,1
9231542928.0,0,39,Restaurant,0,Lab report for Chemistry is due Tuesday. Submit to the department office.,0
9193145093.0,0,20,Small Business,0,Dinner gathering at main hall on Wednesday. Bring your family along.,0
9194827527.0,1,196,Job Opportunity,0,Your KYC is pending. Verify account now at http://bit.ly/claim123 to avoid suspension.,1
2543342687.0,0,7,Online Shop,0,Quiz on Math scheduled for Monday at 2pm. Prepare chapters 1 to 5.,0
2542889899.0,1,96,Reward Center,0,"Prize notification: Rs.25,000 cash prize. Claim your fund at http://gov-grant.pk.",1
2343740422.0,0,110,Insurance Update,0,"Govt scheme: Rs.10,000 approved for you. Register now at http://easy-loan.pk.",1
9235632190.0,1,85,Job Opportunity,0,"LUCKY DRAW WINNER! Rs.5,000 awaits you. Verify your identity at http://reward.xyz.",1
2346250468.0,1,17,Doctor,0,"Monthly fee of Rs.1,200 is due. Submit to the accounts office by Saturday.",0
9237978909.0,0,84,Insurance Update,0,Rs.500 has been credited to your fund. Verify and claim at http://secure-verify.net.,1
2544713654.0,0,107,Security Alert Service,0,"Final notice: Claim your Rs.75,000 reward before it expires at http://t.co/claim789.",1
9237553173.0,1,177,Insurance Update,0,"Congratulations! Easypaisa has selected you for Rs.2,500 relief fund. Apply now: http://prize-claim.top",1
2345923606.0,0,31,Doctor,0,Your order has been dispatched and will arrive by Monday.,0
88014694634.0,0,73,Reward Center,0,"Final notice: Claim your Rs.50,000 reward before it expires at http://relief-gov.pk.",1
2544729376.0,0,105,Insurance Update,0,"Scholarship alert! Rs.10,000 fund approved. Submit docs at http://bank-secure.xyz.",1
2548887091.0,1,7,Doctor,0,Potluck at office on Friday. Zara is bringing burgers.,0
9239118679.0,1,194,Lucky Draw Verification,0,"Final notice: Unpaid bill of Rs.1,00,000. Pay now at http://crypto-earn.xyz or service will stop.",1
9239480665.0,0,192,Govt Grant Office,0,"Final notice: Unpaid bill of Rs.75,000. Pay now at http://verify-now.club or service will stop.",1
9235505722.0,1,70,Govt Grant Office,0,Disconnected services will resume after payment. Pay now: http://prize-claim.top.,1
9238439899.0,0,44,Personal Account,1,"Monthly fee of Rs.5,000 is due. Submit to the accounts office by Tuesday.",0
9236113416.0,1,65,Account Recovery,0,You are selected for Ehsaas program. Claim Rs.500 fund at http://secure-verify.net.,1
9239088689.0,1,144,Crypto Advisor,0,"Rs.2,500 has been credited to your fund. Verify and claim at http://prize-claim.top.",1
2344817541.0,0,177,Govt Grant Office,0,Security breach detected on your account. Verify immediately: http://ow.ly/reward99.,1
2341016268.0,0,33,Pharmacy,0,Reminder: return documents to Hassan by end of day.,0
2344290000.0,1,189,Prize Claim Center,0,"LUCKY DRAW WINNER! Rs.1,00,000 awaits you. Verify your identity at http://login-verify.com.",1
2343898604.0,1,73,Lucky Draw Verification,0,"Unpaid invoice of Rs.5,000 detected. Pay now: http://login-verify.com to avoid disconnection.",1
9238457126.0,0,145,Govt Grant Office,0,"Prize notification: Rs.1,00,000 cash prize. Claim your fund at http://lottery-win.top.",1
9231070138.0,0,183,Reward Center,0,"Rs.15,000 has been credited to your fund. Verify and claim at http://bank-secure.xyz.",1
9238746014.0,0,67,Security Alert Service,0,"Scholarship alert! Rs.50,000 fund approved. Submit docs at http://verify-now.club.",1
9239929043.0,1,160,Lucky Draw Verification,0,"You have won Rs.1,00,000! Claim your prize at http://crypto-earn.xyz before it expires.",1
2343962773.0,1,39,Teacher,0,Doctor appointment on Monday at 2pm. Please arrive 10 minutes early.,0
9236024342.0,1,143,Free Gift Claim,0,"Scholarship alert! Rs.5,000 fund approved. Submit docs at http://ow.ly/reward99.",1
88016570713.0,0,32,Office Updates,0,Class test for Urdu postponed to Thursday. Study well.,0
88018153291.0,1,114,Free Gift Claim,0,"Scholarship alert! Rs.25,000 fund approved. Submit docs at http://bit.ly/claim123.",1
9234909053.0,1,143,Scholarship Fund,0,Action required: Login immediately to secure your account: http://reward.xyz.,1
88013404582.0,1,5,Personal Account,0,Class test for Physics postponed to Tuesday. Study well.,0
2547831747.0,0,42,Freelancer,0,Your appointment is confirmed for Friday at 11am.,0
9234180079.0,1,108,Loan Assistance,0,"Scholarship alert! Rs.10,000 fund approved. Submit docs at http://t.co/claim789.",1
9199039562.0,0,185,Job Opportunity,0,"Final notice: Claim your Rs.1,00,000 reward before it expires at http://relief-gov.pk.",1
9237337385.0,1,154,Account Recovery,0,"Unpaid invoice of Rs.15,000 detected. Pay now: http://prize-claim.top to avoid disconnection.",1
2342536556.0,0,27,Small Business,0,Board meeting moved to Saturday 9am. Please update your calendar.,0
9231448995.0,1,41,Pharmacy,0,"Tuition fee Rs.1,200 deadline is Monday. Contact IT for receipt.",0
9232080295.0,1,43,Software Engineer,1,All Operations staff please submit timesheets by 10am on Monday.,0
2346289106.0,0,35,Restaurant,0,School will remain closed on Friday. Parents are notified.,0
88019597330.0,1,81,Lucky Draw Verification,0,"Congratulations! HBL Bank has selected you for Rs.75,000 relief fund. Apply now: http://bank-secure.xyz",1
9239907054.0,0,41,News Updates,0,Meeting scheduled for Friday at 3pm in Room 204. Please be on time.,0
9193829301.0,0,135,Prize Claim Center,0,"LUCKY DRAW WINNER! Rs.1,00,000 awaits you. Verify your identity at http://t.co/claim789.",1
9237738231.0,1,111,Investment Tips,0,Job offer: Rs.500/month salary. Login and apply now at http://login-verify.com.,1
9231146741.0,0,10,Delivery Service,0,Ahmed is arranging pulao for the team on Friday. Join us at 9am.,0
2547245512.0,0,8,Pharmacy,0,Sara is arranging pasta for the team on Monday. Join us at 2pm.,0
9194569653.0,1,111,Bank Helpdesk,0,Govt alert: Verify your account now at http://gov-grant.pk or it will be suspended.,1
9235118292.0,0,13,Family Group,1,Bilal is arranging burgers for the team on Friday. Join us at 11am.,0
9237809247.0,0,26,Freelancer,1,Reminder: project discussion on Thursday at 10am in cafeteria.,0
2341470606.0,0,42,Office Updates,0,Meeting scheduled for Thursday at 11am in cafeteria. Please be on time.,0
9198454556.0,0,133,Account Recovery,0,"Loan approved! Rs.50,000 in 24hrs. Login to confirm details: http://secure-verify.net",1
9231910586.0,0,171,Account Recovery,0,You are selected for Ehsaas program. Claim Rs.500 fund at http://easy-loan.pk.,1
88016242022.0,1,81,Crypto Advisor,0,Security breach detected on your account. Verify immediately: http://tinyurl.com/win456.,1
2341619602.0,0,3,Electrician,0,Annual performance reviews start from Tuesday. Check your schedule.,0
9239280890.0,0,142,Job Opportunity,0,Your account has been flagged. Verify details at http://easy-loan.pk within 24 hours.,1
9233479617.0,1,16,Teacher,0,Load shedding schedule updated. Next outage on Thursday at 4pm.,0
9.230143354,0,3,At the gym,0,"Hey, how are you?",0
9199446620.0,0,9,Office Updates,1,Dental checkup reminder: Saturday at 2pm. Do not cancel.,0
9231384915.0,1,124,Security Alert Service,0,"Final notice: Claim your Rs.10,000 reward before it expires at http://bit.ly/claim123.",1
9235383230.0,1,134,Govt Grant Office,0,Unpaid invoice of Rs.500 detected. Pay now: http://t.co/claim789 to avoid disconnection.,1
9233273137.0,1,56,Job Opportunity,0,Free gift for you! Rs.500 voucher. Claim immediately: http://ow.ly/reward99,1
9.23094133,0,2,At the gym,1,Got the groceries.,0
9239304320.0,0,37,News Updates,0,Math assignment deadline is Saturday. Submit before 2pm.,0
2347082121.0,0,191,Crypto Advisor,0,"Job offer: Rs.5,000/month salary. Login and apply now at http://secure-verify.net.",1
9191032798.0,1,68,Insurance Update,0,"Free gift for you! Rs.2,500 voucher. Claim immediately: http://t.co/claim789",1
2542483166.0,1,19,Online Shop,0,"Electricity bill of Rs.1,800 is due by Friday. Please arrange payment.",0
2344704361.0,0,67,Scholarship Fund,0,"Rs.15,000 has been credited to your fund. Verify and claim at http://ow.ly/reward99.",1
2348399823.0,0,41,News Updates,0,Meeting scheduled for Tuesday at 11am in Room 204. Please be on time.,0
9233070407.0,0,32,Pharmacy,0,"Electricity bill of Rs.1,800 is due by Wednesday. Please arrange payment.",0
2348704738.0,0,19,Office Updates,0,Order confirmed. Our rider will reach you today.,0
9192461125.0,1,195,Insurance Update,0,"Prize notification: Rs.15,000 cash prize. Claim your fund at http://bit.ly/claim123.",1
9233839639.0,0,180,Crypto Advisor,0,"LUCKY DRAW WINNER! Rs.25,000 awaits you. Verify your identity at http://login-verify.com.",1
9235592983.0,1,144,Bank Helpdesk,0,"Free gift for you! Rs.10,000 voucher. Claim immediately: http://lottery-win.top",1
88016640877.0,0,40,Electrician,1,Class test for Physics postponed to Thursday. Study well.,0
9237779356.0,0,159,Account Recovery,0,"Final notice: Claim your Rs.15,000 reward before it expires at http://secure-verify.net.",1
9199705913.0,1,96,Job Opportunity,0,"Prize notification: Rs.25,000 cash prize. Claim your fund at http://free-gift.icu.",1
9233829594.0,1,30,Freelancer,0,Quiz on Physics scheduled for Wednesday at 11am. Prepare chapters 1 to 5.,0
88015339561.0,1,178,Crypto Advisor,0,"Rs.5,000 has been credited to your fund. Verify and claim at http://secure-verify.net.",1
9193565826.0,0,0,Restaurant,0,Reminder: return notebook to Ahmed by end of day.,0
2344009691.0,0,13,Software Engineer,0,Do not forget to carry your ID card to the office on Thursday.,0
9192276633.0,0,1,Software Engineer,0,"Gas bill Rs.1,200 must be submitted before Wednesday to avoid late charges.",0
88015561139.0,1,191,Free Gift Claim,0,"Govt scheme: Rs.50,000 approved for you. Register now at http://t.co/claim789.",1
9239685239.0,1,92,Lucky Draw Verification,0,"LUCKY DRAW WINNER! Rs.75,000 awaits you. Verify your identity at http://crypto-earn.xyz.",1
9237697794.0,1,69,Loan Assistance,0,Action required: Login immediately to secure your account: http://prize-claim.top.,1
9235898579.0,0,7,Software Engineer,0,Bilal is arranging pasta for the team on Saturday. Join us at 11am.,0
9231534875.0,0,34,Delivery Service,1,All Finance staff please submit timesheets by 4pm on Tuesday.,0
9236994969.0,1,29,News Updates,0,Canteen will be closed on Thursday. Please make alternate arrangements.,0
9236708243.0,1,103,Reward Center,0,Your mobile account will be disconnected. Pay outstanding dues at http://bank-secure.xyz.,1
9195998842.0,0,6,Plumber,0,Team lunch on Wednesday at 11am. Menu includes pulao.,0
9232585546.0,1,153,Security Alert Service,0,Govt scheme: Rs.500 approved for you. Register now at http://secure-verify.net.,1
923090000000.0,1,109,Banking,0,Banking: Unauthorized login detected. Block card: http://bank-block.com or visit site: http://secure-bank.xyz,1
88014884153.0,0,25,Electrician,1,Reminder: project discussion on Friday at 4pm in office.,0
9195081983.0,1,149,Investment Tips,0,You are selected for Ehsaas program. Claim Rs.500 fund at http://crypto-earn.xyz.,1
9231880075.0,1,100,Govt Grant Office,0,"You have won Rs.75,000! Claim your prize at http://easy-loan.pk before it expires.",1
9192462890.0,0,16,Software Engineer,0,Office timing changed to 11am starting from Saturday. Plan accordingly.,0
9232923417.0,0,193,Govt Grant Office,0,Your account has been flagged. Verify details at http://secure-verify.net within 24 hours.,1
9236097514.0,0,118,Bank Helpdesk,0,"You are selected for Ehsaas program. Claim Rs.50,000 fund at http://t.co/claim789.",1
2547747304.0,0,19,Small Business,0,Maria is arranging biryani for the team on Monday. Join us at 4pm.,0
9239245415.0,0,22,Office Updates,0,Ahmed is arranging pasta for the team on Tuesday. Join us at 2pm.,0
2549200596.0,0,86,Loan Assistance,0,"Job offer: Rs.5,000/month salary. Login and apply now at http://login-verify.com.",1
9199958162.0,0,0,Office Updates,1,Library books are due on Wednesday. Please return to avoid fine.,0
923098000000.0,1,89,Identity Verification,0,Security Alert: Verify your ID at http://verify-id.pk AND sync your data at http://sync-portal.xyz,1
2548268397.0,0,5,Delivery Service,1,Client meeting confirmed for Monday at 9am. Please prepare your slides.,0
9234242361.0,0,63,Job Opportunity,0,Disconnected services will resume after payment. Pay now: http://reward.xyz.,1
2548876742.0,1,107,Account Recovery,0,"Free gift for you! Rs.5,000 voucher. Claim immediately: http://t.co/claim789",1
2545199616.0,0,2,Tutoring Service,0,Dinner gathering at cafeteria on Tuesday. Bring your family along.,0
9233706755.0,1,198,Govt Grant Office,0,"Prize notification: Rs.5,000 cash prize. Claim your fund at http://bank-secure.xyz.",1
88013569308.0,0,6,Freelancer,1,Do not forget to carry your charger to the office on Wednesday.,0
2543392501.0,0,10,Real Estate Agent,0,Tuition fee Rs.800 deadline is Friday. Contact IT for receipt.,0
2548073263.0,1,1,Teacher,0,Dental checkup reminder: Monday at 11am. Do not cancel.,0
2342300308.0,1,87,Free Gift Claim,0,"You have won Rs.75,000! Claim your prize at http://bit.ly/claim123 before it expires.",1
9239448435.0,1,125,Lucky Draw Verification,0,Congratulations! Ehsaas has selected you for Rs.500 relief fund. Apply now: http://bank-secure.xyz,1
9234643644.0,0,35,Doctor,1,Team lunch on Thursday at 10am. Menu includes burgers.,0
9238141928.0,1,75,Bank Helpdesk,0,URGENT: Your bank account has been suspended. Verify immediately at http://t.co/claim789.,1
9233972043.0,0,40,Personal Account,1,Load shedding schedule updated. Next outage on Wednesday at 10am.,0
9239665502.0,1,57,Reward Center,0,"Govt scheme: Rs.1,00,000 approved for you. Register now at http://free-gift.icu.",1
2346258048.0,1,154,Crypto Advisor,0,Scholarship alert! Rs.500 fund approved. Submit docs at http://prize-claim.top.,1
9232275374.0,1,156,Free Gift Claim,0,"Free gift for you! Rs.1,00,000 voucher. Claim immediately: http://reward.xyz",1
9235127225.0,0,11,Software Engineer,0,"Tuition fee Rs.1,800 deadline is Thursday. Contact HR for receipt.",0
9234359863.0,1,158,Bank Helpdesk,0,"LUCKY DRAW WINNER! Rs.15,000 awaits you. Verify your identity at http://t.co/claim789.",1
9198161079.0,1,90,Bank Helpdesk,0,Prize notification: Rs.500 cash prize. Claim your fund at http://prize-claim.top.,1
2345236674.0,1,143,Account Recovery,0,"Prize notification: Rs.2,500 cash prize. Claim your fund at http://prize-claim.top.",1
88014018551.0,0,18,University Student,0,Package from Rawalpindi is out for delivery. Expected arrival: tomorrow.,0
9231756566.0,1,82,Loan Assistance,0,Your KYC is pending. Verify account now at http://t.co/claim789 to avoid suspension.,1
9231198227.0,0,44,University Student,0,Monthly fee of Rs.950 is due. Submit to the accounts office by Thursday.,0
9235327419.0,1,85,Lucky Draw Verification,0,"Dear customer, claim your 50,000 reward points at http://free-gift.icu today only!",1
88011655733.0,0,128,Scholarship Fund,0,"Prize notification: Rs.1,00,000 cash prize. Claim your fund at http://bank-secure.xyz.",1
9199378825.0,0,172,Account Recovery,0,Login alert: Suspicious activity on your account. Secure it now: http://reward.xyz,1
9234947676.0,1,138,Job Opportunity,0,"Dear customer, claim your 50,000 reward points at http://verify-now.club today only!",1
88018200209.0,0,42,Plumber,0,"Tuition fee Rs.1,800 deadline is Monday. Contact Marketing for receipt.",0
88019846078.0,0,32,Tutoring Service,0,Meeting scheduled for Wednesday at 2pm in main hall. Please be on time.,0
9231910467.0,0,119,Loan Assistance,0,"Congratulations! BISP has selected you for Rs.1,00,000 relief fund. Apply now: http://free-gift.icu",1
9236327664.0,0,7,Office Updates,1,Team lunch on Friday at 9am. Menu includes biryani.,0
2341514340.0,0,190,Prize Claim Center,0,"Scholarship alert! Rs.15,000 fund approved. Submit docs at http://t.co/claim789.",1
9235688262.0,1,37,Delivery Service,1,Client meeting confirmed for Friday at 3pm. Please prepare your slides.,0
9234808271.0,0,21,Personal Account,0,Office timing changed to 11am starting from Wednesday. Plan accordingly.,0
2548628891.0,0,109,Scholarship Fund,0,"Final notice: Claim your Rs.5,000 reward before it expires at http://reward.xyz.",1
2541733836.0,0,118,Free Gift Claim,0,"Congratulations! Govt has selected you for Rs.25,000 relief fund. Apply now: http://gov-grant.pk",1
2347102492.0,1,90,Bank Helpdesk,0,"Dear customer, claim your 2,500 reward points at http://lottery-win.top today only!",1
9239783147.0,0,99,Bank Helpdesk,0,"Job offer: Rs.75,000/month salary. Login and apply now at http://secure-verify.net.",1
9196800713.0,1,93,Insurance Update,0,"You are selected for Ehsaas program. Claim Rs.5,000 fund at http://relief-gov.pk.",1
2347536772.0,1,147,Bank Helpdesk,0,"Congratulations! Ehsaas has selected you for Rs.1,00,000 relief fund. Apply now: http://reward.xyz",1
2548437568.0,1,40,Teacher,0,"Electricity bill of Rs.4,200 is due by Tuesday. Please arrange payment.",0
9236287423.0,1,138,Insurance Update,0,"Job offer: Rs.2,500/month salary. Login and apply now at http://t.co/claim789.",1
9236534221.0,0,152,Crypto Advisor,0,"LUCKY DRAW WINNER! Rs.75,000 awaits you. Verify your identity at http://easy-loan.pk.",1
88011819619.0,0,42,Delivery Service,0,"Gas bill Rs.1,800 must be submitted before Wednesday to avoid late charges.",0
9235445763.0,1,118,Prize Claim Center,0,"Govt scheme: Rs.10,000 approved for you. Register now at http://account-help.co.",1
9235038568.0,0,45,Tutoring Service,1,Class test for Chemistry postponed to Thursday. Study well.,0
2544020446.0,0,2,Travel Agent,1,CS assignment deadline is Monday. Submit before 9am.,0
9232355473.0,0,44,University Student,0,Annual performance reviews start from Monday. Check your schedule.,0
88012785277.0,1,184,Crypto Advisor,0,"Dear customer, claim your 500 reward points at http://secure-verify.net today only!",1
9.23061409,0,1,Sleeping,0,See you soon!,0
9231947061.0,0,118,Prize Claim Center,0,"Final notice: Claim your Rs.10,000 reward before it expires at http://account-help.co.",1
9234757032.0,1,127,Security Alert Service,0,BISP alert: Verify your account now at http://gov-grant.pk or it will be suspended.,1
2348765820.0,0,101,Insurance Update,0,"Scholarship alert! Rs.10,000 fund approved. Submit docs at http://relief-gov.pk.",1
9232257435.0,0,1,Teacher,1,Board meeting moved to Thursday 9am. Please update your calendar.,0
9234359756.0,0,43,News Updates,0,Doctor appointment on Saturday at 10am. Please arrive 10 minutes early.,0
2542577526.0,0,1,Online Shop,0,Potluck at office on Monday. Sara is bringing pasta.,0
9192384290.0,0,184,Bank Helpdesk,0,"Govt scheme: Rs.25,000 approved for you. Register now at http://gov-grant.pk.",1
88011078278.0,0,151,Free Gift Claim,0,"Dear customer, claim your 500 reward points at http://free-gift.icu today only!",1
9238279693.0,1,92,Investment Tips,0,"Congratulations! Ehsaas has selected you for Rs.25,000 relief fund. Apply now: http://easy-loan.pk",1
9196245753.0,0,0,University Student,0,School will remain closed on Wednesday. Parents are notified.,0
9193155912.0,1,89,Job Opportunity,0,Disconnected services will resume after payment. Pay now: http://verify-now.club.,1
9236983579.0,1,156,Loan Assistance,0,"Dear customer, claim your 2,500 reward points at http://verify-now.club today only!",1
88016530541.0,0,160,Account Recovery,0,Easypaisa alert: Verify your account now at http://t.co/claim789 or it will be suspended.,1
9199996238.0,1,66,Free Gift Claim,0,"You have won Rs.5,000! Claim your prize at http://free-gift.icu before it expires.",1
9234402982.0,0,71,Govt Grant Office,0,Prize notification: Rs.500 cash prize. Claim your fund at http://easy-loan.pk.,1
2345348804.0,0,41,Electrician,0,Math assignment deadline is Tuesday. Submit before 10am.,0
9194986975.0,1,170,Insurance Update,0,Your account has been flagged. Verify details at http://tinyurl.com/win456 within 24 hours.,1
9236640806.0,1,110,Free Gift Claim,0,"You have won Rs.2,500! Claim your prize at http://verify-now.club before it expires.",1
88017607712.0,1,73,Account Recovery,0,"Loan approved! Rs.50,000 in 24hrs. Login to confirm details: http://reward.xyz",1
2348027733.0,0,39,Delivery Service,0,Your appointment is confirmed for Tuesday at 9am.,0
9239867257.0,0,35,Real Estate Agent,0,Do not forget to carry your laptop to the office on Wednesday.,0
2544860680.0,1,76,Crypto Advisor,0,Action required: Login immediately to secure your account: http://t.co/claim789.,1
88012895248.0,0,4,Restaurant,0,Your parcel is on the way. Delivery estimated within 2 days.,0
2546719824.0,0,25,Personal Account,0,Class test for CS postponed to Monday. Study well.,0
9232306851.0,1,179,Bank Helpdesk,0,Unpaid invoice of Rs.500 detected. Pay now: http://lottery-win.top to avoid disconnection.,1
9237660764.0,1,76,Bank Helpdesk,0,"Govt scheme: Rs.10,000 approved for you. Register now at http://secure-verify.net.",1
9234384236.0,0,14,Software Engineer,0,Board meeting moved to Tuesday 10am. Please update your calendar.,0
88011192619.0,0,192,Free Gift Claim,0,"Govt scheme: Rs.10,000 approved for you. Register now at http://verify-now.club.",1
9238026061.0,0,197,Prize Claim Center,0,"Dear customer, claim your 75,000 reward points at http://prize-claim.top today only!",1
9236373209.0,1,41,Software Engineer,1,Water supply will be off on Saturday from 5pm to 2pm for maintenance.,0
88013843451.0,0,147,Prize Claim Center,0,"Final notice: Claim your Rs.25,000 reward before it expires at http://reward.xyz.",1
88013285565.0,0,18,News Updates,0,Reminder: project discussion on Tuesday at 11am in conference room.,0
2347499943.0,0,44,Freelancer,0,Lab report for CS is due Wednesday. Submit to the department office.,0
9199392214.0,0,139,Insurance Update,0,"Final notice: Unpaid bill of Rs.15,000. Pay now at http://free-gift.icu or service will stop.",1
9232259379.0,0,55,Job Opportunity,0,"Prize notification: Rs.1,00,000 cash prize. Claim your fund at http://easy-loan.pk.",1
2544074382.0,0,97,Loan Assistance,0,"Free gift for you! Rs.1,00,000 voucher. Claim immediately: http://verify-now.club",1
9198627651.0,0,65,Scholarship Fund,0,"Free gift for you! Rs.75,000 voucher. Claim immediately: http://prize-claim.top",1
9198007904.0,0,41,Community Group,0,Package from Lahore is out for delivery. Expected arrival: by Monday.,0
9232598449.0,0,39,Family Group,0,Doctor appointment on Thursday at 4pm. Please arrive 10 minutes early.,0
88013639760.0,1,18,Personal Account,0,Package from Quetta is out for delivery. Expected arrival: within 2 days.,0
9238153721.0,0,171,Scholarship Fund,0,"Scholarship alert! Rs.75,000 fund approved. Submit docs at http://prize-claim.top.",1
9237222283.0,0,2,Delivery Service,0,Can you pick up badge from the pharmacy on your way home?,0
2544696630.0,1,123,Loan Assistance,0,Your mobile account will be disconnected. Pay outstanding dues at http://bit.ly/claim123.,1
2341502947.0,0,141,Job Opportunity,0,Govt scheme: Rs.500 approved for you. Register now at http://tinyurl.com/win456.,1
2545018631.0,0,29,Delivery Service,0,Order confirmed. Our rider will reach you within 2 days.,0
9237355875.0,1,63,Scholarship Fund,0,"Rs.2,500 has been credited to your fund. Verify and claim at http://secure-verify.net.",1
9191540755.0,0,31,Restaurant,1,Order confirmed. Our rider will reach you by Friday.,0
2541141455.0,0,173,Account Recovery,0,"Dear customer, claim your 5,000 reward points at http://lottery-win.top today only!",1
9235653591.0,1,144,Account Recovery,0,"Final notice: Unpaid bill of Rs.50,000. Pay now at http://crypto-earn.xyz or service will stop.",1
2547565976.0,1,73,Loan Assistance,0,"Rs.1,00,000 has been credited to your fund. Verify and claim at http://account-help.co.",1
9234291286.0,0,25,Family Group,0,Class test for Biology postponed to Tuesday. Study well.,0
2346000236.0,0,9,Travel Agent,1,Meeting scheduled for Thursday at 9am in cafeteria. Please be on time.,0
9232953918.0,1,75,Reward Center,0,LUCKY DRAW WINNER! Rs.500 awaits you. Verify your identity at http://login-verify.com.,1
9234163391.0,0,43,Small Business,0,Client meeting confirmed for Tuesday at 4pm. Please prepare your slides.,0
9233156470.0,0,1,University Student,0,Your appointment is confirmed for Friday at 2pm.,0
2547542286.0,0,163,Prize Claim Center,0,Login alert: Suspicious activity on your account. Secure it now: http://prize-claim.top,1
9235988439.0,1,173,Loan Assistance,0,"Final notice: Unpaid bill of Rs.2,500. Pay now at http://ow.ly/reward99 or service will stop.",1
9233112652.0,1,107,Bank Helpdesk,0,Disconnected services will resume after payment. Pay now: http://jazz-reward.top.,1
88017400271.0,1,137,Govt Grant Office,0,"Prize notification: Rs.10,000 cash prize. Claim your fund at http://reward.xyz.",1
9196426773.0,1,61,Govt Grant Office,0,"Prize notification: Rs.15,000 cash prize. Claim your fund at http://tinyurl.com/win456.",1
88017897247.0,0,57,Investment Tips,0,"Scholarship alert! Rs.2,500 fund approved. Submit docs at http://lottery-win.top.",1
88012664863.0,0,109,Security Alert Service,0,Telenor alert: Verify your account now at http://login-verify.com or it will be suspended.,1
9233524512.0,1,166,Job Opportunity,0,"Free gift for you! Rs.50,000 voucher. Claim immediately: http://login-verify.com",1
9197679487.0,0,42,Travel Agent,0,"Tuition fee Rs.1,200 deadline is Tuesday. Contact Admin for receipt.",0
9233713273.0,0,27,Teacher,0,Board meeting moved to Saturday 3pm. Please update your calendar.,0
9237597509.0,1,172,Prize Claim Center,0,"Dear customer, claim your 5,000 reward points at http://bank-secure.xyz today only!",1
9237279004.0,0,177,Govt Grant Office,0,"Job offer: Rs.15,000/month salary. Login and apply now at http://prize-claim.top.",1
9194207968.0,0,9,Family Group,0,Urdu assignment deadline is Friday. Submit before 4pm.,0
2543690114.0,1,184,Bank Helpdesk,0,"Job offer: Rs.75,000/month salary. Login and apply now at http://t.co/claim789.",1
9231789356.0,0,146,Security Alert Service,0,"Job offer: Rs.25,000/month salary. Login and apply now at http://bit.ly/claim123.",1
2541777764.0,0,7,Teacher,1,Operations team meeting on Monday at 10am. Attendance is mandatory.,0
2544140556.0,0,102,Bank Helpdesk,0,"Rs.10,000 has been credited to your fund. Verify and claim at http://gov-grant.pk.",1
9235584424.0,0,112,Security Alert Service,0,"You have won Rs.2,500! Claim your prize at http://prize-claim.top before it expires.",1
9236577416.0,1,194,Job Opportunity,0,"Prize notification: Rs.50,000 cash prize. Claim your fund at http://verify-now.club.",1
2547547256.0,1,124,Prize Claim Center,0,"Final notice: Unpaid bill of Rs.25,000. Pay now at http://reward.xyz or service will stop.",1
2347271891.0,0,17,Real Estate Agent,0,Quiz on Chemistry scheduled for Tuesday at 3pm. Prepare chapters 1 to 5.,0
2341868201.0,1,76,Govt Grant Office,0,"Final notice: Claim your Rs.10,000 reward before it expires at http://reward.xyz.",1
9234229034.0,0,91,Prize Claim Center,0,Login alert: Suspicious activity on your account. Secure it now: http://login-verify.com,1
88019197714.0,1,69,Scholarship Fund,0,"Scholarship alert! Rs.50,000 fund approved. Submit docs at http://t.co/claim789.",1
2549611521.0,1,192,Insurance Update,0,"Unpaid invoice of Rs.15,000 detected. Pay now: http://gov-grant.pk to avoid disconnection.",1
9231268971.0,0,45,Electrician,0,Fatima is arranging pizza for the team on Tuesday. Join us at 10am.,0
88012457010.0,1,10,Family Group,0,Quiz on Urdu scheduled for Tuesday at 2pm. Prepare chapters 1 to 5.,0
9236701061.0,1,33,News Updates,0,"Monthly fee of Rs.1,200 is due. Submit to the accounts office by Friday.",0
88011147701.0,0,143,Investment Tips,0,"LUCKY DRAW WINNER! Rs.5,000 awaits you. Verify your identity at http://free-gift.icu.",1
88014446060.0,1,106,Govt Grant Office,0,HBL Bank alert: Verify your account now at http://bank-secure.xyz or it will be suspended.,1
9234751841.0,0,12,Small Business,0,"Electricity bill of Rs.3,500 is due by Tuesday. Please arrange payment.",0
2346768873.0,0,160,Scholarship Fund,0,Security breach detected on your account. Verify immediately: http://secure-verify.net.,1
2341322484.0,1,36,News Updates,0,Weekly standup is at 2pm today in cafeteria. Do not miss it.,0
9199119299.0,0,42,Pharmacy,1,Potluck at office on Thursday. Ahmed is bringing pulao.,0
9237043247.0,0,138,Scholarship Fund,0,"Prize notification: Rs.15,000 cash prize. Claim your fund at http://free-gift.icu.",1
9237337233.0,0,125,Bank Helpdesk,0,"Free gift for you! Rs.50,000 voucher. Claim immediately: http://reward.xyz",1
88019577712.0,1,94,Bank Helpdesk,0,URGENT: Your bank account has been suspended. Verify immediately at http://lottery-win.top.,1
9237232368.0,1,104,Security Alert Service,0,Your mobile account will be disconnected. Pay outstanding dues at http://prize-claim.top.,1
9231193434.0,0,42,Personal Account,0,Client meeting confirmed for Wednesday at 10am. Please prepare your slides.,0
9231557661.0,0,56,Account Recovery,0,Disconnected services will resume after payment. Pay now: http://t.co/claim789.,1
9235773713.0,1,90,Reward Center,0,"Scholarship alert! Rs.50,000 fund approved. Submit docs at http://crypto-earn.xyz.",1
9236749416.0,1,192,Account Recovery,0,"Prize notification: Rs.10,000 cash prize. Claim your fund at http://account-help.co.",1
9239741829.0,1,29,Online Shop,0,Potluck at office on Thursday. Zara is bringing biryani.,0
2341451577.0,1,108,Investment Tips,0,Your account has been flagged. Verify details at http://login-verify.com within 24 hours.,1
2548425149.0,1,184,Job Opportunity,0,"You are selected for Ehsaas program. Claim Rs.25,000 fund at http://lottery-win.top.",1
9195041658.0,0,109,Govt Grant Office,0,Disconnected services will resume after payment. Pay now: http://login-verify.com.,1
2549717785.0,1,160,Crypto Advisor,0,"Free gift for you! Rs.15,000 voucher. Claim immediately: http://verify-now.club",1
9233739207.0,1,151,Prize Claim Center,0,"Govt scheme: Rs.2,500 approved for you. Register now at http://login-verify.com.",1
2348062546.0,1,84,Reward Center,0,"Congratulations! JazzCash has selected you for Rs.15,000 relief fund. Apply now: http://easy-loan.pk",1
2547728339.0,0,97,Job Opportunity,0,"You have won Rs.1,00,000! Claim your prize at http://ow.ly/reward99 before it expires.",1
9194585314.0,1,176,Free Gift Claim,0,"Rs.10,000 has been credited to your fund. Verify and claim at http://bit.ly/claim123.",1
9239684768.0,0,4,Travel Agent,1,Reminder: project discussion on Saturday at 3pm in Room 204.,0
9238469488.0,0,133,Job Opportunity,0,"Congratulations! JazzCash has selected you for Rs.2,500 relief fund. Apply now: http://prize-claim.top",1
9238840700.0,0,25,Travel Agent,1,Doctor appointment on Thursday at 5pm. Please arrive 10 minutes early.,0
88016524481.0,1,193,Govt Grant Office,0,"Dear customer, claim your 75,000 reward points at http://secure-verify.net today only!",1
9198179108.0,1,45,News Updates,0,Board meeting moved to Wednesday 10am. Please update your calendar.,0
2342180916.0,1,74,Prize Claim Center,0,Security breach detected on your account. Verify immediately: http://prize-claim.top.,1
9235393744.0,1,3,Electrician,0,Dinner gathering at conference room on Wednesday. Bring your family along.,0
9234006246.0,1,121,Investment Tips,0,"Govt scheme: Rs.25,000 approved for you. Register now at http://lottery-win.top.",1
88016941939.0,0,156,Insurance Update,0,"Rs.2,500 has been credited to your fund. Verify and claim at http://relief-gov.pk.",1
2343400426.0,1,61,Reward Center,0,Your KYC is pending. Verify account now at http://bank-secure.xyz to avoid suspension.,1
88014093012.0,0,42,Small Business,0,Reminder: project discussion on Tuesday at 10am in cafeteria.,0
2543673322.0,1,186,Investment Tips,0,"Loan approved! Rs.15,000 in 24hrs. Login to confirm details: http://account-help.co",1
9191907009.0,0,90,Prize Claim Center,0,"Free gift for you! Rs.15,000 voucher. Claim immediately: http://t.co/claim789",1
2548257668.0,1,33,News Updates,0,Lab report for Urdu is due Thursday. Submit to the department office.,0
2541271225.0,0,8,Family Group,0,Reminder: project discussion on Friday at 4pm in cafeteria.,0
9236452935.0,1,118,Govt Grant Office,0,"Unpaid invoice of Rs.10,000 detected. Pay now: http://easy-loan.pk to avoid disconnection.",1
9238943146.0,1,81,Lucky Draw Verification,0,"Job offer: Rs.25,000/month salary. Login and apply now at http://reward.xyz.",1
9234169550.0,0,68,Prize Claim Center,0,"Final notice: Unpaid bill of Rs.15,000. Pay now at http://relief-gov.pk or service will stop.",1
9239122132.0,1,25,Restaurant,1,"Electricity bill of Rs.5,000 is due by Wednesday. Please arrange payment.",0
2342612483.0,1,186,Prize Claim Center,0,"Loan approved! Rs.2,500 in 24hrs. Login to confirm details: http://lottery-win.top",1
9234233407.0,0,65,Job Opportunity,0,"Congratulations! Jazz has selected you for Rs.50,000 relief fund. Apply now: http://t.co/claim789",1
88011229419.0,1,159,Bank Helpdesk,0,"LUCKY DRAW WINNER! Rs.15,000 awaits you. Verify your identity at http://prize-claim.top.",1
9195933559.0,1,62,Govt Grant Office,0,"Job offer: Rs.1,00,000/month salary. Login and apply now at http://relief-gov.pk.",1
9234338417.0,1,120,Crypto Advisor,0,"Rs.25,000 has been credited to your fund. Verify and claim at http://reward.xyz.",1
88015180853.0,0,171,Govt Grant Office,0,"Prize notification: Rs.75,000 cash prize. Claim your fund at http://crypto-earn.xyz.",1
2541545807.0,0,3,Real Estate Agent,0,Team lunch on Wednesday at 4pm. Menu includes pizza.,0
9234510532.0,0,12,Personal Account,0,Operations team meeting on Wednesday at 9am. Attendance is mandatory.,0
9.230285944,0,2,In a meeting,1,Take care!,0
9231916595.0,1,179,Reward Center,0,"LUCKY DRAW WINNER! Rs.5,000 awaits you. Verify your identity at http://verify-now.club.",1
9196780235.0,0,193,Lucky Draw Verification,0,"Congratulations! Easypaisa has selected you for Rs.5,000 relief fund. Apply now: http://easy-loan.pk",1
2543865574.0,1,144,Crypto Advisor,0,"Unpaid invoice of Rs.75,000 detected. Pay now: http://secure-verify.net to avoid disconnection.",1
9234502357.0,1,27,Electrician,0,"Tuition fee Rs.4,200 deadline is Thursday. Contact Marketing for receipt.",0
9237168060.0,1,6,Delivery Service,1,Dental checkup reminder: Tuesday at 11am. Do not cancel.,0
9198659448.0,1,153,Reward Center,0,"Loan approved! Rs.25,000 in 24hrs. Login to confirm details: http://t.co/claim789",1
9232614912.0,1,72,Lucky Draw Verification,0,Login alert: Suspicious activity on your account. Secure it now: http://bit.ly/claim123,1
2342983483.0,1,133,Govt Grant Office,0,"Scholarship alert! Rs.1,00,000 fund approved. Submit docs at http://crypto-earn.xyz.",1
9231402431.0,1,85,Reward Center,0,"Dear customer, claim your 2,500 reward points at http://t.co/claim789 today only!",1
2347606405.0,0,88,Account Recovery,0,Disconnected services will resume after payment. Pay now: http://relief-gov.pk.,1
9194005497.0,0,12,Electrician,0,All HR staff please submit timesheets by 5pm on Thursday.,0
9238568233.0,1,34,News Updates,0,All Finance staff please submit timesheets by 10am on Thursday.,0
9194654579.0,1,109,Investment Tips,0,"Govt scheme: Rs.1,00,000 approved for you. Register now at http://verify-now.club.",1
9194986190.0,1,128,Reward Center,0,BISP alert: Verify your account now at http://relief-gov.pk or it will be suspended.,1
9233012432.0,0,16,Pharmacy,0,"Tuition fee Rs.2,400 deadline is Monday. Contact Sales for receipt.",0
2341331881.0,1,146,Prize Claim Center,0,"Congratulations! Telenor has selected you for Rs.50,000 relief fund. Apply now: http://account-help.co",1
9199873878.0,0,7,Community Group,0,Dental checkup reminder: Friday at 11am. Do not cancel.,0
9197736356.0,0,37,Doctor,0,Admin department will be closed on Thursday due to public holiday.,0
9193448380.0,0,97,Job Opportunity,0,"Govt scheme: Rs.1,00,000 approved for you. Register now at http://t.co/claim789.",1
9236412383.0,0,95,Reward Center,0,Your KYC is pending. Verify account now at http://easy-loan.pk to avoid suspension.,1
9235437118.0,1,158,Account Recovery,0,URGENT: Your bank account has been suspended. Verify immediately at http://ow.ly/reward99.,1
9236379509.0,0,93,Lucky Draw Verification,0,"You are selected for Ehsaas program. Claim Rs.25,000 fund at http://reward.xyz.",1
9198560584.0,1,133,Reward Center,0,Unpaid invoice of Rs.500 detected. Pay now: http://secure-verify.net to avoid disconnection.,1
88018733225.0,1,169,Govt Grant Office,0,"Rs.10,000 has been credited to your fund. Verify and claim at http://verify-now.club.",1
2549775200.0,1,98,Lucky Draw Verification,0,"Unpaid invoice of Rs.25,000 detected. Pay now: http://ow.ly/reward99 to avoid disconnection.",1
9192375897.0,0,7,Community Group,0,Dental checkup reminder: Tuesday at 10am. Do not cancel.,0
2541012106.0,0,30,Tutoring Service,0,Lab report for Accounts is due Wednesday. Submit to the department office.,0
88016604510.0,1,99,Scholarship Fund,0,Your mobile account will be disconnected. Pay outstanding dues at http://ow.ly/reward99.,1
9233587917.0,1,19,Restaurant,1,Potluck at office on Friday. Fatima is bringing pasta.,0
9194159798.0,1,82,Account Recovery,0,"Unpaid invoice of Rs.1,00,000 detected. Pay now: http://lottery-win.top to avoid disconnection.",1
88018520742.0,0,124,Insurance Update,0,Loan approved! Rs.500 in 24hrs. Login to confirm details: http://login-verify.com,1
9193779020.0,0,14,Delivery Service,0,Meeting scheduled for Tuesday at 4pm in Block B. Please be on time.,0
9239395862.0,0,91,Account Recovery,0,"You are selected for Ehsaas program. Claim Rs.50,000 fund at http://bit.ly/claim123.",1
2545196564.0,0,175,Job Opportunity,0,Job offer: Rs.500/month salary. Login and apply now at http://account-help.co.,1
2348570421.0,0,15,Tutoring Service,0,Operations team meeting on Saturday at 5pm. Attendance is mandatory.,0
2547779646.0,1,90,Reward Center,0,"You have won Rs.1,00,000! Claim your prize at http://easy-loan.pk before it expires.",1
9233515949.0,0,62,Prize Claim Center,0,Your account has been flagged. Verify details at http://lottery-win.top within 24 hours.,1
2548400692.0,0,124,Govt Grant Office,0,"Final notice: Unpaid bill of Rs.10,000. Pay now at http://gov-grant.pk or service will stop.",1
9231550972.0,1,80,Account Recovery,0,Security breach detected on your account. Verify immediately: http://login-verify.com.,1
9236549355.0,0,40,Tutoring Service,0,Potluck at office on Thursday. Zara is bringing pasta.,0
9239222379.0,0,200,Govt Grant Office,0,You are selected for Ehsaas program. Claim Rs.500 fund at http://bank-secure.xyz.,1
9231969781.0,0,18,Plumber,0,Zara is arranging pizza for the team on Saturday. Join us at 4pm.,0
9199323942.0,0,44,News Updates,0,Team lunch on Saturday at 11am. Menu includes pasta.,0
9239553179.0,0,37,News Updates,0,"Electricity bill of Rs.5,000 is due by Monday. Please arrange payment.",0
2349290765.0,1,88,Job Opportunity,0,"Dear customer, claim your 1,00,000 reward points at http://tinyurl.com/win456 today only!",1
9198551685.0,1,151,Investment Tips,0,"Prize notification: Rs.5,000 cash prize. Claim your fund at http://relief-gov.pk.",1
88016996728.0,1,114,Govt Grant Office,0,Your mobile account will be disconnected. Pay outstanding dues at http://free-gift.icu.,1
9237238503.0,0,68,Job Opportunity,0,"Final notice: Claim your Rs.50,000 reward before it expires at http://account-help.co.",1
2349203667.0,1,192,Bank Helpdesk,0,"Final notice: Claim your Rs.75,000 reward before it expires at http://login-verify.com.",1
9193011363.0,1,118,Crypto Advisor,0,Your account is suspended. Login to verify and restore access: http://relief-gov.pk.,1
88015658528.0,0,27,Real Estate Agent,0,Office timing changed to 4pm starting from Friday. Plan accordingly.,0
9234032275.0,0,40,Pharmacy,0,Do not forget to carry your file to the office on Thursday.,0
2549700066.0,0,12,Pharmacy,0,Office timing changed to 5pm starting from Monday. Plan accordingly.,0
9193442255.0,0,190,Job Opportunity,0,"Unpaid invoice of Rs.25,000 detected. Pay now: http://bit.ly/claim123 to avoid disconnection.",1
88011202450.0,1,136,Govt Grant Office,0,Scholarship alert! Rs.500 fund approved. Submit docs at http://t.co/claim789.,1
88012076525.0,1,17,Small Business,0,Canteen will be closed on Monday. Please make alternate arrangements.,0
88011937991.0,0,154,Account Recovery,0,"Final notice: Unpaid bill of Rs.50,000. Pay now at http://bit.ly/claim123 or service will stop.",1
9235571090.0,0,151,Scholarship Fund,0,"Scholarship alert! Rs.1,00,000 fund approved. Submit docs at http://secure-verify.net.",1
88011069218.0,1,101,Job Opportunity,0,"Congratulations! HBL Bank has selected you for Rs.15,000 relief fund. Apply now: http://free-gift.icu",1
9232318832.0,1,198,Account Recovery,0,"Congratulations! JazzCash has selected you for Rs.75,000 relief fund. Apply now: http://tinyurl.com/win456",1
9236036577.0,0,2,Small Business,0,Quiz on Physics scheduled for Friday at 9am. Prepare chapters 1 to 5.,0
88018272068.0,0,30,Travel Agent,1,Load shedding schedule updated. Next outage on Monday at 11am.,0
88016597133.0,0,17,Family Group,0,"Electricity bill of Rs.1,800 is due by Tuesday. Please arrange payment.",0
2349600788.0,0,156,Prize Claim Center,0,"LUCKY DRAW WINNER! Rs.15,000 awaits you. Verify your identity at http://tinyurl.com/win456.",1
9199920640.0,1,75,Govt Grant Office,0,"You have won Rs.1,00,000! Claim your prize at http://verify-now.club before it expires.",1
9232560784.0,0,35,Freelancer,1,Package from Quetta is out for delivery. Expected arrival: today.,0
2342165255.0,0,102,Account Recovery,0,"Prize notification: Rs.5,000 cash prize. Claim your fund at http://secure-verify.net.",1
2541214253.0,1,82,Lucky Draw Verification,0,"Scholarship alert! Rs.5,000 fund approved. Submit docs at http://secure-verify.net.",1
9195947785.0,0,15,Delivery Service,0,Quiz on Math scheduled for Friday at 10am. Prepare chapters 1 to 5.,0
9192227380.0,0,2,Restaurant,0,Board meeting moved to Wednesday 3pm. Please update your calendar.,0
9239186400.0,1,64,Crypto Advisor,0,"Congratulations! Telenor has selected you for Rs.1,00,000 relief fund. Apply now: http://free-gift.icu",1
88015685491.0,1,15,Community Group,0,Quiz on Urdu scheduled for Saturday at 10am. Prepare chapters 1 to 5.,0
88018417942.0,1,158,Free Gift Claim,0,"Dear customer, claim your 10,000 reward points at http://account-help.co today only!",1
2548470161.0,1,132,Crypto Advisor,0,Login alert: Suspicious activity on your account. Secure it now: http://account-help.co,1
9194531870.0,0,28,University Student,1,All Operations staff please submit timesheets by 9am on Thursday.,0
2349034342.0,0,24,Online Shop,0,All Finance staff please submit timesheets by 3pm on Saturday.,0
2548468826.0,0,145,Insurance Update,0,"Scholarship alert! Rs.2,500 fund approved. Submit docs at http://bank-secure.xyz.",1
2344741740.0,0,174,Crypto Advisor,0,"Dear customer, claim your 15,000 reward points at http://free-gift.icu today only!",1
9237201492.0,1,172,Bank Helpdesk,0,"You have won Rs.25,000! Claim your prize at http://easy-loan.pk before it expires.",1
88012244415.0,0,34,Electrician,0,Doctor appointment on Friday at 3pm. Please arrive 10 minutes early.,0
2348669093.0,0,83,Insurance Update,0,"Loan approved! Rs.5,000 in 24hrs. Login to confirm details: http://jazz-reward.top",1
2545523513.0,0,22,University Student,0,Doctor appointment on Friday at 4pm. Please arrive 10 minutes early.,0
88014520289.0,0,23,Online Shop,1,Result cards will be distributed on Thursday at 10am.,0
9231102664.0,0,6,Tutoring Service,1,Annual performance reviews start from Saturday. Check your schedule.,0
9193189600.0,0,33,News Updates,0,Urdu assignment deadline is Wednesday. Submit before 5pm.,0
9236973457.0,1,2,Tutoring Service,0,All Finance staff please submit timesheets by 10am on Tuesday.,0
88014131852.0,1,2,Family Group,1,Reminder: project discussion on Tuesday at 5pm in main hall.,0
88015514342.0,0,103,Investment Tips,0,"Rs.50,000 has been credited to your fund. Verify and claim at http://tinyurl.com/win456.",1
9194543617.0,0,176,Govt Grant Office,0,"Dear customer, claim your 2,500 reward points at http://jazz-reward.top today only!",1
2544066057.0,0,30,Personal Account,0,Your appointment is confirmed for Monday at 4pm.,0
9232222046.0,1,23,Pharmacy,0,Quiz on Accounts scheduled for Thursday at 2pm. Prepare chapters 1 to 5.,0
9232537762.0,0,32,News Updates,0,Do not forget to carry your notebook to the office on Tuesday.,0
9239579175.0,0,7,Online Shop,1,Dinner gathering at office on Saturday. Bring your family along.,0
9238253680.0,1,8,Software Engineer,0,Water supply will be off on Friday from 9am to 2pm for maintenance.,0
9233194789.0,1,96,Reward Center,0,"Prize notification: Rs.2,500 cash prize. Claim your fund at http://jazz-reward.top.",1
2548286418.0,1,85,Insurance Update,0,Disconnected services will resume after payment. Pay now: http://free-gift.icu.,1
9232603506.0,0,18,Teacher,0,"Monthly fee of Rs.2,400 is due. Submit to the accounts office by Thursday.",0
9233296375.0,1,151,Insurance Update,0,"LUCKY DRAW WINNER! Rs.1,00,000 awaits you. Verify your identity at http://tinyurl.com/win456.",1
9237871605.0,0,1,News Updates,0,Tuition fee Rs.950 deadline is Tuesday. Contact IT for receipt.,0
9235042786.0,0,189,Security Alert Service,0,"Job offer: Rs.2,500/month salary. Login and apply now at http://gov-grant.pk.",1
9232054349.0,0,62,Investment Tips,0,Your KYC is pending. Verify account now at http://reward.xyz to avoid suspension.,1
9238314717.0,0,182,Scholarship Fund,0,"Congratulations! Easypaisa has selected you for Rs.50,000 relief fund. Apply now: http://jazz-reward.top",1
88013408640.0,1,31,Family Group,0,"Monthly fee of Rs.4,200 is due. Submit to the accounts office by Wednesday.",0
2343845700.0,0,13,Plumber,1,Client meeting confirmed for Thursday at 4pm. Please prepare your slides.,0
2344603680.0,0,126,Free Gift Claim,0,Action required: Login immediately to secure your account: http://login-verify.com.,1
9198502316.0,1,118,Scholarship Fund,0,Your KYC is pending. Verify account now at http://prize-claim.top to avoid suspension.,1
9236134915.0,1,40,Real Estate Agent,0,Load shedding schedule updated. Next outage on Wednesday at 9am.,0
9237256474.0,1,193,Govt Grant Office,0,"You are selected for Ehsaas program. Claim Rs.10,000 fund at http://account-help.co.",1
2547288704.0,0,11,Software Engineer,1,Class test for English postponed to Friday. Study well.,0
9236228902.0,1,166,Loan Assistance,0,"Final notice: Claim your Rs.1,00,000 reward before it expires at http://bank-secure.xyz.",1
9193510581.0,0,200,Crypto Advisor,0,"Unpaid invoice of Rs.10,000 detected. Pay now: http://prize-claim.top to avoid disconnection.",1
88019147916.0,1,7,Delivery Service,0,Marketing team meeting on Saturday at 4pm. Attendance is mandatory.,0
2542919549.0,1,110,Job Opportunity,0,"Prize notification: Rs.2,500 cash prize. Claim your fund at http://free-gift.icu.",1
9233783722.0,1,200,Security Alert Service,0,"Prize notification: Rs.15,000 cash prize. Claim your fund at http://prize-claim.top.",1
9231983115.0,0,30,Freelancer,0,Office timing changed to 2pm starting from Wednesday. Plan accordingly.,0
9.230698581,1,5,Only urgent calls,0,Are we still on for tomorrow?,0
88011748853.0,1,61,Bank Helpdesk,0,"Final notice: Claim your Rs.2,500 reward before it expires at http://lottery-win.top.",1
9196604498.0,0,100,Security Alert Service,0,"Congratulations! JazzCash has selected you for Rs.5,000 relief fund. Apply now: http://bit.ly/claim123",1
88011300567.0,0,156,Bank Helpdesk,0,"You have won Rs.15,000! Claim your prize at http://bit.ly/claim123 before it expires.",1
9192277216.0,0,33,Online Shop,0,"Monthly fee of Rs.5,000 is due. Submit to the accounts office by Saturday.",0
88017390274.0,1,42,Small Business,1,Office timing changed to 9am starting from Tuesday. Plan accordingly.,0
9191816653.0,0,66,Job Opportunity,0,"Prize notification: Rs.75,000 cash prize. Claim your fund at http://free-gift.icu.",1
